Transaction_ID,Transaction_Date,Transaction_Amount,Fraud_Probability,Risk_Score,Fraud_Prediction,Risk_Level,Prediction_Label
T100000,2023-10-04 07:45:00,37.54,0.076608,7.66,0,Low,Legitimate
T100001,2023-09-26 08:29:00,240.81,0.074782,7.48,0,Low,Legitimate
T100002,2023-07-18 15:54:00,105.34,0.071892,7.19,0,Low,Legitimate
T100003,2023-10-16 17:10:00,73.04,0.071892,7.19,0,Low,Legitimate
T100004,2023-09-09 00:46:00,13.57,0.682275,68.23,0,Medium,Legitimate
T100005,2024-01-14 03:15:00,13.57,0.689285,68.93,0,Medium,Legitimate
T100006,2023-02-09 08:56:00,4.79,0.076608,7.66,0,Low,Legitimate
T100007,2023-03-26 13:12:00,160.9,0.072677,7.27,0,Low,Legitimate
T100008,2023-03-06 20:09:00,73.53,0.073653,7.37,0,Low,Legitimate
T100009,2023-06-27 12:06:00,98.5,0.071892,7.19,0,Low,Legitimate
T100010,2023-02-09 22:45:00,1.66,0.073653,7.37,0,Low,Legitimate
T100011,2023-07-25 18:45:00,280.28,0.071892,7.19,0,Low,Legitimate
T100012,2023-01-02 04:32:00,142.91,0.709082,70.91,1,High,Fraud
T100013,2023-04-20 21:27:00,19.1,0.071892,7.19,0,Low,Legitimate
T100014,2023-07-24 10:27:00,16.05,0.071892,7.19,0,Low,Legitimate
T100015,2023-08-14 12:04:00,16.21,0.071892,7.19,0,Low,Legitimate
T100016,2024-01-20 05:58:00,29.02,0.687022,68.7,0,Medium,Legitimate
T100017,2023-07-01 12:06:00,59.51,0.073653,7.37,0,Low,Legitimate
T100018,2023-07-30 09:36:00,45.24,0.071892,7.19,0,Low,Legitimate
T100019,2023-12-06 15:34:00,27.54,0.73111,73.11,1,High,Fraud
T100020,2023-08-25 19:33:00,75.71,0.071892,7.19,0,Low,Legitimate
T100021,2023-01-03 07:09:00,12.02,0.07738,7.74,0,Low,Legitimate
T100022,2023-02-05 11:58:00,27.64,0.073653,7.37,0,Low,Legitimate
T100023,2023-09-21 18:00:00,36.5,0.071892,7.19,0,Low,Legitimate
T100024,2023-08-12 04:50:00,48.71,0.696531,69.65,1,High,Fraud
T100025,2023-11-08 02:26:00,123.03,0.683014,68.3,0,Medium,Legitimate
T100026,2023-02-24 09:47:00,17.82,0.071892,7.19,0,Low,Legitimate
T100027,2023-11-11 19:01:00,57.76,0.073692,7.37,0,Low,Legitimate
T100028,2023-07-23 02:04:00,71.8,0.697904,69.79,1,High,Fraud
T100029,2023-05-19 15:59:00,3.81,0.071892,7.19,0,Low,Legitimate
T100030,2023-01-18 12:48:00,74.83,0.071892,7.19,0,Low,Legitimate
T100031,2024-01-31 03:23:00,14.96,0.695028,69.5,1,High,Fraud
T100032,2023-10-11 01:37:00,5.38,0.780872,78.09,1,High,Fraud
T100033,2023-12-04 17:57:00,237.9,0.073653,7.37,0,Low,Legitimate
T100034,2023-10-20 22:48:00,269.65,0.071892,7.19,0,Low,Legitimate
T100035,2023-03-17 09:52:00,132.19,0.071892,7.19,0,Low,Legitimate
T100036,2023-07-31 16:19:00,29.06,0.071892,7.19,0,Low,Legitimate
T100037,2023-04-01 07:08:00,8.22,0.076608,7.66,0,Low,Legitimate
T100038,2024-01-23 20:25:00,92.22,0.071892,7.19,0,Low,Legitimate
T100039,2023-11-15 13:59:00,46.41,0.071892,7.19,0,Low,Legitimate
T100040,2023-05-20 06:51:00,10.41,0.696361,69.64,1,High,Fraud
T100041,2023-07-09 03:30:00,54.68,0.706028,70.6,1,High,Fraud
T100042,2023-02-14 13:13:00,2.8,0.071892,7.19,0,Low,Legitimate
T100043,2023-11-28 15:15:00,192.03,0.071892,7.19,0,Low,Legitimate
T100044,2024-02-01 09:14:00,23.96,0.073653,7.37,0,Low,Legitimate
T100045,2023-09-05 19:28:00,86.9,0.073653,7.37,0,Low,Legitimate
T100046,2023-08-25 11:16:00,29.88,0.071892,7.19,0,Low,Legitimate
T100047,2024-02-20 11:11:00,58.73,0.071892,7.19,0,Low,Legitimate
T100048,2023-08-26 14:51:00,63.3,0.071892,7.19,0,Low,Legitimate
T100049,2023-09-18 19:18:00,16.35,0.071892,7.19,0,Low,Legitimate
T100050,2023-06-19 13:21:00,279.42,0.071892,7.19,0,Low,Legitimate
T100051,2023-04-17 07:52:00,119.38,0.074782,7.48,0,Low,Legitimate
T100052,2023-02-26 13:39:00,224.41,0.072677,7.27,0,Low,Legitimate
T100053,2023-11-13 01:08:00,180.17,0.693965,69.4,1,High,Fraud
T100054,2023-12-26 23:27:00,72.88,0.071892,7.19,0,Low,Legitimate
T100055,2024-01-22 12:52:00,203.95,0.821152,82.12,1,High,Fraud
T100056,2023-09-13 20:55:00,7.41,0.072896,7.29,0,Low,Legitimate
T100057,2023-11-15 17:01:00,17.45,0.071892,7.19,0,Low,Legitimate
T100058,2023-04-02 13:38:00,3.7,0.073653,7.37,0,Low,Legitimate
T100059,2023-12-20 15:31:00,31.48,0.071892,7.19,0,Low,Legitimate
T100060,2023-09-15 21:56:00,39.37,0.071892,7.19,0,Low,Legitimate
T100061,2023-01-24 00:12:00,25.32,0.701239,70.12,1,High,Fraud
T100062,2023-11-03 06:55:00,141.16,0.085426,8.54,0,Low,Legitimate
T100063,2023-04-05 16:54:00,35.3,0.074456,7.45,0,Low,Legitimate
T100064,2023-10-18 08:06:00,26.38,0.074782,7.48,0,Low,Legitimate
T100065,2023-03-15 20:47:00,62.59,0.072677,7.27,0,Low,Legitimate
T100066,2023-09-09 16:36:00,12.15,0.073653,7.37,0,Low,Legitimate
T100067,2023-03-18 08:53:00,129.64,0.074782,7.48,0,Low,Legitimate
T100068,2023-04-25 10:57:00,6.2,0.710257,71.03,1,High,Fraud
T100069,2023-08-02 03:27:00,346.73,0.722609,72.26,1,High,Fraud
T100070,2023-12-04 14:21:00,118.36,0.073653,7.37,0,Low,Legitimate
T100071,2023-06-11 14:22:00,17.72,0.072896,7.29,0,Low,Legitimate
T100072,2023-08-31 22:22:00,0.44,0.071892,7.19,0,Low,Legitimate
T100073,2023-08-08 04:50:00,135.19,0.707383,70.74,1,High,Fraud
T100074,2023-05-25 23:41:00,98.17,0.071892,7.19,0,Low,Legitimate
T100075,2023-12-21 08:54:00,104.45,0.075537,7.55,0,Low,Legitimate
T100076,2024-02-17 20:42:00,118.02,0.071892,7.19,0,Low,Legitimate
T100077,2023-08-11 04:49:00,6.15,0.633292,63.33,0,Medium,Legitimate
T100078,2023-09-14 23:55:00,35.51,0.071892,7.19,0,Low,Legitimate
T100079,2023-10-26 18:15:00,9.85,0.071892,7.19,0,Low,Legitimate
T100080,2023-01-13 03:23:00,159.08,0.652104,65.21,0,Medium,Legitimate
T100081,2023-02-09 10:27:00,78.1,0.074456,7.45,0,Low,Legitimate
T100082,2024-02-07 09:51:00,32.15,0.074456,7.45,0,Low,Legitimate
T100083,2023-11-05 08:49:00,5.25,0.817166,81.72,1,High,Fraud
T100084,2023-01-29 21:17:00,29.8,0.071892,7.19,0,Low,Legitimate
T100085,2023-09-09 13:55:00,31.47,0.073653,7.37,0,Low,Legitimate
T100086,2023-02-25 19:33:00,104.63,0.071892,7.19,0,Low,Legitimate
T100087,2023-03-02 18:46:00,81.19,0.806256,80.63,1,High,Fraud
T100088,2024-01-24 00:05:00,174.58,0.826961,82.7,1,High,Fraud
T100089,2023-06-16 08:07:00,51.13,0.074782,7.48,0,Low,Legitimate
T100090,2023-10-11 18:48:00,10.19,0.072896,7.29,0,Low,Legitimate
T100091,2023-03-26 22:06:00,99.93,0.781704,78.17,1,High,Fraud
T100092,2023-05-18 22:53:00,114.43,0.071892,7.19,0,Low,Legitimate
T100093,2023-04-24 01:43:00,65.91,0.68281,68.28,0,Medium,Legitimate
T100094,2023-09-28 06:34:00,117.91,0.718868,71.89,1,High,Fraud
T100095,2023-06-09 08:48:00,54.47,0.711346,71.13,1,High,Fraud
T100096,2023-06-19 06:45:00,59.17,0.086897,8.69,0,Low,Legitimate
T100097,2023-10-27 02:52:00,44.63,0.635878,63.59,0,Medium,Legitimate
T100098,2024-01-21 05:46:00,2.06,0.658166,65.82,0,Medium,Legitimate
T100099,2023-07-15 22:54:00,9.13,0.071892,7.19,0,Low,Legitimate
T100100,2023-05-03 11:18:00,2.55,0.073653,7.37,0,Low,Legitimate
T100101,2023-03-23 08:47:00,80.94,0.075537,7.55,0,Low,Legitimate
T100102,2023-03-16 20:08:00,30.19,0.071892,7.19,0,Low,Legitimate
T100103,2023-04-12 20:40:00,56.83,0.072896,7.29,0,Low,Legitimate
T100104,2024-02-11 11:14:00,190.5,0.072896,7.29,0,Low,Legitimate
T100105,2023-03-24 02:13:00,22.94,0.67036,67.04,0,Medium,Legitimate
T100106,2023-08-01 15:23:00,42.26,0.074456,7.45,0,Low,Legitimate
T100107,2023-06-30 03:33:00,112.7,0.656666,65.67,0,Medium,Legitimate
T100108,2023-11-26 02:23:00,20.78,0.683087,68.31,0,Medium,Legitimate
T100109,2023-12-27 06:53:00,6.41,0.085225,8.52,0,Low,Legitimate
T100110,2024-02-14 08:48:00,27.37,0.075597,7.56,0,Low,Legitimate
T100111,2024-02-21 04:08:00,14.06,0.665134,66.51,0,Medium,Legitimate
T100112,2023-08-10 10:57:00,212.4,0.073653,7.37,0,Low,Legitimate
T100113,2023-08-31 02:43:00,132.07,0.714447,71.44,1,High,Fraud
T100114,2023-12-26 11:38:00,80.28,0.071892,7.19,0,Low,Legitimate
T100115,2023-09-24 00:09:00,164.12,0.696708,69.67,1,High,Fraud
T100116,2023-06-18 04:34:00,130.24,0.704695,70.47,1,High,Fraud
T100117,2024-01-28 04:56:00,16.52,0.683471,68.35,0,Medium,Legitimate
T100118,2023-07-17 13:56:00,178.47,0.071892,7.19,0,Low,Legitimate
T100119,2023-05-16 11:23:00,62.01,0.071892,7.19,0,Low,Legitimate
T100120,2023-07-09 18:48:00,131.79,0.073653,7.37,0,Low,Legitimate
T100121,2023-07-04 13:41:00,181.14,0.073653,7.37,0,Low,Legitimate
T100122,2023-10-19 20:05:00,30.62,0.071892,7.19,0,Low,Legitimate
T100123,2023-10-13 04:56:00,9.33,0.661221,66.12,0,Medium,Legitimate
T100124,2023-11-14 10:41:00,20.69,0.071892,7.19,0,Low,Legitimate
T100125,2023-06-19 17:23:00,44.56,0.071892,7.19,0,Low,Legitimate
T100126,2023-05-05 02:58:00,136.31,0.678272,67.83,0,Medium,Legitimate
T100127,2023-03-25 15:32:00,157.71,0.071892,7.19,0,Low,Legitimate
T100128,2023-12-15 23:14:00,0.56,0.071892,7.19,0,Low,Legitimate
T100129,2023-02-04 21:50:00,57.19,0.073653,7.37,0,Low,Legitimate
T100130,2023-09-22 20:59:00,43.22,0.071892,7.19,0,Low,Legitimate
T100131,2023-11-26 08:03:00,20.09,0.074782,7.48,0,Low,Legitimate
T100132,2024-01-09 19:08:00,10.21,0.073653,7.37,0,Low,Legitimate
T100133,2023-03-08 20:01:00,32.95,0.073653,7.37,0,Low,Legitimate
T100134,2023-09-10 11:10:00,229.05,0.074456,7.45,0,Low,Legitimate
T100135,2023-02-28 00:53:00,31.23,0.693179,69.32,1,High,Fraud
T100136,2023-11-23 06:56:00,58.52,0.723312,72.33,1,High,Fraud
T100137,2023-06-16 00:02:00,97.13,0.654688,65.47,0,Medium,Legitimate
T100138,2023-01-11 18:28:00,36.16,0.722354,72.24,1,High,Fraud
T100139,2023-01-22 18:03:00,285.42,0.828247,82.82,1,High,Fraud
T100140,2024-01-31 11:21:00,262.56,0.071892,7.19,0,Low,Legitimate
T100141,2023-06-08 05:21:00,23.2,0.695848,69.58,1,High,Fraud
T100142,2023-09-23 19:24:00,55.01,0.071892,7.19,0,Low,Legitimate
T100143,2023-02-14 01:22:00,28.63,0.691703,69.17,1,High,Fraud
T100144,2023-02-08 07:54:00,26.82,0.076608,7.66,0,Low,Legitimate
T100145,2024-01-29 10:47:00,3.01,0.677792,67.78,0,Medium,Legitimate
T100146,2023-10-23 13:50:00,75.24,0.072677,7.27,0,Low,Legitimate
T100147,2023-10-09 17:52:00,55.88,0.073653,7.37,0,Low,Legitimate
T100148,2023-12-31 03:06:00,4.23,0.678046,67.8,0,Medium,Legitimate
T100149,2023-01-15 11:37:00,26.13,0.712628,71.26,1,High,Fraud
T100150,2023-10-20 15:27:00,191.11,0.071892,7.19,0,Low,Legitimate
T100151,2023-10-31 16:26:00,21.91,0.072677,7.27,0,Low,Legitimate
T100152,2023-01-04 09:48:00,12.52,0.073653,7.37,0,Low,Legitimate
T100153,2023-11-16 09:00:00,53.78,0.071892,7.19,0,Low,Legitimate
T100154,2023-06-11 13:25:00,339.52,0.726419,72.64,1,High,Fraud
T100155,2023-07-09 17:36:00,22.17,0.073653,7.37,0,Low,Legitimate
T100156,2023-07-29 13:16:00,89.21,0.071892,7.19,0,Low,Legitimate
T100157,2023-01-23 13:06:00,114.71,0.071892,7.19,0,Low,Legitimate
T100158,2023-08-16 13:36:00,21.71,0.071892,7.19,0,Low,Legitimate
T100159,2023-02-16 22:05:00,104.22,0.071892,7.19,0,Low,Legitimate
T100160,2023-06-23 15:00:00,36.68,0.071892,7.19,0,Low,Legitimate
T100161,2023-04-29 09:04:00,80.04,0.071892,7.19,0,Low,Legitimate
T100162,2024-02-01 19:28:00,80.31,0.794934,79.49,1,High,Fraud
T100163,2023-12-15 04:06:00,61.39,0.654122,65.41,0,Medium,Legitimate
T100164,2023-10-06 21:56:00,7.57,0.073653,7.37,0,Low,Legitimate
T100165,2023-07-04 10:17:00,144.29,0.7376,73.76,1,High,Fraud
T100166,2024-02-02 12:47:00,30.94,0.701896,70.19,1,High,Fraud
T100167,2023-08-15 16:37:00,16.51,0.071892,7.19,0,Low,Legitimate
T100168,2023-10-04 03:02:00,3.33,0.65164,65.16,0,Medium,Legitimate
T100169,2023-02-15 13:18:00,71.5,0.071892,7.19,0,Low,Legitimate
T100170,2023-09-21 21:20:00,90.55,0.071892,7.19,0,Low,Legitimate
T100171,2023-01-20 12:10:00,1.34,0.072677,7.27,0,Low,Legitimate
T100172,2023-10-02 11:15:00,57.41,0.073653,7.37,0,Low,Legitimate
T100173,2023-04-30 00:35:00,20.55,0.701907,70.19,1,High,Fraud
T100174,2023-10-12 21:01:00,82.89,0.072896,7.29,0,Low,Legitimate
T100175,2023-05-07 16:01:00,15.33,0.073653,7.37,0,Low,Legitimate
T100176,2023-09-02 21:45:00,93.94,0.073653,7.37,0,Low,Legitimate
T100177,2023-07-17 10:48:00,39.12,0.071892,7.19,0,Low,Legitimate
T100178,2023-01-09 10:11:00,220.83,0.073653,7.37,0,Low,Legitimate
T100179,2023-11-12 10:58:00,11.84,0.072896,7.29,0,Low,Legitimate
T100180,2023-09-01 03:57:00,33.37,0.683707,68.37,0,Medium,Legitimate
T100181,2023-06-03 13:46:00,9.64,0.073653,7.37,0,Low,Legitimate
T100182,2023-06-28 14:31:00,206.9,0.071892,7.19,0,Low,Legitimate
T100183,2023-11-04 02:51:00,167.87,0.688902,68.89,0,Medium,Legitimate
T100184,2023-05-09 10:51:00,23.87,0.073653,7.37,0,Low,Legitimate
T100185,2023-12-23 09:17:00,86.3,0.071892,7.19,0,Low,Legitimate
T100186,2023-11-28 01:11:00,135.96,0.753466,75.35,1,High,Fraud
T100187,2023-01-24 20:24:00,64.81,0.797443,79.74,1,High,Fraud
T100188,2024-01-16 06:25:00,60.34,0.085972,8.6,0,Low,Legitimate
T100189,2023-06-14 01:44:00,22.15,0.69034,69.03,1,High,Fraud
T100190,2023-08-23 22:40:00,7.82,0.740334,74.03,1,High,Fraud
T100191,2023-10-19 08:09:00,182.01,0.074782,7.48,0,Low,Legitimate
T100192,2023-11-08 11:38:00,184.54,0.074456,7.45,0,Low,Legitimate
T100193,2023-07-25 23:48:00,80.21,0.071892,7.19,0,Low,Legitimate
T100194,2024-02-11 01:55:00,33.12,0.695668,69.57,1,High,Fraud
T100195,2023-02-19 01:58:00,34.37,0.692221,69.22,1,High,Fraud
T100196,2023-12-01 22:40:00,103.56,0.073653,7.37,0,Low,Legitimate
T100197,2023-11-24 09:14:00,181.93,0.071892,7.19,0,Low,Legitimate
T100198,2023-02-12 02:33:00,174.49,0.854982,85.5,1,High,Fraud
T100199,2023-01-13 18:21:00,121.08,0.864112,86.41,1,High,Fraud
T100200,2023-08-10 02:10:00,82.18,0.69662,69.66,1,High,Fraud
T100201,2023-03-25 17:01:00,7.03,0.071892,7.19,0,Low,Legitimate
T100202,2023-05-05 06:21:00,14.1,0.084683,8.47,0,Low,Legitimate
T100203,2023-07-03 05:52:00,183.06,0.710113,71.01,1,High,Fraud
T100204,2023-12-12 10:25:00,74.6,0.072896,7.29,0,Low,Legitimate
T100205,2023-10-21 13:19:00,0.74,0.071892,7.19,0,Low,Legitimate
T100206,2023-11-11 06:37:00,8.56,0.085225,8.52,0,Low,Legitimate
T100207,2023-12-03 13:56:00,87.13,0.738561,73.86,1,High,Fraud
T100208,2023-07-03 14:07:00,0.41,0.073653,7.37,0,Low,Legitimate
T100209,2023-11-30 20:33:00,14.03,0.071892,7.19,0,Low,Legitimate
T100210,2023-10-09 15:20:00,63.66,0.073653,7.37,0,Low,Legitimate
T100211,2023-05-11 10:36:00,94.19,0.072896,7.29,0,Low,Legitimate
T100212,2023-05-02 11:31:00,84.44,0.073653,7.37,0,Low,Legitimate
T100213,2023-09-02 01:03:00,20.32,0.693067,69.31,1,High,Fraud
T100214,2023-10-11 00:14:00,99.63,0.704258,70.43,1,High,Fraud
T100215,2023-09-16 19:44:00,21.67,0.710689,71.07,1,High,Fraud
T100216,2023-08-09 13:06:00,31.49,0.074456,7.45,0,Low,Legitimate
T100217,2024-02-03 15:02:00,109.79,0.073653,7.37,0,Low,Legitimate
T100218,2023-02-08 06:41:00,83.9,0.088452,8.85,0,Low,Legitimate
T100219,2023-02-14 16:32:00,151.36,0.072677,7.27,0,Low,Legitimate
T100220,2024-01-08 08:00:00,85.75,0.076608,7.66,0,Low,Legitimate
T100221,2023-11-17 13:52:00,67.2,0.071892,7.19,0,Low,Legitimate
T100222,2023-03-25 07:28:00,7.87,0.074782,7.48,0,Low,Legitimate
T100223,2023-01-14 20:42:00,36.67,0.071892,7.19,0,Low,Legitimate
T100224,2023-12-06 06:28:00,24.65,0.085225,8.52,0,Low,Legitimate
T100225,2023-07-05 03:15:00,22.38,0.808376,80.84,1,High,Fraud
T100226,2023-07-11 19:51:00,288.98,0.072896,7.29,0,Low,Legitimate
T100227,2023-10-09 16:14:00,39.95,0.073653,7.37,0,Low,Legitimate
T100228,2023-11-17 18:12:00,178.08,0.071892,7.19,0,Low,Legitimate
T100229,2023-07-03 16:16:00,79.79,0.073653,7.37,0,Low,Legitimate
T100230,2023-05-02 14:52:00,126.71,0.073653,7.37,0,Low,Legitimate
T100231,2023-06-12 19:55:00,55.87,0.072896,7.29,0,Low,Legitimate
T100232,2023-06-20 00:47:00,68.81,0.774304,77.43,1,High,Fraud
T100233,2023-05-01 19:45:00,54.26,0.073653,7.37,0,Low,Legitimate
T100234,2023-12-05 10:19:00,17.38,0.073653,7.37,0,Low,Legitimate
T100235,2023-10-15 03:02:00,102.54,0.695974,69.6,1,High,Fraud
T100236,2023-04-28 23:44:00,26.37,0.071892,7.19,0,Low,Legitimate
T100237,2023-07-14 22:25:00,1.97,0.071892,7.19,0,Low,Legitimate
T100238,2023-08-06 10:36:00,82.96,0.073653,7.37,0,Low,Legitimate
T100239,2024-02-02 06:25:00,15.59,0.082217,8.22,0,Low,Legitimate
T100240,2023-09-22 03:58:00,225.69,0.676605,67.66,0,Medium,Legitimate
T100241,2023-12-26 18:57:00,246.2,0.071892,7.19,0,Low,Legitimate
T100242,2023-10-17 00:47:00,197.08,0.694097,69.41,1,High,Fraud
T100243,2023-10-30 05:57:00,36.98,0.696263,69.63,1,High,Fraud
T100244,2023-01-17 15:48:00,1.25,0.071892,7.19,0,Low,Legitimate
T100245,2023-04-15 08:12:00,210.84,0.79371,79.37,1,High,Fraud
T100246,2023-09-26 11:28:00,44.72,0.071892,7.19,0,Low,Legitimate
T100247,2023-12-29 21:25:00,272.07,0.071892,7.19,0,Low,Legitimate
T100248,2023-02-20 23:51:00,265.1,0.071892,7.19,0,Low,Legitimate
T100249,2023-05-28 23:04:00,153.39,0.071892,7.19,0,Low,Legitimate
T100250,2023-02-08 13:22:00,27.9,0.073653,7.37,0,Low,Legitimate
T100251,2023-10-16 13:21:00,38.9,0.699538,69.95,1,High,Fraud
T100252,2023-07-30 21:37:00,152.38,0.071892,7.19,0,Low,Legitimate
T100253,2023-02-17 17:07:00,30.49,0.695865,69.59,1,High,Fraud
T100254,2023-12-29 17:09:00,14.86,0.071892,7.19,0,Low,Legitimate
T100255,2023-12-13 04:09:00,65.1,0.84972,84.97,1,High,Fraud
T100256,2023-04-24 15:33:00,220.1,0.071892,7.19,0,Low,Legitimate
T100257,2023-02-22 14:32:00,95.27,0.072677,7.27,0,Low,Legitimate
T100258,2023-08-05 08:44:00,67.53,0.076608,7.66,0,Low,Legitimate
T100259,2023-07-09 00:38:00,8.18,0.697968,69.8,1,High,Fraud
T100260,2023-12-10 13:31:00,76.36,0.073653,7.37,0,Low,Legitimate
T100261,2023-05-15 04:10:00,368.85,0.721948,72.19,1,High,Fraud
T100262,2023-10-25 14:47:00,12.07,0.071892,7.19,0,Low,Legitimate
T100263,2023-05-21 01:46:00,58.44,0.703076,70.31,1,High,Fraud
T100264,2023-08-01 05:29:00,167.89,0.714137,71.41,1,High,Fraud
T100265,2023-08-18 04:37:00,108.0,0.662812,66.28,0,Medium,Legitimate
T100266,2023-11-06 21:22:00,95.53,0.073653,7.37,0,Low,Legitimate
T100267,2023-10-03 03:01:00,96.98,0.710084,71.01,1,High,Fraud
T100268,2023-02-23 05:41:00,35.64,0.690216,69.02,1,High,Fraud
T100269,2024-01-21 07:49:00,27.8,0.074782,7.48,0,Low,Legitimate
T100270,2023-03-09 09:23:00,132.59,0.073653,7.37,0,Low,Legitimate
T100271,2023-03-07 09:45:00,132.91,0.073653,7.37,0,Low,Legitimate
T100272,2023-06-03 21:12:00,161.44,0.073653,7.37,0,Low,Legitimate
T100273,2023-02-07 19:39:00,195.57,0.073653,7.37,0,Low,Legitimate
T100274,2023-03-20 10:09:00,57.29,0.071892,7.19,0,Low,Legitimate
T100275,2023-11-01 15:35:00,55.69,0.073653,7.37,0,Low,Legitimate
T100276,2023-04-27 01:11:00,128.08,0.704464,70.45,1,High,Fraud
T100277,2023-08-22 04:43:00,83.98,0.694352,69.44,1,High,Fraud
T100278,2023-05-06 14:40:00,96.84,0.073653,7.37,0,Low,Legitimate
T100279,2024-02-04 08:15:00,127.09,0.07738,7.74,0,Low,Legitimate
T100280,2023-02-19 23:47:00,176.59,0.071892,7.19,0,Low,Legitimate
T100281,2023-10-04 06:57:00,33.0,0.086752,8.68,0,Low,Legitimate
T100282,2024-01-01 08:18:00,37.67,0.07738,7.74,0,Low,Legitimate
T100283,2023-01-07 05:07:00,7.9,0.702884,70.29,1,High,Fraud
T100284,2023-08-31 14:26:00,69.07,0.071892,7.19,0,Low,Legitimate
T100285,2023-11-27 14:20:00,2.93,0.071892,7.19,0,Low,Legitimate
T100286,2023-11-08 06:27:00,50.13,0.086648,8.66,0,Low,Legitimate
T100287,2023-11-29 03:08:00,62.58,0.694396,69.44,1,High,Fraud
T100288,2023-11-29 07:47:00,27.01,0.074782,7.48,0,Low,Legitimate
T100289,2023-10-04 04:13:00,71.49,0.711666,71.17,1,High,Fraud
T100290,2023-08-11 21:32:00,2.48,0.072896,7.29,0,Low,Legitimate
T100291,2023-04-08 07:17:00,3.05,0.076608,7.66,0,Low,Legitimate
T100292,2023-09-16 09:27:00,138.35,0.071892,7.19,0,Low,Legitimate
T100293,2023-05-16 20:37:00,35.73,0.071892,7.19,0,Low,Legitimate
T100294,2023-05-21 03:55:00,10.87,0.68208,68.21,0,Medium,Legitimate
T100295,2023-05-10 14:49:00,59.09,0.073653,7.37,0,Low,Legitimate
T100296,2023-07-04 14:44:00,117.57,0.833756,83.38,1,High,Fraud
T100297,2023-01-03 15:07:00,19.45,0.811464,81.15,1,High,Fraud
T100298,2023-04-25 23:57:00,78.02,0.071892,7.19,0,Low,Legitimate
T100299,2023-06-10 08:05:00,7.14,0.076608,7.66,0,Low,Legitimate
T100300,2023-08-16 09:01:00,4.25,0.071892,7.19,0,Low,Legitimate
T100301,2024-02-18 18:20:00,60.63,0.696402,69.64,1,High,Fraud
T100302,2023-07-21 09:54:00,62.23,0.777801,77.78,1,High,Fraud
T100303,2023-05-01 16:31:00,81.16,0.074456,7.45,0,Low,Legitimate
T100304,2023-04-19 06:11:00,103.6,0.086897,8.69,0,Low,Legitimate
T100305,2024-01-15 04:57:00,297.88,0.796494,79.65,1,High,Fraud
T100306,2024-01-09 05:44:00,58.1,0.714255,71.43,1,High,Fraud
T100307,2023-11-11 21:59:00,31.2,0.072896,7.29,0,Low,Legitimate
T100308,2023-05-10 05:14:00,126.85,0.710008,71.0,1,High,Fraud
T100309,2024-01-15 14:01:00,25.27,0.071892,7.19,0,Low,Legitimate
T100310,2024-02-01 22:04:00,46.24,0.074456,7.45,0,Low,Legitimate
T100311,2023-12-31 00:51:00,6.54,0.696312,69.63,1,High,Fraud
T100312,2023-06-21 06:04:00,2.05,0.085225,8.52,0,Low,Legitimate
T100313,2023-12-25 06:57:00,262.99,0.086897,8.69,0,Low,Legitimate
T100314,2023-06-16 19:52:00,144.62,0.071892,7.19,0,Low,Legitimate
T100315,2023-01-31 08:32:00,95.25,0.074782,7.48,0,Low,Legitimate
T100316,2023-01-21 13:05:00,42.07,0.071892,7.19,0,Low,Legitimate
T100317,2023-06-27 19:53:00,15.22,0.716635,71.66,1,High,Fraud
T100318,2023-11-22 10:29:00,13.61,0.071892,7.19,0,Low,Legitimate
T100319,2023-05-02 12:39:00,23.04,0.073653,7.37,0,Low,Legitimate
T100320,2023-02-23 17:10:00,63.74,0.071892,7.19,0,Low,Legitimate
T100321,2023-10-07 12:47:00,100.31,0.073653,7.37,0,Low,Legitimate
T100322,2023-04-06 16:03:00,86.35,0.073653,7.37,0,Low,Legitimate
T100323,2023-02-22 04:54:00,26.27,0.695267,69.53,1,High,Fraud
T100324,2024-01-30 17:51:00,247.85,0.071892,7.19,0,Low,Legitimate
T100325,2023-06-10 13:13:00,107.12,0.073653,7.37,0,Low,Legitimate
T100326,2023-09-13 17:29:00,64.66,0.072896,7.29,0,Low,Legitimate
T100327,2023-03-31 00:54:00,75.68,0.792926,79.29,1,High,Fraud
T100328,2024-02-03 22:09:00,43.52,0.073653,7.37,0,Low,Legitimate
T100329,2024-01-17 13:52:00,22.77,0.700424,70.04,1,High,Fraud
T100330,2023-10-24 23:28:00,35.2,0.071892,7.19,0,Low,Legitimate
T100331,2023-09-12 21:30:00,113.45,0.072896,7.29,0,Low,Legitimate
T100332,2023-03-17 03:59:00,1.16,0.580902,58.09,0,Medium,Legitimate
T100333,2023-06-26 05:16:00,9.87,0.686936,68.69,0,Medium,Legitimate
T100334,2024-01-14 04:53:00,3.77,0.66977,66.98,0,Medium,Legitimate
T100335,2023-02-08 23:52:00,3.33,0.073653,7.37,0,Low,Legitimate
T100336,2023-07-15 10:33:00,154.74,0.071892,7.19,0,Low,Legitimate
T100337,2023-05-24 06:23:00,97.3,0.085972,8.6,0,Low,Legitimate
T100338,2024-02-20 17:58:00,51.42,0.818502,81.85,1,High,Fraud
T100339,2023-01-04 01:15:00,8.24,0.67711,67.71,0,Medium,Legitimate
T100340,2024-02-14 12:29:00,54.12,0.071892,7.19,0,Low,Legitimate
T100341,2023-03-07 09:10:00,51.32,0.073653,7.37,0,Low,Legitimate
T100342,2023-12-11 07:38:00,15.22,0.80865,80.86,1,High,Fraud
T100343,2023-06-22 15:44:00,45.51,0.718204,71.82,1,High,Fraud
T100344,2023-02-27 11:42:00,40.67,0.071892,7.19,0,Low,Legitimate
T100345,2023-02-28 02:24:00,76.54,0.684722,68.47,0,Medium,Legitimate
T100346,2024-01-12 19:21:00,80.65,0.072896,7.29,0,Low,Legitimate
T100347,2023-10-05 01:38:00,3.71,0.701998,70.2,1,High,Fraud
T100348,2023-03-28 05:12:00,37.55,0.698899,69.89,1,High,Fraud
T100349,2023-08-27 15:44:00,78.65,0.071892,7.19,0,Low,Legitimate
T100350,2023-06-15 03:43:00,55.96,0.710274,71.03,1,High,Fraud
T100351,2023-07-08 13:51:00,155.31,0.073653,7.37,0,Low,Legitimate
T100352,2023-09-08 17:00:00,86.0,0.073653,7.37,0,Low,Legitimate
T100353,2024-01-14 09:49:00,14.23,0.071892,7.19,0,Low,Legitimate
T100354,2024-01-29 04:02:00,5.85,0.705717,70.57,1,High,Fraud
T100355,2023-07-17 00:54:00,82.27,0.680652,68.07,0,Medium,Legitimate
T100356,2023-06-20 06:52:00,2.15,0.085225,8.52,0,Low,Legitimate
T100357,2023-01-25 10:32:00,70.51,0.718579,71.86,1,High,Fraud
T100358,2024-02-09 17:35:00,225.38,0.073653,7.37,0,Low,Legitimate
T100359,2023-07-13 23:45:00,68.54,0.072896,7.29,0,Low,Legitimate
T100360,2023-03-02 14:37:00,39.3,0.073653,7.37,0,Low,Legitimate
T100361,2023-05-03 00:39:00,82.47,0.856517,85.65,1,High,Fraud
T100362,2024-01-04 23:53:00,49.04,0.073653,7.37,0,Low,Legitimate
T100363,2023-02-01 20:06:00,63.11,0.074456,7.45,0,Low,Legitimate
T100364,2023-01-03 20:05:00,227.05,0.073653,7.37,0,Low,Legitimate
T100365,2024-01-29 06:34:00,39.03,0.72183,72.18,1,High,Fraud
T100366,2023-01-11 19:35:00,259.93,0.072896,7.29,0,Low,Legitimate
T100367,2023-07-26 04:50:00,188.61,0.695317,69.53,1,High,Fraud
T100368,2023-01-09 15:58:00,17.43,0.074456,7.45,0,Low,Legitimate
T100369,2023-09-06 15:17:00,5.75,0.073653,7.37,0,Low,Legitimate
T100370,2024-01-14 05:30:00,8.5,0.691114,69.11,1,High,Fraud
T100371,2023-12-13 05:36:00,1.47,0.540868,54.09,0,Medium,Legitimate
T100372,2023-06-28 04:19:00,7.94,0.689926,68.99,0,Medium,Legitimate
T100373,2023-11-02 17:55:00,91.91,0.805806,80.58,1,High,Fraud
T100374,2023-05-15 08:24:00,5.91,0.075537,7.55,0,Low,Legitimate
T100375,2023-01-29 07:00:00,30.73,0.074782,7.48,0,Low,Legitimate
T100376,2023-12-28 15:07:00,149.08,0.071892,7.19,0,Low,Legitimate
T100377,2023-12-12 20:08:00,1.88,0.072896,7.29,0,Low,Legitimate
T100378,2023-02-02 03:53:00,134.76,0.706916,70.69,1,High,Fraud
T100379,2023-03-07 01:05:00,26.49,0.697802,69.78,1,High,Fraud
T100380,2023-11-30 01:22:00,10.06,0.652425,65.24,0,Medium,Legitimate
T100381,2023-02-17 18:09:00,95.45,0.071892,7.19,0,Low,Legitimate
T100382,2023-01-21 21:01:00,79.31,0.072677,7.27,0,Low,Legitimate
T100383,2023-11-05 12:08:00,167.95,0.073653,7.37,0,Low,Legitimate
T100384,2023-09-04 23:26:00,106.26,0.720633,72.06,1,High,Fraud
T100385,2023-08-05 23:36:00,130.16,0.073653,7.37,0,Low,Legitimate
T100386,2023-08-18 20:58:00,26.51,0.071892,7.19,0,Low,Legitimate
T100387,2023-07-13 21:07:00,15.63,0.072896,7.29,0,Low,Legitimate
T100388,2023-09-20 18:09:00,111.1,0.071892,7.19,0,Low,Legitimate
T100389,2023-11-12 19:11:00,131.54,0.072896,7.29,0,Low,Legitimate
T100390,2023-08-04 12:56:00,372.56,0.073653,7.37,0,Low,Legitimate
T100391,2023-10-10 09:32:00,42.57,0.727696,72.77,1,High,Fraud
T100392,2023-09-09 23:23:00,37.22,0.073653,7.37,0,Low,Legitimate
T100393,2023-10-29 01:01:00,119.84,0.703646,70.36,1,High,Fraud
T100394,2023-03-19 04:19:00,33.34,0.69674,69.67,1,High,Fraud
T100395,2023-09-24 19:30:00,213.61,0.072677,7.27,0,Low,Legitimate
T100396,2023-11-10 03:02:00,156.39,0.683306,68.33,0,Medium,Legitimate
T100397,2023-01-07 16:38:00,44.83,0.073653,7.37,0,Low,Legitimate
T100398,2023-07-15 20:00:00,111.18,0.071892,7.19,0,Low,Legitimate
T100399,2023-09-23 10:51:00,112.37,0.072677,7.27,0,Low,Legitimate
T100400,2023-06-21 23:39:00,8.71,0.072677,7.27,0,Low,Legitimate
T100401,2023-05-25 13:20:00,186.28,0.071892,7.19,0,Low,Legitimate
T100402,2023-08-22 10:50:00,56.3,0.071892,7.19,0,Low,Legitimate
T100403,2023-04-22 01:16:00,140.11,0.68191,68.19,0,Medium,Legitimate
T100404,2023-09-10 02:02:00,30.86,0.704399,70.44,1,High,Fraud
T100405,2023-09-23 22:35:00,180.7,0.071892,7.19,0,Low,Legitimate
T100406,2023-09-24 16:28:00,39.44,0.071892,7.19,0,Low,Legitimate
T100407,2023-08-13 06:13:00,0.87,0.085225,8.52,0,Low,Legitimate
T100408,2023-07-30 07:20:00,188.63,0.075537,7.55,0,Low,Legitimate
T100409,2023-12-23 05:10:00,7.66,0.681975,68.2,0,Medium,Legitimate
T100410,2023-11-10 09:43:00,30.77,0.073653,7.37,0,Low,Legitimate
T100411,2024-01-03 22:46:00,239.76,0.074456,7.45,0,Low,Legitimate
T100412,2023-06-20 22:51:00,240.64,0.071892,7.19,0,Low,Legitimate
T100413,2023-08-30 01:21:00,68.16,0.684662,68.47,0,Medium,Legitimate
T100414,2023-08-26 11:01:00,79.94,0.071892,7.19,0,Low,Legitimate
T100415,2023-05-06 03:55:00,47.6,0.812785,81.28,1,High,Fraud
T100416,2024-02-05 08:00:00,27.76,0.077441,7.74,0,Low,Legitimate
T100417,2023-09-19 16:08:00,31.88,0.071892,7.19,0,Low,Legitimate
T100418,2023-09-06 02:15:00,89.31,0.701629,70.16,1,High,Fraud
T100419,2023-10-11 00:38:00,111.67,0.711245,71.12,1,High,Fraud
T100420,2023-07-06 01:22:00,125.46,0.709677,70.97,1,High,Fraud
T100421,2024-01-18 06:09:00,124.71,0.731347,73.13,1,High,Fraud
T100422,2023-03-19 18:10:00,7.65,0.071892,7.19,0,Low,Legitimate
T100423,2024-01-25 00:03:00,54.56,0.693641,69.36,1,High,Fraud
T100424,2023-06-08 08:59:00,4.74,0.076608,7.66,0,Low,Legitimate
T100425,2024-01-27 18:03:00,63.8,0.071892,7.19,0,Low,Legitimate
T100426,2023-12-01 13:44:00,46.6,0.073653,7.37,0,Low,Legitimate
T100427,2023-06-16 16:56:00,174.93,0.071892,7.19,0,Low,Legitimate
T100428,2023-12-20 10:16:00,34.58,0.808099,80.81,1,High,Fraud
T100429,2023-07-14 17:31:00,9.96,0.071892,7.19,0,Low,Legitimate
T100430,2023-06-27 07:14:00,12.34,0.074782,7.48,0,Low,Legitimate
T100431,2023-10-10 17:34:00,114.67,0.073653,7.37,0,Low,Legitimate
T100432,2024-01-01 21:29:00,77.03,0.073653,7.37,0,Low,Legitimate
T100433,2023-04-21 22:03:00,8.53,0.071892,7.19,0,Low,Legitimate
T100434,2023-10-26 02:44:00,7.03,0.852981,85.3,1,High,Fraud
T100435,2023-05-04 15:55:00,96.58,0.073653,7.37,0,Low,Legitimate
T100436,2023-12-18 12:51:00,6.04,0.071892,7.19,0,Low,Legitimate
T100437,2023-05-25 20:47:00,138.01,0.071892,7.19,0,Low,Legitimate
T100438,2023-12-21 14:34:00,98.0,0.071892,7.19,0,Low,Legitimate
T100439,2023-01-10 13:04:00,6.79,0.074456,7.45,0,Low,Legitimate
T100440,2023-11-08 09:54:00,7.09,0.073653,7.37,0,Low,Legitimate
T100441,2023-02-10 16:40:00,345.24,0.073653,7.37,0,Low,Legitimate
T100442,2023-04-24 21:35:00,37.51,0.072677,7.27,0,Low,Legitimate
T100443,2023-12-13 02:50:00,37.04,0.689518,68.95,0,Medium,Legitimate
T100444,2023-06-01 13:26:00,134.05,0.073653,7.37,0,Low,Legitimate
T100445,2023-07-08 12:34:00,235.37,0.074456,7.45,0,Low,Legitimate
T100446,2023-04-15 08:13:00,341.5,0.074782,7.48,0,Low,Legitimate
T100447,2023-02-01 11:27:00,111.99,0.073653,7.37,0,Low,Legitimate
T100448,2023-08-04 03:03:00,37.76,0.647914,64.79,0,Medium,Legitimate
T100449,2024-01-11 13:48:00,6.98,0.072896,7.29,0,Low,Legitimate
T100450,2023-11-29 13:20:00,120.1,0.071892,7.19,0,Low,Legitimate
T100451,2023-05-18 09:20:00,65.39,0.071892,7.19,0,Low,Legitimate
T100452,2023-07-13 21:59:00,44.16,0.072896,7.29,0,Low,Legitimate
T100453,2023-04-17 14:09:00,189.46,0.071892,7.19,0,Low,Legitimate
T100454,2024-02-11 05:39:00,9.43,0.689438,68.94,0,Medium,Legitimate
T100455,2023-09-01 12:08:00,54.28,0.073653,7.37,0,Low,Legitimate
T100456,2023-05-10 03:09:00,0.91,0.5481,54.81,0,Medium,Legitimate
T100457,2023-02-25 13:35:00,50.59,0.071892,7.19,0,Low,Legitimate
T100458,2023-07-27 17:09:00,4.64,0.071892,7.19,0,Low,Legitimate
T100459,2023-02-11 03:42:00,10.12,0.677341,67.73,0,Medium,Legitimate
T100460,2023-12-01 12:39:00,10.0,0.719164,71.92,1,High,Fraud
T100461,2023-05-21 13:42:00,83.81,0.071892,7.19,0,Low,Legitimate
T100462,2023-02-05 18:20:00,109.65,0.073653,7.37,0,Low,Legitimate
T100463,2024-02-10 04:51:00,70.04,0.695528,69.55,1,High,Fraud
T100464,2023-08-15 13:42:00,261.98,0.071892,7.19,0,Low,Legitimate
T100465,2023-10-16 13:14:00,37.58,0.70845,70.84,1,High,Fraud
T100466,2023-09-14 21:54:00,26.92,0.072677,7.27,0,Low,Legitimate
T100467,2023-05-09 23:01:00,162.36,0.074456,7.45,0,Low,Legitimate
T100468,2023-04-04 08:07:00,20.25,0.076608,7.66,0,Low,Legitimate
T100469,2023-02-20 16:09:00,264.23,0.071892,7.19,0,Low,Legitimate
T100470,2023-01-15 14:33:00,0.98,0.071892,7.19,0,Low,Legitimate
T100471,2023-04-16 08:04:00,280.2,0.074782,7.48,0,Low,Legitimate
T100472,2023-07-24 04:20:00,3.53,0.674246,67.42,0,Medium,Legitimate
T100473,2024-01-27 01:14:00,177.42,0.677155,67.72,0,Medium,Legitimate
T100474,2024-02-08 18:02:00,60.01,0.818731,81.87,1,High,Fraud
T100475,2023-04-26 11:10:00,396.55,0.071892,7.19,0,Low,Legitimate
T100476,2023-12-30 01:09:00,6.13,0.67335,67.33,0,Medium,Legitimate
T100477,2023-11-29 06:12:00,64.57,0.088452,8.85,0,Low,Legitimate
T100478,2023-06-20 22:32:00,278.69,0.071892,7.19,0,Low,Legitimate
T100479,2023-07-10 06:13:00,59.24,0.085972,8.6,0,Low,Legitimate
T100480,2023-12-29 08:36:00,79.41,0.074782,7.48,0,Low,Legitimate
T100481,2023-07-07 03:01:00,95.19,0.680144,68.01,0,Medium,Legitimate
T100482,2024-01-09 04:40:00,48.49,0.709262,70.93,1,High,Fraud
T100483,2023-09-11 19:45:00,79.01,0.073692,7.37,0,Low,Legitimate
T100484,2023-09-29 11:03:00,70.23,0.072677,7.27,0,Low,Legitimate
T100485,2023-06-02 01:18:00,185.14,0.687498,68.75,0,Medium,Legitimate
T100486,2024-02-03 05:21:00,3.72,0.676703,67.67,0,Medium,Legitimate
T100487,2023-06-10 09:49:00,26.39,0.073653,7.37,0,Low,Legitimate
T100488,2023-01-04 20:54:00,240.32,0.073653,7.37,0,Low,Legitimate
T100489,2023-09-04 11:21:00,176.77,0.073653,7.37,0,Low,Legitimate
T100490,2024-01-31 12:10:00,48.65,0.071892,7.19,0,Low,Legitimate
T100491,2023-04-30 08:14:00,77.43,0.074782,7.48,0,Low,Legitimate
T100492,2023-10-25 15:09:00,25.99,0.071892,7.19,0,Low,Legitimate
T100493,2023-10-31 22:30:00,16.67,0.072677,7.27,0,Low,Legitimate
T100494,2023-04-03 12:18:00,49.84,0.82671,82.67,1,High,Fraud
T100495,2023-07-18 10:23:00,34.88,0.072677,7.27,0,Low,Legitimate
T100496,2023-02-17 11:43:00,70.1,0.699901,69.99,1,High,Fraud
T100497,2023-11-24 20:47:00,6.47,0.071892,7.19,0,Low,Legitimate
T100498,2023-04-24 20:06:00,293.2,0.071892,7.19,0,Low,Legitimate
T100499,2023-04-30 07:51:00,342.71,0.074782,7.48,0,Low,Legitimate
T100500,2023-11-30 12:28:00,95.83,0.812179,81.22,1,High,Fraud
T100501,2023-08-28 14:16:00,61.45,0.071892,7.19,0,Low,Legitimate
T100502,2023-08-31 01:35:00,29.63,0.71192,71.19,1,High,Fraud
T100503,2023-05-18 23:42:00,134.47,0.071892,7.19,0,Low,Legitimate
T100504,2024-01-13 20:22:00,92.35,0.072896,7.29,0,Low,Legitimate
T100505,2024-01-23 23:39:00,14.2,0.072677,7.27,0,Low,Legitimate
T100506,2023-02-09 19:24:00,193.46,0.074456,7.45,0,Low,Legitimate
T100507,2024-01-29 17:53:00,138.32,0.071892,7.19,0,Low,Legitimate
T100508,2023-01-01 22:32:00,239.34,0.073653,7.37,0,Low,Legitimate
T100509,2023-07-13 19:39:00,103.49,0.820319,82.03,1,High,Fraud
T100510,2023-07-12 08:01:00,76.03,0.075824,7.58,0,Low,Legitimate
T100511,2023-09-23 16:57:00,43.34,0.071892,7.19,0,Low,Legitimate
T100512,2023-09-28 13:33:00,215.92,0.071892,7.19,0,Low,Legitimate
T100513,2023-05-05 21:50:00,160.83,0.073653,7.37,0,Low,Legitimate
T100514,2023-01-01 12:08:00,3.7,0.073653,7.37,0,Low,Legitimate
T100515,2023-04-03 17:32:00,2.14,0.073653,7.37,0,Low,Legitimate
T100516,2024-02-13 20:38:00,37.79,0.072896,7.29,0,Low,Legitimate
T100517,2023-02-27 23:15:00,133.09,0.071892,7.19,0,Low,Legitimate
T100518,2023-02-01 06:46:00,349.14,0.085972,8.6,0,Low,Legitimate
T100519,2024-01-10 14:33:00,13.04,0.074456,7.45,0,Low,Legitimate
T100520,2024-02-04 15:10:00,72.14,0.074456,7.45,0,Low,Legitimate
T100521,2023-05-25 11:53:00,38.36,0.071892,7.19,0,Low,Legitimate
T100522,2023-01-31 07:32:00,280.3,0.075537,7.55,0,Low,Legitimate
T100523,2024-01-02 15:03:00,147.67,0.073653,7.37,0,Low,Legitimate
T100524,2024-01-22 17:33:00,145.78,0.071892,7.19,0,Low,Legitimate
T100525,2023-11-17 20:18:00,50.59,0.071892,7.19,0,Low,Legitimate
T100526,2023-12-19 19:49:00,42.87,0.072677,7.27,0,Low,Legitimate
T100527,2023-01-13 11:03:00,25.55,0.072896,7.29,0,Low,Legitimate
T100528,2024-01-26 09:27:00,4.64,0.071892,7.19,0,Low,Legitimate
T100529,2023-10-27 09:55:00,160.03,0.781071,78.11,1,High,Fraud
T100530,2023-05-23 23:02:00,134.09,0.071892,7.19,0,Low,Legitimate
T100531,2023-07-25 00:29:00,653.8,0.718121,71.81,1,High,Fraud
T100532,2023-05-29 07:51:00,455.59,0.074782,7.48,0,Low,Legitimate
T100533,2023-10-13 23:26:00,64.85,0.072896,7.29,0,Low,Legitimate
T100534,2023-01-12 12:30:00,117.22,0.072896,7.29,0,Low,Legitimate
T100535,2023-11-27 12:43:00,231.69,0.071892,7.19,0,Low,Legitimate
T100536,2024-02-11 07:52:00,151.58,0.075824,7.58,0,Low,Legitimate
T100537,2023-09-06 10:57:00,22.73,0.073653,7.37,0,Low,Legitimate
T100538,2023-11-10 10:27:00,47.91,0.073653,7.37,0,Low,Legitimate
T100539,2023-08-30 19:47:00,11.06,0.071892,7.19,0,Low,Legitimate
T100540,2023-08-02 22:13:00,246.42,0.073653,7.37,0,Low,Legitimate
T100541,2023-11-13 19:20:00,74.55,0.072896,7.29,0,Low,Legitimate
T100542,2023-06-04 22:21:00,20.77,0.073653,7.37,0,Low,Legitimate
T100543,2023-03-24 12:06:00,89.11,0.071892,7.19,0,Low,Legitimate
T100544,2024-02-16 03:47:00,77.01,0.673954,67.4,0,Medium,Legitimate
T100545,2023-04-06 06:47:00,35.47,0.086287,8.63,0,Low,Legitimate
T100546,2023-05-20 18:45:00,9.64,0.071892,7.19,0,Low,Legitimate
T100547,2023-11-04 22:24:00,89.08,0.074456,7.45,0,Low,Legitimate
T100548,2023-01-21 06:57:00,58.77,0.087512,8.75,0,Low,Legitimate
T100549,2023-06-11 03:44:00,118.38,0.688072,68.81,0,Medium,Legitimate
T100550,2023-08-18 05:27:00,58.74,0.68183,68.18,0,Medium,Legitimate
T100551,2023-12-04 09:40:00,152.94,0.073653,7.37,0,Low,Legitimate
T100552,2023-07-21 23:33:00,64.22,0.071892,7.19,0,Low,Legitimate
T100553,2023-01-09 05:53:00,65.85,0.733028,73.3,1,High,Fraud
T100554,2023-03-20 13:14:00,167.42,0.071892,7.19,0,Low,Legitimate
T100555,2023-10-01 04:04:00,41.33,0.698878,69.89,1,High,Fraud
T100556,2023-01-13 09:22:00,11.51,0.072896,7.29,0,Low,Legitimate
T100557,2023-02-10 15:03:00,2.34,0.673008,67.3,0,Medium,Legitimate
T100558,2023-08-22 18:56:00,112.56,0.071892,7.19,0,Low,Legitimate
T100559,2023-10-27 22:16:00,77.47,0.071892,7.19,0,Low,Legitimate
T100560,2023-10-22 14:43:00,97.41,0.071892,7.19,0,Low,Legitimate
T100561,2023-03-16 07:55:00,19.16,0.074782,7.48,0,Low,Legitimate
T100562,2023-01-16 14:41:00,11.73,0.071892,7.19,0,Low,Legitimate
T100563,2023-02-20 20:36:00,1.17,0.071892,7.19,0,Low,Legitimate
T100564,2023-03-22 01:48:00,34.53,0.68819,68.82,0,Medium,Legitimate
T100565,2023-09-12 04:22:00,71.31,0.70318,70.32,1,High,Fraud
T100566,2023-09-18 12:01:00,39.84,0.071892,7.19,0,Low,Legitimate
T100567,2023-11-13 11:28:00,46.03,0.072896,7.29,0,Low,Legitimate
T100568,2023-03-02 22:24:00,187.6,0.074456,7.45,0,Low,Legitimate
T100569,2023-07-26 23:46:00,34.25,0.071892,7.19,0,Low,Legitimate
T100570,2023-05-28 12:12:00,57.72,0.072677,7.27,0,Low,Legitimate
T100571,2024-02-14 03:47:00,122.47,0.704442,70.44,1,High,Fraud
T100572,2023-11-03 00:23:00,40.41,0.692815,69.28,1,High,Fraud
T100573,2023-04-18 23:59:00,77.85,0.071892,7.19,0,Low,Legitimate
T100574,2023-02-04 16:19:00,158.65,0.72242,72.24,1,High,Fraud
T100575,2023-04-05 22:06:00,238.9,0.073653,7.37,0,Low,Legitimate
T100576,2023-10-09 17:44:00,12.73,0.073653,7.37,0,Low,Legitimate
T100577,2023-01-20 15:13:00,208.93,0.071892,7.19,0,Low,Legitimate
T100578,2023-02-25 21:29:00,54.2,0.071892,7.19,0,Low,Legitimate
T100579,2024-02-03 10:55:00,23.9,0.073653,7.37,0,Low,Legitimate
T100580,2023-05-12 10:57:00,49.17,0.072896,7.29,0,Low,Legitimate
T100581,2023-01-26 07:16:00,313.09,0.71584,71.58,1,High,Fraud
T100582,2023-04-25 23:08:00,54.28,0.072677,7.27,0,Low,Legitimate
T100583,2023-08-30 07:57:00,31.89,0.074782,7.48,0,Low,Legitimate
T100584,2024-02-03 21:33:00,80.28,0.716043,71.6,1,High,Fraud
T100585,2023-03-26 03:28:00,21.97,0.677585,67.76,0,Medium,Legitimate
T100586,2023-02-16 19:24:00,6.31,0.071892,7.19,0,Low,Legitimate
T100587,2023-03-24 20:01:00,11.04,0.071892,7.19,0,Low,Legitimate
T100588,2023-06-20 19:53:00,10.96,0.071892,7.19,0,Low,Legitimate
T100589,2023-06-25 01:11:00,13.18,0.692435,69.24,1,High,Fraud
T100590,2023-06-18 19:35:00,11.96,0.071892,7.19,0,Low,Legitimate
T100591,2023-07-14 08:53:00,81.93,0.700918,70.09,1,High,Fraud
T100592,2023-08-07 05:14:00,16.06,0.694837,69.48,1,High,Fraud
T100593,2023-06-10 07:27:00,33.93,0.076608,7.66,0,Low,Legitimate
T100594,2024-01-01 14:01:00,181.68,0.073653,7.37,0,Low,Legitimate
T100595,2023-10-07 05:39:00,51.39,0.709191,70.92,1,High,Fraud
T100596,2023-11-25 05:17:00,88.1,0.690553,69.06,1,High,Fraud
T100597,2023-06-15 03:51:00,15.13,0.688062,68.81,0,Medium,Legitimate
T100598,2023-11-29 20:13:00,17.08,0.071892,7.19,0,Low,Legitimate
T100599,2023-11-26 22:26:00,3.34,0.071892,7.19,0,Low,Legitimate
T100600,2023-02-23 12:54:00,14.8,0.071892,7.19,0,Low,Legitimate
T100601,2023-10-16 11:58:00,26.12,0.071892,7.19,0,Low,Legitimate
T100602,2023-05-08 22:19:00,15.58,0.073653,7.37,0,Low,Legitimate
T100603,2023-08-16 03:07:00,7.43,0.681927,68.19,0,Medium,Legitimate
T100604,2023-07-13 19:37:00,10.28,0.072896,7.29,0,Low,Legitimate
T100605,2023-07-06 09:08:00,49.41,0.073653,7.37,0,Low,Legitimate
T100606,2024-02-11 05:30:00,18.49,0.843361,84.34,1,High,Fraud
T100607,2023-12-16 09:50:00,36.24,0.071892,7.19,0,Low,Legitimate
T100608,2024-01-31 15:22:00,56.0,0.711122,71.11,1,High,Fraud
T100609,2023-09-17 07:35:00,93.8,0.074782,7.48,0,Low,Legitimate
T100610,2023-04-29 21:38:00,3.21,0.071892,7.19,0,Low,Legitimate
T100611,2023-10-25 06:18:00,128.52,0.729932,72.99,1,High,Fraud
T100612,2023-05-06 22:23:00,79.09,0.073653,7.37,0,Low,Legitimate
T100613,2023-02-19 13:01:00,6.82,0.072677,7.27,0,Low,Legitimate
T100614,2023-08-03 01:09:00,165.45,0.698251,69.83,1,High,Fraud
T100615,2023-05-17 07:29:00,202.94,0.075537,7.55,0,Low,Legitimate
T100616,2023-09-27 07:48:00,5.04,0.074782,7.48,0,Low,Legitimate
T100617,2023-01-26 18:46:00,25.93,0.071892,7.19,0,Low,Legitimate
T100618,2023-10-18 08:58:00,131.27,0.075537,7.55,0,Low,Legitimate
T100619,2023-05-01 17:36:00,110.35,0.073653,7.37,0,Low,Legitimate
T100620,2023-04-18 22:35:00,16.32,0.071892,7.19,0,Low,Legitimate
T100621,2023-04-02 05:06:00,18.79,0.693219,69.32,1,High,Fraud
T100622,2023-08-24 13:35:00,37.02,0.071892,7.19,0,Low,Legitimate
T100623,2023-06-12 01:16:00,53.01,0.707692,70.77,1,High,Fraud
T100624,2023-11-09 21:46:00,77.04,0.073653,7.37,0,Low,Legitimate
T100625,2023-10-28 21:21:00,36.83,0.071892,7.19,0,Low,Legitimate
T100626,2023-03-09 08:35:00,49.67,0.076608,7.66,0,Low,Legitimate
T100627,2023-09-10 23:52:00,110.1,0.073653,7.37,0,Low,Legitimate
T100628,2024-02-10 09:33:00,2.99,0.073653,7.37,0,Low,Legitimate
T100629,2023-07-09 07:57:00,23.27,0.730788,73.08,1,High,Fraud
T100630,2023-02-19 21:01:00,99.96,0.071892,7.19,0,Low,Legitimate
T100631,2024-02-05 23:19:00,180.46,0.073653,7.37,0,Low,Legitimate
T100632,2023-09-30 04:38:00,57.34,0.696092,69.61,1,High,Fraud
T100633,2023-07-22 20:13:00,60.76,0.071892,7.19,0,Low,Legitimate
T100634,2023-09-18 04:48:00,9.07,0.709604,70.96,1,High,Fraud
T100635,2023-02-17 15:04:00,47.45,0.071892,7.19,0,Low,Legitimate
T100636,2024-01-14 21:31:00,60.85,0.072677,7.27,0,Low,Legitimate
T100637,2024-02-17 09:50:00,22.22,0.071892,7.19,0,Low,Legitimate
T100638,2023-08-16 17:10:00,25.09,0.071892,7.19,0,Low,Legitimate
T100639,2023-01-16 09:25:00,37.89,0.072677,7.27,0,Low,Legitimate
T100640,2023-01-07 16:35:00,1.62,0.073653,7.37,0,Low,Legitimate
T100641,2024-01-09 22:48:00,31.1,0.073653,7.37,0,Low,Legitimate
T100642,2023-06-14 02:18:00,19.0,0.750682,75.07,1,High,Fraud
T100643,2023-01-25 09:49:00,31.74,0.072677,7.27,0,Low,Legitimate
T100644,2023-05-07 15:38:00,10.21,0.074456,7.45,0,Low,Legitimate
T100645,2023-08-15 10:56:00,176.97,0.071892,7.19,0,Low,Legitimate
T100646,2023-01-26 13:21:00,72.03,0.071892,7.19,0,Low,Legitimate
T100647,2023-09-26 12:44:00,90.93,0.716743,71.67,1,High,Fraud
T100648,2023-01-07 11:27:00,124.54,0.073653,7.37,0,Low,Legitimate
T100649,2023-03-23 01:15:00,55.2,0.709915,70.99,1,High,Fraud
T100650,2023-11-02 01:37:00,7.27,0.687377,68.74,0,Medium,Legitimate
T100651,2023-02-04 01:05:00,61.62,0.704938,70.49,1,High,Fraud
T100652,2023-12-25 20:13:00,70.71,0.071892,7.19,0,Low,Legitimate
T100653,2023-11-24 15:25:00,109.46,0.072677,7.27,0,Low,Legitimate
T100654,2023-07-02 01:32:00,45.2,0.713645,71.36,1,High,Fraud
T100655,2023-12-04 18:11:00,10.92,0.073653,7.37,0,Low,Legitimate
T100656,2023-03-04 16:33:00,26.7,0.073653,7.37,0,Low,Legitimate
T100657,2023-04-07 12:23:00,36.09,0.073653,7.37,0,Low,Legitimate
T100658,2023-07-27 15:01:00,83.06,0.071892,7.19,0,Low,Legitimate
T100659,2023-05-24 04:29:00,67.66,0.686656,68.67,0,Medium,Legitimate
T100660,2023-12-06 18:49:00,35.22,0.73751,73.75,1,High,Fraud
T100661,2023-01-15 18:43:00,344.5,0.071892,7.19,0,Low,Legitimate
T100662,2023-05-07 23:28:00,74.47,0.073653,7.37,0,Low,Legitimate
T100663,2023-08-18 13:08:00,21.66,0.071892,7.19,0,Low,Legitimate
T100664,2023-12-11 03:04:00,8.59,0.693152,69.32,1,High,Fraud
T100665,2023-04-19 19:02:00,13.27,0.071892,7.19,0,Low,Legitimate
T100666,2023-08-01 14:39:00,22.58,0.073653,7.37,0,Low,Legitimate
T100667,2023-02-13 20:07:00,14.01,0.725947,72.59,1,High,Fraud
T100668,2023-08-20 23:13:00,16.52,0.071892,7.19,0,Low,Legitimate
T100669,2023-11-10 19:03:00,26.85,0.721523,72.15,1,High,Fraud
T100670,2023-08-13 15:07:00,15.23,0.824979,82.5,1,High,Fraud
T100671,2023-07-12 18:37:00,181.66,0.073692,7.37,0,Low,Legitimate
T100672,2023-08-05 21:43:00,6.69,0.802746,80.27,1,High,Fraud
T100673,2024-02-14 16:27:00,59.47,0.071892,7.19,0,Low,Legitimate
T100674,2023-04-06 07:59:00,42.26,0.07738,7.74,0,Low,Legitimate
T100675,2023-09-21 11:35:00,323.09,0.071892,7.19,0,Low,Legitimate
T100676,2023-06-13 09:20:00,9.51,0.71256,71.26,1,High,Fraud
T100677,2023-06-28 01:12:00,40.58,0.680246,68.02,0,Medium,Legitimate
T100678,2024-01-17 05:54:00,279.12,0.703832,70.38,1,High,Fraud
T100679,2023-11-17 20:33:00,160.5,0.071892,7.19,0,Low,Legitimate
T100680,2024-02-16 06:09:00,135.89,0.083835,8.38,0,Low,Legitimate
T100681,2023-09-18 21:07:00,23.86,0.071892,7.19,0,Low,Legitimate
T100682,2023-07-06 02:33:00,14.99,0.700641,70.06,1,High,Fraud
T100683,2023-11-02 05:05:00,88.36,0.693126,69.31,1,High,Fraud
T100684,2023-08-12 03:01:00,212.03,0.661345,66.13,0,Medium,Legitimate
T100685,2024-02-11 17:36:00,65.09,0.710516,71.05,1,High,Fraud
T100686,2023-12-28 23:48:00,67.82,0.071892,7.19,0,Low,Legitimate
T100687,2024-01-04 22:58:00,26.28,0.073653,7.37,0,Low,Legitimate
T100688,2023-08-30 05:06:00,117.4,0.699316,69.93,1,High,Fraud
T100689,2023-01-31 22:30:00,16.57,0.071892,7.19,0,Low,Legitimate
T100690,2024-01-04 15:56:00,31.29,0.073653,7.37,0,Low,Legitimate
T100691,2023-02-04 17:57:00,44.33,0.073653,7.37,0,Low,Legitimate
T100692,2023-08-16 05:44:00,56.68,0.691062,69.11,1,High,Fraud
T100693,2023-08-07 18:29:00,22.21,0.073653,7.37,0,Low,Legitimate
T100694,2023-11-09 14:02:00,9.76,0.073653,7.37,0,Low,Legitimate
T100695,2023-09-13 02:48:00,75.46,0.695333,69.53,1,High,Fraud
T100696,2023-09-27 10:52:00,27.25,0.699503,69.95,1,High,Fraud
T100697,2023-07-26 06:26:00,69.64,0.085972,8.6,0,Low,Legitimate
T100698,2023-12-15 01:47:00,13.41,0.656219,65.62,0,Medium,Legitimate
T100699,2023-09-14 03:43:00,52.49,0.706371,70.64,1,High,Fraud
T100700,2023-08-22 21:09:00,60.84,0.071892,7.19,0,Low,Legitimate
T100701,2023-08-20 16:32:00,4.26,0.071892,7.19,0,Low,Legitimate
T100702,2023-06-25 05:14:00,32.83,0.68423,68.42,0,Medium,Legitimate
T100703,2023-03-17 03:08:00,11.55,0.620567,62.06,0,Medium,Legitimate
T100704,2023-08-12 02:00:00,5.24,0.676923,67.69,0,Medium,Legitimate
T100705,2023-05-26 15:10:00,368.1,0.690044,69.0,1,High,Fraud
T100706,2023-12-10 02:27:00,31.13,0.795657,79.57,1,High,Fraud
T100707,2023-02-25 09:49:00,132.81,0.701531,70.15,1,High,Fraud
T100708,2023-08-08 06:29:00,23.51,0.085225,8.52,0,Low,Legitimate
T100709,2023-03-30 23:17:00,91.53,0.071892,7.19,0,Low,Legitimate
T100710,2024-01-27 13:39:00,114.25,0.071892,7.19,0,Low,Legitimate
T100711,2023-05-02 19:41:00,72.44,0.074456,7.45,0,Low,Legitimate
T100712,2023-12-18 08:35:00,51.03,0.074782,7.48,0,Low,Legitimate
T100713,2023-08-12 16:49:00,42.46,0.715222,71.52,1,High,Fraud
T100714,2023-03-22 20:26:00,34.32,0.071892,7.19,0,Low,Legitimate
T100715,2023-12-15 01:13:00,212.2,0.654032,65.4,0,Medium,Legitimate
T100716,2023-12-31 11:52:00,142.05,0.071892,7.19,0,Low,Legitimate
T100717,2023-07-06 17:29:00,268.25,0.073653,7.37,0,Low,Legitimate
T100718,2023-11-02 08:30:00,10.62,0.076608,7.66,0,Low,Legitimate
T100719,2023-11-25 13:17:00,105.0,0.071892,7.19,0,Low,Legitimate
T100720,2023-07-07 19:20:00,222.89,0.073653,7.37,0,Low,Legitimate
T100721,2023-07-11 07:45:00,16.0,0.075824,7.58,0,Low,Legitimate
T100722,2023-04-17 19:04:00,5.5,0.811833,81.18,1,High,Fraud
T100723,2023-06-29 00:12:00,108.11,0.708908,70.89,1,High,Fraud
T100724,2023-09-13 13:20:00,68.35,0.71896,71.9,1,High,Fraud
T100725,2023-08-10 09:22:00,147.53,0.073653,7.37,0,Low,Legitimate
T100726,2023-09-12 08:29:00,12.04,0.076588,7.66,0,Low,Legitimate
T100727,2023-07-26 09:54:00,126.88,0.071892,7.19,0,Low,Legitimate
T100728,2023-02-07 21:42:00,18.01,0.073653,7.37,0,Low,Legitimate
T100729,2023-03-27 17:17:00,14.3,0.071892,7.19,0,Low,Legitimate
T100730,2024-01-21 20:50:00,14.36,0.071892,7.19,0,Low,Legitimate
T100731,2023-06-03 12:43:00,134.81,0.792374,79.24,1,High,Fraud
T100732,2023-10-11 08:35:00,87.54,0.075824,7.58,0,Low,Legitimate
T100733,2023-04-23 10:26:00,59.23,0.071892,7.19,0,Low,Legitimate
T100734,2024-02-03 13:19:00,35.56,0.073653,7.37,0,Low,Legitimate
T100735,2023-02-21 18:20:00,167.78,0.072677,7.27,0,Low,Legitimate
T100736,2023-03-31 03:10:00,39.87,0.834339,83.43,1,High,Fraud
T100737,2023-06-04 23:08:00,135.69,0.073653,7.37,0,Low,Legitimate
T100738,2023-03-10 05:37:00,46.26,0.651617,65.16,0,Medium,Legitimate
T100739,2023-03-12 20:46:00,37.85,0.072896,7.29,0,Low,Legitimate
T100740,2024-01-05 19:21:00,49.69,0.073653,7.37,0,Low,Legitimate
T100741,2024-01-31 06:27:00,28.69,0.085225,8.52,0,Low,Legitimate
T100742,2023-12-25 11:28:00,110.14,0.072677,7.27,0,Low,Legitimate
T100743,2023-12-23 18:21:00,55.89,0.071892,7.19,0,Low,Legitimate
T100744,2023-03-29 10:44:00,21.14,0.071892,7.19,0,Low,Legitimate
T100745,2023-11-23 12:00:00,183.87,0.071892,7.19,0,Low,Legitimate
T100746,2023-02-01 10:30:00,38.75,0.073653,7.37,0,Low,Legitimate
T100747,2023-06-01 16:54:00,62.74,0.074456,7.45,0,Low,Legitimate
T100748,2023-12-11 23:29:00,189.56,0.072896,7.29,0,Low,Legitimate
T100749,2023-02-18 16:46:00,78.3,0.071892,7.19,0,Low,Legitimate
T100750,2023-06-21 15:41:00,9.95,0.071892,7.19,0,Low,Legitimate
T100751,2023-10-29 19:46:00,224.85,0.071892,7.19,0,Low,Legitimate
T100752,2023-10-04 20:35:00,79.05,0.074456,7.45,0,Low,Legitimate
T100753,2023-10-14 10:01:00,32.63,0.071892,7.19,0,Low,Legitimate
T100754,2024-01-26 06:55:00,12.0,0.083105,8.31,0,Low,Legitimate
T100755,2023-01-17 19:45:00,126.4,0.072677,7.27,0,Low,Legitimate
T100756,2023-04-17 13:15:00,77.42,0.071892,7.19,0,Low,Legitimate
T100757,2023-12-22 00:33:00,60.99,0.68463,68.46,0,Medium,Legitimate
T100758,2024-01-01 16:17:00,179.46,0.073653,7.37,0,Low,Legitimate
T100759,2023-08-18 06:09:00,124.32,0.085426,8.54,0,Low,Legitimate
T100760,2023-09-24 01:53:00,13.16,0.651928,65.19,0,Medium,Legitimate
T100761,2023-08-03 10:20:00,29.89,0.073653,7.37,0,Low,Legitimate
T100762,2023-10-20 20:11:00,22.85,0.072677,7.27,0,Low,Legitimate
T100763,2023-02-03 03:27:00,108.99,0.836797,83.68,1,High,Fraud
T100764,2023-06-03 17:23:00,2.73,0.073653,7.37,0,Low,Legitimate
T100765,2023-04-09 13:13:00,67.5,0.073653,7.37,0,Low,Legitimate
T100766,2023-12-02 06:18:00,114.99,0.085972,8.6,0,Low,Legitimate
T100767,2024-02-05 15:57:00,167.49,0.073653,7.37,0,Low,Legitimate
T100768,2023-03-04 20:44:00,33.49,0.073653,7.37,0,Low,Legitimate
T100769,2023-11-28 11:49:00,137.74,0.071892,7.19,0,Low,Legitimate
T100770,2023-10-17 23:15:00,9.38,0.071892,7.19,0,Low,Legitimate
T100771,2023-05-31 06:23:00,149.9,0.085972,8.6,0,Low,Legitimate
T100772,2023-05-19 00:05:00,10.91,0.669258,66.93,0,Medium,Legitimate
T100773,2023-07-20 22:40:00,40.51,0.762057,76.21,1,High,Fraud
T100774,2023-02-12 19:03:00,127.68,0.072896,7.29,0,Low,Legitimate
T100775,2023-10-10 18:12:00,12.99,0.737531,73.75,1,High,Fraud
T100776,2023-11-06 07:27:00,20.83,0.076608,7.66,0,Low,Legitimate
T100777,2023-05-14 21:07:00,102.48,0.071892,7.19,0,Low,Legitimate
T100778,2023-07-16 15:13:00,101.85,0.071892,7.19,0,Low,Legitimate
T100779,2023-04-30 06:57:00,81.99,0.086897,8.69,0,Low,Legitimate
T100780,2023-05-19 09:39:00,94.72,0.071892,7.19,0,Low,Legitimate
T100781,2023-04-21 06:44:00,62.6,0.086957,8.7,0,Low,Legitimate
T100782,2023-07-12 00:53:00,23.21,0.774233,77.42,1,High,Fraud
T100783,2023-05-31 09:52:00,33.93,0.071892,7.19,0,Low,Legitimate
T100784,2023-04-10 04:25:00,16.03,0.701157,70.12,1,High,Fraud
T100785,2023-07-18 19:03:00,191.27,0.071892,7.19,0,Low,Legitimate
T100786,2024-01-09 05:33:00,70.05,0.71716,71.72,1,High,Fraud
T100787,2023-06-20 09:11:00,40.98,0.071892,7.19,0,Low,Legitimate
T100788,2023-05-09 19:47:00,49.59,0.073653,7.37,0,Low,Legitimate
T100789,2023-08-28 20:56:00,235.43,0.071892,7.19,0,Low,Legitimate
T100790,2023-09-29 19:49:00,13.32,0.691671,69.17,1,High,Fraud
T100791,2023-12-28 17:27:00,70.6,0.071892,7.19,0,Low,Legitimate
T100792,2023-10-21 22:17:00,56.4,0.071892,7.19,0,Low,Legitimate
T100793,2023-07-21 06:19:00,75.63,0.086957,8.7,0,Low,Legitimate
T100794,2023-05-27 05:34:00,1.46,0.583632,58.36,0,Medium,Legitimate
T100795,2023-12-13 01:18:00,164.54,0.714686,71.47,1,High,Fraud
T100796,2023-11-23 00:20:00,215.2,0.699866,69.99,1,High,Fraud
T100797,2023-06-07 23:33:00,66.62,0.073653,7.37,0,Low,Legitimate
T100798,2023-07-16 15:35:00,95.43,0.071892,7.19,0,Low,Legitimate
T100799,2023-06-17 17:09:00,204.6,0.071892,7.19,0,Low,Legitimate
T100800,2023-04-14 12:01:00,98.27,0.071892,7.19,0,Low,Legitimate
T100801,2023-01-24 23:18:00,13.24,0.728135,72.81,1,High,Fraud
T100802,2023-11-04 03:59:00,68.7,0.704145,70.41,1,High,Fraud
T100803,2023-02-28 20:04:00,74.66,0.072677,7.27,0,Low,Legitimate
T100804,2024-01-06 03:28:00,44.15,0.692807,69.28,1,High,Fraud
T100805,2024-02-20 03:25:00,106.68,0.705559,70.56,1,High,Fraud
T100806,2023-04-29 00:58:00,217.89,0.719192,71.92,1,High,Fraud
T100807,2024-02-19 06:21:00,207.83,0.085972,8.6,0,Low,Legitimate
T100808,2023-12-15 14:20:00,47.95,0.071892,7.19,0,Low,Legitimate
T100809,2023-02-11 02:00:00,9.61,0.685108,68.51,0,Medium,Legitimate
T100810,2023-10-20 02:16:00,335.13,0.687993,68.8,0,Medium,Legitimate
T100811,2023-05-25 00:38:00,146.06,0.712053,71.21,1,High,Fraud
T100812,2023-11-17 08:43:00,10.65,0.074782,7.48,0,Low,Legitimate
T100813,2023-05-08 12:40:00,202.9,0.074456,7.45,0,Low,Legitimate
T100814,2023-05-14 08:49:00,163.15,0.816292,81.63,1,High,Fraud
T100815,2023-02-27 07:28:00,58.52,0.074782,7.48,0,Low,Legitimate
T100816,2023-05-30 08:47:00,71.58,0.074782,7.48,0,Low,Legitimate
T100817,2023-03-21 11:37:00,40.73,0.714508,71.45,1,High,Fraud
T100818,2023-05-29 20:56:00,4.51,0.071892,7.19,0,Low,Legitimate
T100819,2023-01-02 07:17:00,32.66,0.076608,7.66,0,Low,Legitimate
T100820,2023-08-03 00:08:00,129.9,0.724181,72.42,1,High,Fraud
T100821,2023-12-12 16:22:00,0.37,0.072896,7.29,0,Low,Legitimate
T100822,2023-02-15 07:30:00,32.46,0.074782,7.48,0,Low,Legitimate
T100823,2024-02-13 08:48:00,40.62,0.075824,7.58,0,Low,Legitimate
T100824,2023-09-12 21:53:00,61.67,0.072896,7.29,0,Low,Legitimate
T100825,2023-12-14 02:03:00,201.91,0.67586,67.59,0,Medium,Legitimate
T100826,2023-02-19 16:17:00,34.01,0.071892,7.19,0,Low,Legitimate
T100827,2023-01-09 13:37:00,34.09,0.073653,7.37,0,Low,Legitimate
T100828,2023-11-07 08:24:00,107.0,0.077441,7.74,0,Low,Legitimate
T100829,2023-06-30 00:56:00,48.15,0.684684,68.47,0,Medium,Legitimate
T100830,2023-07-07 00:25:00,20.35,0.69755,69.75,1,High,Fraud
T100831,2023-07-02 07:56:00,48.18,0.07738,7.74,0,Low,Legitimate
T100832,2023-05-21 01:31:00,12.15,0.68961,68.96,0,Medium,Legitimate
T100833,2023-04-24 03:49:00,15.52,0.691088,69.11,1,High,Fraud
T100834,2023-06-22 20:26:00,55.19,0.071892,7.19,0,Low,Legitimate
T100835,2023-10-16 21:21:00,43.43,0.850515,85.05,1,High,Fraud
T100836,2023-02-03 13:05:00,197.06,0.073653,7.37,0,Low,Legitimate
T100837,2023-09-10 12:40:00,36.0,0.073653,7.37,0,Low,Legitimate
T100838,2023-12-24 04:47:00,69.51,0.790203,79.02,1,High,Fraud
T100839,2024-02-06 07:27:00,80.03,0.076608,7.66,0,Low,Legitimate
T100840,2023-02-20 15:51:00,1.05,0.071892,7.19,0,Low,Legitimate
T100841,2023-05-05 16:56:00,87.14,0.073653,7.37,0,Low,Legitimate
T100842,2023-11-18 02:37:00,15.68,0.698391,69.84,1,High,Fraud
T100843,2023-10-23 07:01:00,259.68,0.074782,7.48,0,Low,Legitimate
T100844,2023-10-15 22:53:00,12.88,0.071892,7.19,0,Low,Legitimate
T100845,2023-12-01 04:12:00,42.84,0.673548,67.35,0,Medium,Legitimate
T100846,2023-03-17 11:00:00,7.14,0.071892,7.19,0,Low,Legitimate
T100847,2023-09-25 10:42:00,461.45,0.071892,7.19,0,Low,Legitimate
T100848,2023-11-28 14:50:00,55.8,0.071892,7.19,0,Low,Legitimate
T100849,2023-09-17 06:25:00,72.39,0.711088,71.11,1,High,Fraud
T100850,2023-02-24 11:15:00,5.55,0.071892,7.19,0,Low,Legitimate
T100851,2023-09-30 14:40:00,110.89,0.071892,7.19,0,Low,Legitimate
T100852,2023-04-28 19:01:00,18.85,0.071892,7.19,0,Low,Legitimate
T100853,2023-02-10 06:05:00,182.67,0.699838,69.98,1,High,Fraud
T100854,2023-10-03 02:15:00,18.37,0.704055,70.41,1,High,Fraud
T100855,2023-12-06 09:30:00,16.93,0.073653,7.37,0,Low,Legitimate
T100856,2023-01-26 01:51:00,2.98,0.628125,62.81,0,Medium,Legitimate
T100857,2023-10-03 06:41:00,51.1,0.086648,8.66,0,Low,Legitimate
T100858,2023-04-21 04:40:00,66.56,0.675764,67.58,0,Medium,Legitimate
T100859,2023-10-20 22:13:00,5.44,0.756517,75.65,1,High,Fraud
T100860,2023-04-15 17:14:00,119.52,0.071892,7.19,0,Low,Legitimate
T100861,2023-01-18 21:15:00,48.31,0.782145,78.21,1,High,Fraud
T100862,2023-10-15 13:26:00,59.45,0.79878,79.88,1,High,Fraud
T100863,2024-01-09 09:32:00,46.49,0.074456,7.45,0,Low,Legitimate
T100864,2023-10-29 22:29:00,40.97,0.071892,7.19,0,Low,Legitimate
T100865,2023-04-29 04:10:00,65.61,0.676512,67.65,0,Medium,Legitimate
T100866,2023-06-07 13:05:00,13.5,0.073653,7.37,0,Low,Legitimate
T100867,2023-01-05 22:16:00,16.06,0.073653,7.37,0,Low,Legitimate
T100868,2023-05-08 22:04:00,158.32,0.073653,7.37,0,Low,Legitimate
T100869,2023-06-22 04:06:00,233.67,0.684934,68.49,0,Medium,Legitimate
T100870,2024-01-11 10:12:00,37.38,0.072896,7.29,0,Low,Legitimate
T100871,2023-10-06 09:43:00,25.26,0.073653,7.37,0,Low,Legitimate
T100872,2024-02-07 07:02:00,82.63,0.076608,7.66,0,Low,Legitimate
T100873,2023-10-15 21:31:00,42.04,0.071892,7.19,0,Low,Legitimate
T100874,2023-12-18 01:26:00,2.06,0.630573,63.06,0,Medium,Legitimate
T100875,2023-08-23 16:05:00,13.58,0.072677,7.27,0,Low,Legitimate
T100876,2023-02-03 21:57:00,100.69,0.073653,7.37,0,Low,Legitimate
T100877,2023-10-07 17:50:00,86.05,0.073653,7.37,0,Low,Legitimate
T100878,2023-10-29 16:43:00,2.2,0.072677,7.27,0,Low,Legitimate
T100879,2023-02-04 18:09:00,20.08,0.073653,7.37,0,Low,Legitimate
T100880,2023-05-29 18:00:00,21.02,0.071892,7.19,0,Low,Legitimate
T100881,2024-02-06 23:57:00,89.15,0.074456,7.45,0,Low,Legitimate
T100882,2024-02-17 20:39:00,1.59,0.071892,7.19,0,Low,Legitimate
T100883,2023-09-01 14:15:00,8.79,0.073653,7.37,0,Low,Legitimate
T100884,2023-02-09 16:24:00,128.72,0.073653,7.37,0,Low,Legitimate
T100885,2023-04-29 05:29:00,15.73,0.668576,66.86,0,Medium,Legitimate
T100886,2024-02-05 15:25:00,84.62,0.073653,7.37,0,Low,Legitimate
T100887,2023-07-28 12:21:00,21.76,0.071892,7.19,0,Low,Legitimate
T100888,2024-02-16 06:29:00,8.38,0.082217,8.22,0,Low,Legitimate
T100889,2023-01-26 04:43:00,22.29,0.733777,73.38,1,High,Fraud
T100890,2023-03-22 05:31:00,102.49,0.858151,85.82,1,High,Fraud
T100891,2024-02-09 08:11:00,154.87,0.07738,7.74,0,Low,Legitimate
T100892,2024-02-14 08:11:00,141.86,0.074782,7.48,0,Low,Legitimate
T100893,2023-02-10 08:26:00,40.49,0.076608,7.66,0,Low,Legitimate
T100894,2023-10-17 21:22:00,88.23,0.072677,7.27,0,Low,Legitimate
T100895,2024-02-19 15:07:00,18.35,0.071892,7.19,0,Low,Legitimate
T100896,2023-03-29 07:14:00,27.75,0.074782,7.48,0,Low,Legitimate
T100897,2023-08-23 07:34:00,181.33,0.075537,7.55,0,Low,Legitimate
T100898,2023-11-08 23:47:00,1.05,0.073653,7.37,0,Low,Legitimate
T100899,2023-08-10 15:56:00,7.15,0.073653,7.37,0,Low,Legitimate
T100900,2023-12-13 08:14:00,18.64,0.075824,7.58,0,Low,Legitimate
T100901,2023-05-14 14:09:00,2.15,0.773657,77.37,1,High,Fraud
T100902,2024-02-10 08:29:00,16.02,0.712027,71.2,1,High,Fraud
T100903,2023-01-04 09:51:00,69.98,0.073653,7.37,0,Low,Legitimate
T100904,2024-01-10 02:46:00,43.77,0.797102,79.71,1,High,Fraud
T100905,2023-01-28 10:31:00,178.55,0.071892,7.19,0,Low,Legitimate
T100906,2023-06-02 22:40:00,136.06,0.073653,7.37,0,Low,Legitimate
T100907,2023-10-30 08:02:00,33.46,0.074782,7.48,0,Low,Legitimate
T100908,2023-07-12 22:25:00,24.03,0.073692,7.37,0,Low,Legitimate
T100909,2023-04-27 11:42:00,38.2,0.071892,7.19,0,Low,Legitimate
T100910,2023-11-15 16:52:00,71.39,0.071892,7.19,0,Low,Legitimate
T100911,2023-03-14 08:53:00,24.96,0.074782,7.48,0,Low,Legitimate
T100912,2023-01-18 08:28:00,78.28,0.074782,7.48,0,Low,Legitimate
T100913,2023-07-24 23:29:00,42.13,0.071892,7.19,0,Low,Legitimate
T100914,2023-07-02 00:10:00,64.25,0.720016,72.0,1,High,Fraud
T100915,2023-12-02 23:06:00,45.83,0.781802,78.18,1,High,Fraud
T100916,2024-02-19 16:27:00,27.9,0.071892,7.19,0,Low,Legitimate
T100917,2023-11-13 16:53:00,237.22,0.073692,7.37,0,Low,Legitimate
T100918,2023-09-23 17:56:00,115.38,0.714553,71.46,1,High,Fraud
T100919,2023-04-15 22:13:00,12.08,0.071892,7.19,0,Low,Legitimate
T100920,2023-02-12 15:22:00,162.28,0.072896,7.29,0,Low,Legitimate
T100921,2023-11-14 13:58:00,53.47,0.071892,7.19,0,Low,Legitimate
T100922,2023-02-01 22:35:00,179.96,0.719952,72.0,1,High,Fraud
T100923,2023-08-19 19:15:00,128.7,0.071892,7.19,0,Low,Legitimate
T100924,2023-06-15 07:16:00,44.3,0.075597,7.56,0,Low,Legitimate
T100925,2023-07-27 14:16:00,1.82,0.071892,7.19,0,Low,Legitimate
T100926,2023-12-16 17:58:00,25.03,0.071892,7.19,0,Low,Legitimate
T100927,2023-09-02 10:22:00,62.41,0.074456,7.45,0,Low,Legitimate
T100928,2023-02-06 03:18:00,80.3,0.723849,72.38,1,High,Fraud
T100929,2023-01-21 22:27:00,23.86,0.071892,7.19,0,Low,Legitimate
T100930,2024-01-18 01:41:00,12.01,0.687344,68.73,0,Medium,Legitimate
T100931,2023-12-08 04:33:00,144.11,0.661285,66.13,0,Medium,Legitimate
T100932,2023-10-03 12:13:00,332.85,0.073653,7.37,0,Low,Legitimate
T100933,2024-02-11 20:39:00,59.67,0.072896,7.29,0,Low,Legitimate
T100934,2023-01-22 23:51:00,15.07,0.071892,7.19,0,Low,Legitimate
T100935,2023-01-20 04:52:00,25.43,0.64479,64.48,0,Medium,Legitimate
T100936,2023-07-06 16:18:00,1.48,0.073653,7.37,0,Low,Legitimate
T100937,2023-05-13 09:43:00,196.55,0.072896,7.29,0,Low,Legitimate
T100938,2023-10-14 17:34:00,10.02,0.809301,80.93,1,High,Fraud
T100939,2023-05-11 06:43:00,68.74,0.087043,8.7,0,Low,Legitimate
T100940,2023-11-08 15:29:00,25.62,0.073653,7.37,0,Low,Legitimate
T100941,2023-07-15 23:12:00,64.63,0.071892,7.19,0,Low,Legitimate
T100942,2024-01-13 09:19:00,84.31,0.072896,7.29,0,Low,Legitimate
T100943,2023-05-04 17:01:00,141.64,0.073653,7.37,0,Low,Legitimate
T100944,2023-06-18 04:04:00,18.5,0.693781,69.38,1,High,Fraud
T100945,2023-05-18 08:32:00,0.88,0.074782,7.48,0,Low,Legitimate
T100946,2023-12-10 21:48:00,11.78,0.718791,71.88,1,High,Fraud
T100947,2024-01-07 09:19:00,184.22,0.073653,7.37,0,Low,Legitimate
T100948,2023-07-22 11:34:00,165.65,0.071892,7.19,0,Low,Legitimate
T100949,2023-12-26 13:00:00,72.79,0.071892,7.19,0,Low,Legitimate
T100950,2023-08-19 11:54:00,73.41,0.071892,7.19,0,Low,Legitimate
T100951,2023-05-23 04:55:00,87.5,0.706925,70.69,1,High,Fraud
T100952,2023-10-04 07:38:00,15.43,0.07822,7.82,0,Low,Legitimate
T100953,2023-04-20 21:09:00,196.66,0.710429,71.04,1,High,Fraud
T100954,2023-01-26 23:51:00,43.41,0.071892,7.19,0,Low,Legitimate
T100955,2024-01-22 05:24:00,38.65,0.801379,80.14,1,High,Fraud
T100956,2023-04-02 03:21:00,58.54,0.709082,70.91,1,High,Fraud
T100957,2024-01-18 20:33:00,3.85,0.071892,7.19,0,Low,Legitimate
T100958,2023-06-26 01:27:00,14.55,0.687559,68.76,0,Medium,Legitimate
T100959,2023-08-26 09:26:00,107.16,0.072677,7.27,0,Low,Legitimate
T100960,2023-03-26 03:59:00,6.91,0.693095,69.31,1,High,Fraud
T100961,2023-08-26 04:03:00,73.94,0.791566,79.16,1,High,Fraud
T100962,2023-05-05 02:24:00,22.52,0.79825,79.83,1,High,Fraud
T100963,2024-01-27 12:00:00,39.45,0.695199,69.52,1,High,Fraud
T100964,2023-08-19 19:13:00,27.25,0.071892,7.19,0,Low,Legitimate
T100965,2023-04-30 11:15:00,35.16,0.715546,71.55,1,High,Fraud
T100966,2023-02-17 21:46:00,101.57,0.071892,7.19,0,Low,Legitimate
T100967,2023-03-14 19:55:00,28.21,0.071892,7.19,0,Low,Legitimate
T100968,2023-02-18 22:34:00,66.85,0.072677,7.27,0,Low,Legitimate
T100969,2023-10-17 05:35:00,51.71,0.690925,69.09,1,High,Fraud
T100970,2023-10-16 05:24:00,87.17,0.807479,80.75,1,High,Fraud
T100971,2023-05-10 18:50:00,220.95,0.718804,71.88,1,High,Fraud
T100972,2023-04-01 11:18:00,105.51,0.073653,7.37,0,Low,Legitimate
T100973,2023-02-16 14:46:00,19.36,0.071892,7.19,0,Low,Legitimate
T100974,2023-11-15 09:34:00,2.53,0.071892,7.19,0,Low,Legitimate
T100975,2023-08-01 01:02:00,24.33,0.704202,70.42,1,High,Fraud
T100976,2023-10-22 01:55:00,72.32,0.70412,70.41,1,High,Fraud
T100977,2024-02-11 15:23:00,4.22,0.072896,7.29,0,Low,Legitimate
T100978,2023-03-24 10:17:00,54.87,0.071892,7.19,0,Low,Legitimate
T100979,2023-11-18 21:57:00,72.67,0.072677,7.27,0,Low,Legitimate
T100980,2024-02-10 16:49:00,32.55,0.819033,81.9,1,High,Fraud
T100981,2023-02-27 01:06:00,117.89,0.688233,68.82,0,Medium,Legitimate
T100982,2023-01-03 07:11:00,9.02,0.076608,7.66,0,Low,Legitimate
T100983,2023-11-01 22:50:00,6.25,0.073653,7.37,0,Low,Legitimate
T100984,2023-02-15 16:56:00,104.21,0.071892,7.19,0,Low,Legitimate
T100985,2023-03-04 01:20:00,54.73,0.716409,71.64,1,High,Fraud
T100986,2023-09-02 15:48:00,93.28,0.073653,7.37,0,Low,Legitimate
T100987,2024-01-05 12:02:00,45.65,0.074456,7.45,0,Low,Legitimate
T100988,2023-12-19 14:28:00,22.63,0.071892,7.19,0,Low,Legitimate
T100989,2023-04-14 23:59:00,136.79,0.071892,7.19,0,Low,Legitimate
T100990,2023-09-05 20:48:00,128.52,0.073653,7.37,0,Low,Legitimate
T100991,2023-03-18 13:33:00,94.92,0.071892,7.19,0,Low,Legitimate
T100992,2023-10-10 06:53:00,25.41,0.085225,8.52,0,Low,Legitimate
T100993,2023-10-15 06:45:00,71.37,0.085972,8.6,0,Low,Legitimate
T100994,2023-07-31 06:07:00,35.82,0.086752,8.68,0,Low,Legitimate
T100995,2023-03-21 22:57:00,7.68,0.071892,7.19,0,Low,Legitimate
T100996,2023-01-10 12:39:00,199.42,0.073653,7.37,0,Low,Legitimate
T100997,2023-05-22 21:14:00,11.77,0.071892,7.19,0,Low,Legitimate
T100998,2023-10-10 00:54:00,240.04,0.717127,71.71,1,High,Fraud
T100999,2023-05-02 12:53:00,47.25,0.074456,7.45,0,Low,Legitimate
T101000,2023-01-16 03:50:00,16.38,0.695123,69.51,1,High,Fraud
T101001,2024-01-04 20:02:00,62.45,0.074456,7.45,0,Low,Legitimate
T101002,2023-01-07 01:43:00,165.05,0.808697,80.87,1,High,Fraud
T101003,2023-05-09 22:35:00,105.41,0.073653,7.37,0,Low,Legitimate
T101004,2023-02-16 12:10:00,131.42,0.071892,7.19,0,Low,Legitimate
T101005,2023-07-19 05:20:00,86.02,0.701612,70.16,1,High,Fraud
T101006,2023-08-27 01:18:00,94.28,0.798783,79.88,1,High,Fraud
T101007,2023-09-17 02:01:00,151.34,0.708586,70.86,1,High,Fraud
T101008,2023-01-10 21:16:00,22.98,0.073653,7.37,0,Low,Legitimate
T101009,2023-11-02 14:37:00,53.78,0.788107,78.81,1,High,Fraud
T101010,2023-12-11 15:18:00,20.0,0.787056,78.71,1,High,Fraud
T101011,2023-02-24 01:33:00,351.64,0.831429,83.14,1,High,Fraud
T101012,2023-09-06 22:35:00,230.68,0.073653,7.37,0,Low,Legitimate
T101013,2023-02-25 16:01:00,3.22,0.639509,63.95,0,Medium,Legitimate
T101014,2023-12-08 22:14:00,97.82,0.715818,71.58,1,High,Fraud
T101015,2023-08-03 03:36:00,207.49,0.716908,71.69,1,High,Fraud
T101016,2023-01-28 05:19:00,15.93,0.806146,80.61,1,High,Fraud
T101017,2023-11-26 13:59:00,67.14,0.072677,7.27,0,Low,Legitimate
T101018,2023-11-11 16:37:00,197.67,0.072896,7.29,0,Low,Legitimate
T101019,2023-06-07 13:02:00,2.76,0.073653,7.37,0,Low,Legitimate
T101020,2023-05-01 09:25:00,95.63,0.073653,7.37,0,Low,Legitimate
T101021,2023-01-27 16:41:00,28.23,0.071892,7.19,0,Low,Legitimate
T101022,2024-01-06 21:48:00,206.58,0.073653,7.37,0,Low,Legitimate
T101023,2023-10-21 10:20:00,283.4,0.071892,7.19,0,Low,Legitimate
T101024,2023-11-10 08:46:00,230.97,0.07738,7.74,0,Low,Legitimate
T101025,2023-11-15 13:01:00,51.43,0.071892,7.19,0,Low,Legitimate
T101026,2023-07-01 20:05:00,158.46,0.073653,7.37,0,Low,Legitimate
T101027,2023-10-11 13:55:00,148.91,0.715543,71.55,1,High,Fraud
T101028,2023-09-01 00:42:00,30.75,0.671712,67.17,0,Medium,Legitimate
T101029,2023-10-18 07:02:00,141.25,0.075537,7.55,0,Low,Legitimate
T101030,2023-10-22 19:39:00,3.02,0.071892,7.19,0,Low,Legitimate
T101031,2023-05-04 13:53:00,72.56,0.073653,7.37,0,Low,Legitimate
T101032,2023-01-30 12:49:00,20.91,0.817231,81.72,1,High,Fraud
T101033,2023-03-22 12:28:00,10.28,0.071892,7.19,0,Low,Legitimate
T101034,2023-06-04 21:51:00,6.41,0.073653,7.37,0,Low,Legitimate
T101035,2023-09-30 22:08:00,95.33,0.071892,7.19,0,Low,Legitimate
T101036,2024-01-31 08:07:00,33.23,0.075537,7.55,0,Low,Legitimate
T101037,2023-11-21 21:29:00,103.21,0.718432,71.84,1,High,Fraud
T101038,2023-07-10 00:47:00,5.41,0.69809,69.81,1,High,Fraud
T101039,2023-03-02 09:31:00,30.3,0.073653,7.37,0,Low,Legitimate
T101040,2024-01-03 22:12:00,62.03,0.073653,7.37,0,Low,Legitimate
T101041,2023-05-23 07:22:00,125.13,0.074782,7.48,0,Low,Legitimate
T101042,2024-02-11 04:27:00,30.71,0.695832,69.58,1,High,Fraud
T101043,2023-01-16 02:57:00,78.66,0.683156,68.32,0,Medium,Legitimate
T101044,2023-07-16 03:07:00,173.71,0.705814,70.58,1,High,Fraud
T101045,2023-02-01 19:44:00,76.54,0.073653,7.37,0,Low,Legitimate
T101046,2023-07-25 13:45:00,21.22,0.071892,7.19,0,Low,Legitimate
T101047,2023-12-25 18:34:00,1.98,0.071892,7.19,0,Low,Legitimate
T101048,2024-01-05 23:26:00,163.28,0.073653,7.37,0,Low,Legitimate
T101049,2023-01-31 00:04:00,1.72,0.58661,58.66,0,Medium,Legitimate
T101050,2023-05-18 14:55:00,166.16,0.071892,7.19,0,Low,Legitimate
T101051,2023-08-24 14:24:00,60.22,0.072677,7.27,0,Low,Legitimate
T101052,2023-10-09 06:16:00,223.84,0.085972,8.6,0,Low,Legitimate
T101053,2023-03-13 02:47:00,128.27,0.694859,69.49,1,High,Fraud
T101054,2023-05-22 07:44:00,494.58,0.074782,7.48,0,Low,Legitimate
T101055,2023-04-29 11:56:00,34.55,0.072677,7.27,0,Low,Legitimate
T101056,2023-03-08 20:59:00,116.6,0.073653,7.37,0,Low,Legitimate
T101057,2023-07-18 15:12:00,41.12,0.071892,7.19,0,Low,Legitimate
T101058,2023-04-02 23:34:00,52.29,0.073653,7.37,0,Low,Legitimate
T101059,2023-05-05 01:28:00,79.0,0.678711,67.87,0,Medium,Legitimate
T101060,2023-12-12 01:30:00,165.51,0.701987,70.2,1,High,Fraud
T101061,2023-12-16 22:36:00,331.23,0.072677,7.27,0,Low,Legitimate
T101062,2023-04-30 06:59:00,116.98,0.085972,8.6,0,Low,Legitimate
T101063,2023-01-24 18:26:00,43.27,0.071892,7.19,0,Low,Legitimate
T101064,2023-05-20 19:40:00,43.77,0.071892,7.19,0,Low,Legitimate
T101065,2023-12-19 23:31:00,107.03,0.072677,7.27,0,Low,Legitimate
T101066,2023-10-29 16:50:00,21.83,0.071892,7.19,0,Low,Legitimate
T101067,2023-05-24 00:10:00,9.37,0.697166,69.72,1,High,Fraud
T101068,2023-11-26 00:20:00,35.03,0.69685,69.68,1,High,Fraud
T101069,2023-01-07 08:20:00,27.09,0.076608,7.66,0,Low,Legitimate
T101070,2023-11-09 17:47:00,28.11,0.073653,7.37,0,Low,Legitimate
T101071,2023-11-23 11:39:00,21.28,0.071892,7.19,0,Low,Legitimate
T101072,2023-08-17 11:05:00,3.44,0.071892,7.19,0,Low,Legitimate
T101073,2024-01-29 03:59:00,1.44,0.617514,61.75,0,Medium,Legitimate
T101074,2023-12-07 23:23:00,352.0,0.073653,7.37,0,Low,Legitimate
T101075,2023-04-17 04:11:00,44.66,0.690553,69.06,1,High,Fraud
T101076,2024-02-09 10:01:00,38.8,0.073653,7.37,0,Low,Legitimate
T101077,2023-11-03 00:44:00,91.07,0.672448,67.24,0,Medium,Legitimate
T101078,2023-09-26 20:01:00,19.7,0.071892,7.19,0,Low,Legitimate
T101079,2023-03-31 04:01:00,239.6,0.688917,68.89,0,Medium,Legitimate
T101080,2023-11-10 15:05:00,123.47,0.074456,7.45,0,Low,Legitimate
T101081,2023-02-11 16:34:00,7.49,0.707955,70.8,1,High,Fraud
T101082,2023-08-16 10:12:00,43.25,0.700689,70.07,1,High,Fraud
T101083,2023-06-03 16:26:00,169.04,0.073653,7.37,0,Low,Legitimate
T101084,2023-05-16 03:52:00,231.64,0.709402,70.94,1,High,Fraud
T101085,2023-04-11 05:22:00,50.4,0.717504,71.75,1,High,Fraud
T101086,2023-11-16 23:55:00,76.03,0.071892,7.19,0,Low,Legitimate
T101087,2023-03-22 02:55:00,14.62,0.802374,80.24,1,High,Fraud
T101088,2023-06-04 18:11:00,378.36,0.074456,7.45,0,Low,Legitimate
T101089,2024-01-13 17:01:00,21.08,0.072896,7.29,0,Low,Legitimate
T101090,2023-06-16 13:01:00,228.8,0.071892,7.19,0,Low,Legitimate
T101091,2024-01-20 19:17:00,83.91,0.815188,81.52,1,High,Fraud
T101092,2023-06-26 18:35:00,74.87,0.072677,7.27,0,Low,Legitimate
T101093,2023-08-15 20:48:00,57.51,0.713037,71.3,1,High,Fraud
T101094,2023-04-06 02:47:00,20.98,0.689166,68.92,0,Medium,Legitimate
T101095,2023-12-01 17:16:00,15.54,0.074456,7.45,0,Low,Legitimate
T101096,2023-02-15 04:54:00,19.93,0.695779,69.58,1,High,Fraud
T101097,2023-03-01 04:27:00,16.51,0.705808,70.58,1,High,Fraud
T101098,2023-10-12 17:20:00,120.98,0.072896,7.29,0,Low,Legitimate
T101099,2023-03-03 09:46:00,34.48,0.073653,7.37,0,Low,Legitimate
T101100,2023-10-17 04:11:00,4.77,0.737456,73.75,1,High,Fraud
T101101,2023-06-05 17:45:00,278.17,0.073653,7.37,0,Low,Legitimate
T101102,2023-07-31 06:19:00,172.19,0.085972,8.6,0,Low,Legitimate
T101103,2023-07-25 09:08:00,210.21,0.071892,7.19,0,Low,Legitimate
T101104,2023-07-07 18:35:00,422.4,0.073653,7.37,0,Low,Legitimate
T101105,2024-01-14 02:42:00,15.28,0.789326,78.93,1,High,Fraud
T101106,2024-02-03 15:24:00,40.37,0.073653,7.37,0,Low,Legitimate
T101107,2023-12-02 09:24:00,113.58,0.074456,7.45,0,Low,Legitimate
T101108,2023-10-22 23:47:00,95.26,0.071892,7.19,0,Low,Legitimate
T101109,2023-01-05 21:00:00,13.37,0.073653,7.37,0,Low,Legitimate
T101110,2024-01-02 23:35:00,135.35,0.073653,7.37,0,Low,Legitimate
T101111,2023-10-26 10:13:00,20.33,0.071892,7.19,0,Low,Legitimate
T101112,2023-02-26 22:18:00,20.27,0.072677,7.27,0,Low,Legitimate
T101113,2023-01-09 16:55:00,61.6,0.074456,7.45,0,Low,Legitimate
T101114,2023-04-12 12:44:00,71.9,0.719472,71.95,1,High,Fraud
T101115,2024-01-23 11:06:00,69.42,0.071892,7.19,0,Low,Legitimate
T101116,2023-12-23 22:57:00,7.68,0.071892,7.19,0,Low,Legitimate
T101117,2023-05-07 00:06:00,167.95,0.704761,70.48,1,High,Fraud
T101118,2023-07-15 09:03:00,24.7,0.071892,7.19,0,Low,Legitimate
T101119,2023-05-29 05:46:00,11.1,0.679533,67.95,0,Medium,Legitimate
T101120,2023-07-02 22:44:00,175.68,0.073653,7.37,0,Low,Legitimate
T101121,2023-02-06 21:32:00,249.25,0.073653,7.37,0,Low,Legitimate
T101122,2023-01-11 07:41:00,158.51,0.820329,82.03,1,High,Fraud
T101123,2023-03-13 07:13:00,132.65,0.075824,7.58,0,Low,Legitimate
T101124,2023-11-21 02:08:00,85.19,0.690867,69.09,1,High,Fraud
T101125,2023-08-23 21:11:00,64.03,0.071892,7.19,0,Low,Legitimate
T101126,2023-02-14 06:13:00,7.28,0.085225,8.52,0,Low,Legitimate
T101127,2023-12-03 11:40:00,42.0,0.073653,7.37,0,Low,Legitimate
T101128,2023-02-11 10:00:00,37.3,0.072896,7.29,0,Low,Legitimate
T101129,2023-09-16 10:53:00,24.06,0.071892,7.19,0,Low,Legitimate
T101130,2023-06-13 20:11:00,102.82,0.072896,7.29,0,Low,Legitimate
T101131,2023-10-22 07:37:00,54.79,0.075537,7.55,0,Low,Legitimate
T101132,2023-01-14 07:23:00,6.76,0.706218,70.62,1,High,Fraud
T101133,2023-12-13 23:19:00,19.9,0.072896,7.29,0,Low,Legitimate
T101134,2024-02-15 05:13:00,91.97,0.869868,86.99,1,High,Fraud
T101135,2024-02-08 08:42:00,6.33,0.707431,70.74,1,High,Fraud
T101136,2023-09-14 00:41:00,152.42,0.703395,70.34,1,High,Fraud
T101137,2023-10-18 23:57:00,54.68,0.071892,7.19,0,Low,Legitimate
T101138,2023-02-02 20:05:00,52.4,0.073653,7.37,0,Low,Legitimate
T101139,2023-05-27 01:31:00,71.8,0.685502,68.55,0,Medium,Legitimate
T101140,2023-02-05 02:29:00,139.29,0.704172,70.42,1,High,Fraud
T101141,2023-08-12 17:16:00,34.19,0.805861,80.59,1,High,Fraud
T101142,2023-12-21 00:33:00,90.66,0.806011,80.6,1,High,Fraud
T101143,2023-09-10 17:01:00,66.73,0.073653,7.37,0,Low,Legitimate
T101144,2024-02-17 19:34:00,24.85,0.709573,70.96,1,High,Fraud
T101145,2024-02-15 07:47:00,168.71,0.074782,7.48,0,Low,Legitimate
T101146,2024-02-06 10:51:00,127.73,0.073653,7.37,0,Low,Legitimate
T101147,2023-02-13 15:03:00,85.94,0.072896,7.29,0,Low,Legitimate
T101148,2023-09-15 07:05:00,152.08,0.076359,7.64,0,Low,Legitimate
T101149,2023-11-16 18:58:00,161.57,0.071892,7.19,0,Low,Legitimate
T101150,2023-12-10 13:06:00,98.58,0.825053,82.51,1,High,Fraud
T101151,2023-06-21 05:40:00,145.13,0.803067,80.31,1,High,Fraud
T101152,2023-12-11 04:06:00,95.65,0.705477,70.55,1,High,Fraud
T101153,2024-02-19 22:58:00,91.19,0.071892,7.19,0,Low,Legitimate
T101154,2023-08-31 15:18:00,77.11,0.071892,7.19,0,Low,Legitimate
T101155,2024-02-20 09:25:00,111.78,0.071892,7.19,0,Low,Legitimate
T101156,2023-11-17 01:41:00,13.82,0.657149,65.71,0,Medium,Legitimate
T101157,2023-07-06 02:53:00,170.2,0.711171,71.12,1,High,Fraud
T101158,2024-02-11 16:41:00,164.36,0.072896,7.29,0,Low,Legitimate
T101159,2023-03-24 04:44:00,2.37,0.567737,56.77,0,Medium,Legitimate
T101160,2023-11-25 01:54:00,139.81,0.685941,68.59,0,Medium,Legitimate
T101161,2023-03-29 06:05:00,11.04,0.809888,80.99,1,High,Fraud
T101162,2024-01-10 03:22:00,32.65,0.694494,69.45,1,High,Fraud
T101163,2023-08-23 14:58:00,108.85,0.071892,7.19,0,Low,Legitimate
T101164,2023-09-18 05:53:00,14.02,0.686164,68.62,0,Medium,Legitimate
T101165,2023-06-12 04:26:00,136.29,0.709941,70.99,1,High,Fraud
T101166,2023-10-29 11:35:00,142.77,0.071892,7.19,0,Low,Legitimate
T101167,2023-11-15 15:32:00,56.66,0.071892,7.19,0,Low,Legitimate
T101168,2023-05-25 02:29:00,0.51,0.54828,54.83,0,Medium,Legitimate
T101169,2024-02-04 12:46:00,27.07,0.074456,7.45,0,Low,Legitimate
T101170,2023-07-04 20:20:00,76.76,0.073653,7.37,0,Low,Legitimate
T101171,2023-02-06 03:11:00,317.85,0.81589,81.59,1,High,Fraud
T101172,2023-09-19 10:36:00,79.93,0.071892,7.19,0,Low,Legitimate
T101173,2023-09-13 19:37:00,24.07,0.072896,7.29,0,Low,Legitimate
T101174,2023-07-09 07:20:00,80.41,0.077441,7.74,0,Low,Legitimate
T101175,2024-01-03 19:55:00,62.12,0.812209,81.22,1,High,Fraud
T101176,2023-01-28 21:02:00,121.07,0.071892,7.19,0,Low,Legitimate
T101177,2023-09-01 22:49:00,9.05,0.073653,7.37,0,Low,Legitimate
T101178,2023-09-01 10:03:00,114.51,0.073653,7.37,0,Low,Legitimate
T101179,2023-10-04 18:21:00,62.34,0.073653,7.37,0,Low,Legitimate
T101180,2023-02-20 23:54:00,263.73,0.071892,7.19,0,Low,Legitimate
T101181,2023-07-20 01:08:00,33.47,0.685036,68.5,0,Medium,Legitimate
T101182,2023-09-25 01:37:00,80.11,0.800552,80.06,1,High,Fraud
T101183,2023-12-06 14:12:00,215.09,0.073653,7.37,0,Low,Legitimate
T101184,2023-07-29 06:22:00,8.65,0.085225,8.52,0,Low,Legitimate
T101185,2023-05-28 14:02:00,221.46,0.071892,7.19,0,Low,Legitimate
T101186,2023-10-19 11:35:00,93.15,0.071892,7.19,0,Low,Legitimate
T101187,2024-02-04 07:50:00,5.62,0.076608,7.66,0,Low,Legitimate
T101188,2023-09-08 05:29:00,28.64,0.651223,65.12,0,Medium,Legitimate
T101189,2024-02-12 05:07:00,98.53,0.681198,68.12,0,Medium,Legitimate
T101190,2023-12-14 00:52:00,5.58,0.697328,69.73,1,High,Fraud
T101191,2023-01-08 18:52:00,69.81,0.073653,7.37,0,Low,Legitimate
T101192,2023-02-02 22:32:00,33.96,0.073653,7.37,0,Low,Legitimate
T101193,2023-06-30 00:55:00,77.6,0.678876,67.89,0,Medium,Legitimate
T101194,2023-05-28 08:12:00,3.75,0.074782,7.48,0,Low,Legitimate
T101195,2023-03-30 07:37:00,164.17,0.075537,7.55,0,Low,Legitimate
T101196,2023-10-19 20:26:00,290.42,0.719036,71.9,1,High,Fraud
T101197,2023-09-06 07:31:00,277.59,0.802386,80.24,1,High,Fraud
T101198,2023-10-15 01:49:00,110.79,0.703169,70.32,1,High,Fraud
T101199,2023-03-03 23:32:00,11.15,0.073653,7.37,0,Low,Legitimate
T101200,2023-09-19 06:52:00,113.59,0.085972,8.6,0,Low,Legitimate
T101201,2023-06-16 00:32:00,1.99,0.603377,60.34,0,Medium,Legitimate
T101202,2023-07-10 12:35:00,1.79,0.074456,7.45,0,Low,Legitimate
T101203,2023-03-17 21:12:00,31.28,0.071892,7.19,0,Low,Legitimate
T101204,2023-08-24 19:34:00,53.66,0.071892,7.19,0,Low,Legitimate
T101205,2023-03-21 05:09:00,117.72,0.692218,69.22,1,High,Fraud
T101206,2023-01-15 16:09:00,91.98,0.695263,69.53,1,High,Fraud
T101207,2023-01-25 00:22:00,47.23,0.708428,70.84,1,High,Fraud
T101208,2023-10-16 16:26:00,25.58,0.071892,7.19,0,Low,Legitimate
T101209,2023-11-26 03:22:00,468.12,0.707972,70.8,1,High,Fraud
T101210,2024-01-20 22:14:00,44.44,0.071892,7.19,0,Low,Legitimate
T101211,2023-05-22 04:20:00,48.03,0.679403,67.94,0,Medium,Legitimate
T101212,2023-03-30 15:57:00,14.29,0.071892,7.19,0,Low,Legitimate
T101213,2023-08-10 14:48:00,126.71,0.737066,73.71,1,High,Fraud
T101214,2023-05-20 14:34:00,94.65,0.071892,7.19,0,Low,Legitimate
T101215,2023-01-03 22:03:00,19.96,0.073653,7.37,0,Low,Legitimate
T101216,2023-10-24 09:09:00,6.88,0.071892,7.19,0,Low,Legitimate
T101217,2023-07-23 14:32:00,91.28,0.071892,7.19,0,Low,Legitimate
T101218,2023-12-04 10:57:00,85.02,0.073653,7.37,0,Low,Legitimate
T101219,2023-03-18 03:23:00,25.53,0.68677,68.68,0,Medium,Legitimate
T101220,2023-05-28 15:23:00,241.05,0.071892,7.19,0,Low,Legitimate
T101221,2023-12-20 06:57:00,13.1,0.085225,8.52,0,Low,Legitimate
T101222,2023-10-28 20:11:00,45.3,0.071892,7.19,0,Low,Legitimate
T101223,2023-10-14 21:42:00,230.05,0.071892,7.19,0,Low,Legitimate
T101224,2024-02-20 17:18:00,43.54,0.800045,80.0,1,High,Fraud
T101225,2023-09-19 16:57:00,81.41,0.708513,70.85,1,High,Fraud
T101226,2023-07-18 04:42:00,40.55,0.6978,69.78,1,High,Fraud
T101227,2023-10-16 00:42:00,25.64,0.843268,84.33,1,High,Fraud
T101228,2023-06-16 09:09:00,330.7,0.071892,7.19,0,Low,Legitimate
T101229,2023-01-31 17:35:00,42.12,0.071892,7.19,0,Low,Legitimate
T101230,2023-01-01 18:56:00,179.62,0.073653,7.37,0,Low,Legitimate
T101231,2024-01-01 05:45:00,20.9,0.851117,85.11,1,High,Fraud
T101232,2023-06-14 10:00:00,19.17,0.071892,7.19,0,Low,Legitimate
T101233,2023-04-13 01:27:00,2.53,0.640726,64.07,0,Medium,Legitimate
T101234,2023-01-31 10:54:00,84.37,0.071892,7.19,0,Low,Legitimate
T101235,2023-02-14 15:40:00,36.78,0.071892,7.19,0,Low,Legitimate
T101236,2023-08-14 04:39:00,159.82,0.704342,70.43,1,High,Fraud
T101237,2023-06-25 12:25:00,51.28,0.706355,70.64,1,High,Fraud
T101238,2023-05-13 16:32:00,275.85,0.072896,7.29,0,Low,Legitimate
T101239,2023-12-08 05:19:00,16.42,0.769604,76.96,1,High,Fraud
T101240,2023-06-07 23:05:00,162.37,0.073653,7.37,0,Low,Legitimate
T101241,2023-09-21 05:05:00,119.9,0.703674,70.37,1,High,Fraud
T101242,2024-01-12 06:47:00,117.9,0.084303,8.43,0,Low,Legitimate
T101243,2023-04-06 11:21:00,149.03,0.073653,7.37,0,Low,Legitimate
T101244,2023-10-16 13:47:00,114.51,0.835812,83.58,1,High,Fraud
T101245,2023-06-27 11:56:00,78.73,0.071892,7.19,0,Low,Legitimate
T101246,2023-09-30 18:21:00,11.26,0.071892,7.19,0,Low,Legitimate
T101247,2023-09-09 02:15:00,2.65,0.589243,58.92,0,Medium,Legitimate
T101248,2023-03-25 05:55:00,202.91,0.689938,68.99,0,Medium,Legitimate
T101249,2023-08-04 21:21:00,76.7,0.074456,7.45,0,Low,Legitimate
T101250,2023-01-11 09:41:00,127.38,0.817797,81.78,1,High,Fraud
T101251,2023-11-25 06:54:00,52.55,0.088942,8.89,0,Low,Legitimate
T101252,2023-09-09 02:12:00,9.98,0.688907,68.89,0,Medium,Legitimate
T101253,2023-02-21 03:59:00,10.7,0.675378,67.54,0,Medium,Legitimate
T101254,2023-05-25 12:24:00,92.56,0.789018,78.9,1,High,Fraud
T101255,2023-01-02 14:12:00,45.01,0.073653,7.37,0,Low,Legitimate
T101256,2023-07-22 20:48:00,17.9,0.800489,80.05,1,High,Fraud
T101257,2023-11-03 11:34:00,54.12,0.074456,7.45,0,Low,Legitimate
T101258,2023-01-01 14:42:00,5.31,0.073653,7.37,0,Low,Legitimate
T101259,2023-05-29 08:12:00,69.78,0.075537,7.55,0,Low,Legitimate
T101260,2023-07-20 17:18:00,25.07,0.071892,7.19,0,Low,Legitimate
T101261,2023-05-03 21:57:00,127.78,0.073653,7.37,0,Low,Legitimate
T101262,2023-08-15 19:14:00,29.73,0.071892,7.19,0,Low,Legitimate
T101263,2023-12-10 09:40:00,48.59,0.073653,7.37,0,Low,Legitimate
T101264,2023-06-27 02:17:00,0.94,0.60598,60.6,0,Medium,Legitimate
T101265,2023-01-12 11:49:00,6.02,0.072896,7.29,0,Low,Legitimate
T101266,2023-09-01 06:29:00,39.87,0.084683,8.47,0,Low,Legitimate
T101267,2023-12-31 05:45:00,52.3,0.691208,69.12,1,High,Fraud
T101268,2023-03-20 21:09:00,73.31,0.071892,7.19,0,Low,Legitimate
T101269,2023-01-07 11:03:00,27.59,0.073653,7.37,0,Low,Legitimate
T101270,2023-01-28 17:36:00,94.99,0.071892,7.19,0,Low,Legitimate
T101271,2023-05-23 17:28:00,157.36,0.071892,7.19,0,Low,Legitimate
T101272,2023-07-27 20:15:00,121.08,0.072677,7.27,0,Low,Legitimate
T101273,2024-01-02 21:33:00,3.23,0.073653,7.37,0,Low,Legitimate
T101274,2023-12-20 22:19:00,52.39,0.071892,7.19,0,Low,Legitimate
T101275,2023-11-03 19:56:00,8.87,0.073653,7.37,0,Low,Legitimate
T101276,2023-03-09 05:52:00,22.17,0.714675,71.47,1,High,Fraud
T101277,2024-01-02 16:41:00,345.37,0.073653,7.37,0,Low,Legitimate
T101278,2023-06-06 14:06:00,12.3,0.073653,7.37,0,Low,Legitimate
T101279,2023-07-17 03:36:00,55.27,0.704753,70.48,1,High,Fraud
T101280,2023-10-11 20:12:00,77.02,0.072896,7.29,0,Low,Legitimate
T101281,2023-10-01 22:11:00,96.98,0.074456,7.45,0,Low,Legitimate
T101282,2024-02-12 11:54:00,65.61,0.073692,7.37,0,Low,Legitimate
T101283,2023-05-06 02:35:00,0.79,0.557654,55.77,0,Medium,Legitimate
T101284,2023-11-08 14:04:00,31.62,0.073653,7.37,0,Low,Legitimate
T101285,2023-01-03 12:08:00,58.34,0.073653,7.37,0,Low,Legitimate
T101286,2023-10-16 22:35:00,7.36,0.071892,7.19,0,Low,Legitimate
T101287,2023-02-25 12:47:00,34.54,0.072677,7.27,0,Low,Legitimate
T101288,2023-06-06 07:00:00,2.7,0.076608,7.66,0,Low,Legitimate
T101289,2023-02-10 10:28:00,6.55,0.073653,7.37,0,Low,Legitimate
T101290,2023-06-25 21:14:00,40.46,0.071892,7.19,0,Low,Legitimate
T101291,2023-11-21 01:57:00,11.39,0.677748,67.77,0,Medium,Legitimate
T101292,2024-02-07 13:49:00,67.06,0.073653,7.37,0,Low,Legitimate
T101293,2023-05-28 18:15:00,93.56,0.071892,7.19,0,Low,Legitimate
T101294,2023-11-20 11:32:00,128.99,0.071892,7.19,0,Low,Legitimate
T101295,2023-07-29 00:45:00,17.87,0.6799,67.99,0,Medium,Legitimate
T101296,2023-02-12 22:20:00,14.66,0.072896,7.29,0,Low,Legitimate
T101297,2023-02-13 02:16:00,8.84,0.70685,70.69,1,High,Fraud
T101298,2023-04-06 14:15:00,80.94,0.074456,7.45,0,Low,Legitimate
T101299,2023-07-02 14:17:00,98.06,0.073653,7.37,0,Low,Legitimate
T101300,2023-03-24 14:03:00,2.57,0.071892,7.19,0,Low,Legitimate
T101301,2023-05-30 17:25:00,220.18,0.071892,7.19,0,Low,Legitimate
T101302,2023-03-01 05:52:00,4.27,0.671555,67.16,0,Medium,Legitimate
T101303,2023-07-30 15:48:00,62.35,0.071892,7.19,0,Low,Legitimate
T101304,2023-12-07 18:42:00,98.77,0.073653,7.37,0,Low,Legitimate
T101305,2023-06-09 11:14:00,163.82,0.073653,7.37,0,Low,Legitimate
T101306,2023-08-28 21:36:00,100.17,0.071892,7.19,0,Low,Legitimate
T101307,2023-06-06 23:40:00,129.45,0.073653,7.37,0,Low,Legitimate
T101308,2023-07-28 07:01:00,33.17,0.074782,7.48,0,Low,Legitimate
T101309,2023-05-23 16:28:00,134.92,0.072677,7.27,0,Low,Legitimate
T101310,2023-11-07 14:31:00,6.68,0.073653,7.37,0,Low,Legitimate
T101311,2023-01-09 08:23:00,180.16,0.076608,7.66,0,Low,Legitimate
T101312,2024-01-15 19:22:00,63.45,0.071892,7.19,0,Low,Legitimate
T101313,2024-02-06 18:44:00,135.99,0.073653,7.37,0,Low,Legitimate
T101314,2023-11-17 02:37:00,48.16,0.668536,66.85,0,Medium,Legitimate
T101315,2023-12-08 23:04:00,82.53,0.074456,7.45,0,Low,Legitimate
T101316,2023-05-23 12:43:00,59.79,0.071892,7.19,0,Low,Legitimate
T101317,2023-05-12 03:28:00,105.22,0.74158,74.16,1,High,Fraud
T101318,2023-05-05 06:44:00,6.81,0.085595,8.56,0,Low,Legitimate
T101319,2023-03-17 04:18:00,4.98,0.647963,64.8,0,Medium,Legitimate
T101320,2023-03-01 07:16:00,22.71,0.076608,7.66,0,Low,Legitimate
T101321,2023-06-16 10:27:00,13.9,0.072677,7.27,0,Low,Legitimate
T101322,2023-07-11 09:37:00,164.32,0.072896,7.29,0,Low,Legitimate
T101323,2023-06-26 10:30:00,19.8,0.072677,7.27,0,Low,Legitimate
T101324,2023-03-13 05:08:00,297.93,0.798221,79.82,1,High,Fraud
T101325,2024-01-04 10:23:00,32.87,0.074456,7.45,0,Low,Legitimate
T101326,2023-08-13 20:10:00,16.08,0.722169,72.22,1,High,Fraud
T101327,2023-05-24 13:50:00,124.74,0.071892,7.19,0,Low,Legitimate
T101328,2023-12-28 00:25:00,86.0,0.6984,69.84,1,High,Fraud
T101329,2023-05-29 10:46:00,55.16,0.071892,7.19,0,Low,Legitimate
T101330,2023-11-29 21:51:00,64.84,0.071892,7.19,0,Low,Legitimate
T101331,2023-10-02 23:53:00,101.61,0.073653,7.37,0,Low,Legitimate
T101332,2023-10-28 06:26:00,20.75,0.70804,70.8,1,High,Fraud
T101333,2023-12-24 15:10:00,448.69,0.071892,7.19,0,Low,Legitimate
T101334,2023-02-08 05:10:00,294.45,0.72702,72.7,1,High,Fraud
T101335,2023-12-08 14:47:00,84.06,0.073653,7.37,0,Low,Legitimate
T101336,2023-12-13 11:56:00,17.81,0.073692,7.37,0,Low,Legitimate
T101337,2023-05-25 13:47:00,91.21,0.071892,7.19,0,Low,Legitimate
T101338,2023-09-19 04:56:00,5.99,0.690756,69.08,1,High,Fraud
T101339,2023-11-13 12:53:00,2.49,0.072896,7.29,0,Low,Legitimate
T101340,2023-09-28 23:54:00,23.84,0.071892,7.19,0,Low,Legitimate
T101341,2023-05-25 23:33:00,49.68,0.072677,7.27,0,Low,Legitimate
T101342,2023-02-09 03:56:00,162.16,0.717098,71.71,1,High,Fraud
T101343,2023-11-18 06:17:00,103.91,0.085972,8.6,0,Low,Legitimate
T101344,2024-02-19 14:26:00,108.6,0.071892,7.19,0,Low,Legitimate
T101345,2023-08-29 01:42:00,44.34,0.658828,65.88,0,Medium,Legitimate
T101346,2023-06-09 01:03:00,33.96,0.75416,75.42,1,High,Fraud
T101347,2023-07-20 19:12:00,37.09,0.714719,71.47,1,High,Fraud
T101348,2023-05-03 02:12:00,351.53,0.684441,68.44,0,Medium,Legitimate
T101349,2023-08-05 00:58:00,3.27,0.727409,72.74,1,High,Fraud
T101350,2023-06-19 10:35:00,161.41,0.071892,7.19,0,Low,Legitimate
T101351,2023-11-29 01:11:00,69.15,0.691193,69.12,1,High,Fraud
T101352,2023-05-10 11:41:00,46.19,0.074456,7.45,0,Low,Legitimate
T101353,2024-02-13 14:43:00,103.35,0.072896,7.29,0,Low,Legitimate
T101354,2024-02-05 16:08:00,53.35,0.073653,7.37,0,Low,Legitimate
T101355,2023-06-13 10:46:00,165.35,0.073692,7.37,0,Low,Legitimate
T101356,2023-07-14 03:09:00,184.77,0.817278,81.73,1,High,Fraud
T101357,2023-09-09 01:04:00,43.82,0.678744,67.87,0,Medium,Legitimate
T101358,2023-05-07 06:59:00,25.93,0.086752,8.68,0,Low,Legitimate
T101359,2023-11-03 00:46:00,71.79,0.711998,71.2,1,High,Fraud
T101360,2023-06-27 05:27:00,194.76,0.713624,71.36,1,High,Fraud
T101361,2023-08-26 22:43:00,18.92,0.071892,7.19,0,Low,Legitimate
T101362,2023-06-23 11:05:00,78.03,0.071892,7.19,0,Low,Legitimate
T101363,2023-03-18 00:17:00,79.88,0.686858,68.69,0,Medium,Legitimate
T101364,2023-03-27 18:04:00,105.67,0.072677,7.27,0,Low,Legitimate
T101365,2023-06-14 09:52:00,11.29,0.071892,7.19,0,Low,Legitimate
T101366,2023-02-28 18:57:00,100.65,0.071892,7.19,0,Low,Legitimate
T101367,2023-12-14 21:12:00,191.78,0.071892,7.19,0,Low,Legitimate
T101368,2023-06-01 08:18:00,15.85,0.076608,7.66,0,Low,Legitimate
T101369,2023-11-13 21:18:00,21.7,0.072896,7.29,0,Low,Legitimate
T101370,2024-01-02 22:05:00,284.33,0.742492,74.25,1,High,Fraud
T101371,2023-12-05 07:48:00,15.97,0.076608,7.66,0,Low,Legitimate
T101372,2023-03-19 02:50:00,154.14,0.707473,70.75,1,High,Fraud
T101373,2023-01-12 11:57:00,54.23,0.072896,7.29,0,Low,Legitimate
T101374,2023-09-26 02:23:00,22.72,0.686453,68.65,0,Medium,Legitimate
T101375,2023-02-04 10:47:00,163.68,0.073653,7.37,0,Low,Legitimate
T101376,2023-09-20 11:48:00,47.15,0.071892,7.19,0,Low,Legitimate
T101377,2023-12-05 23:10:00,57.86,0.073653,7.37,0,Low,Legitimate
T101378,2023-07-30 22:07:00,35.61,0.699571,69.96,1,High,Fraud
T101379,2023-07-09 22:47:00,71.91,0.073653,7.37,0,Low,Legitimate
T101380,2023-04-27 11:59:00,14.28,0.071892,7.19,0,Low,Legitimate
T101381,2023-02-20 18:53:00,39.69,0.071892,7.19,0,Low,Legitimate
T101382,2023-03-28 19:10:00,278.97,0.071892,7.19,0,Low,Legitimate
T101383,2023-12-12 23:56:00,23.89,0.072896,7.29,0,Low,Legitimate
T101384,2023-11-26 09:33:00,85.54,0.071892,7.19,0,Low,Legitimate
T101385,2023-11-30 05:58:00,31.47,0.698166,69.82,1,High,Fraud
T101386,2023-03-11 20:44:00,118.79,0.073692,7.37,0,Low,Legitimate
T101387,2023-05-28 18:40:00,11.22,0.071892,7.19,0,Low,Legitimate
T101388,2023-04-06 07:29:00,280.05,0.076608,7.66,0,Low,Legitimate
T101389,2024-01-06 03:47:00,48.38,0.694438,69.44,1,High,Fraud
T101390,2023-06-09 07:06:00,21.54,0.07738,7.74,0,Low,Legitimate
T101391,2023-11-21 11:34:00,6.11,0.071892,7.19,0,Low,Legitimate
T101392,2023-11-30 14:49:00,14.88,0.071892,7.19,0,Low,Legitimate
T101393,2023-09-28 04:46:00,58.68,0.715858,71.59,1,High,Fraud
T101394,2023-08-03 07:07:00,32.88,0.706624,70.66,1,High,Fraud
T101395,2023-07-13 13:46:00,141.23,0.072896,7.29,0,Low,Legitimate
T101396,2023-07-06 14:00:00,45.09,0.073653,7.37,0,Low,Legitimate
T101397,2024-01-07 14:40:00,22.88,0.073653,7.37,0,Low,Legitimate
T101398,2023-05-02 16:03:00,76.81,0.073653,7.37,0,Low,Legitimate
T101399,2023-12-17 12:53:00,98.15,0.071892,7.19,0,Low,Legitimate
T101400,2023-12-12 23:00:00,14.62,0.072896,7.29,0,Low,Legitimate
T101401,2023-12-16 22:34:00,14.68,0.071892,7.19,0,Low,Legitimate
T101402,2024-01-23 07:25:00,2.99,0.687363,68.74,0,Medium,Legitimate
T101403,2023-08-24 21:20:00,106.67,0.071892,7.19,0,Low,Legitimate
T101404,2023-02-19 13:03:00,87.21,0.071892,7.19,0,Low,Legitimate
T101405,2023-10-24 15:18:00,51.49,0.071892,7.19,0,Low,Legitimate
T101406,2023-09-28 02:12:00,148.72,0.675942,67.59,0,Medium,Legitimate
T101407,2024-02-15 22:14:00,131.06,0.071892,7.19,0,Low,Legitimate
T101408,2024-01-09 16:23:00,70.43,0.073653,7.37,0,Low,Legitimate
T101409,2023-08-23 04:02:00,162.16,0.718519,71.85,1,High,Fraud
T101410,2023-01-31 23:28:00,18.44,0.071892,7.19,0,Low,Legitimate
T101411,2023-06-08 22:46:00,9.5,0.073653,7.37,0,Low,Legitimate
T101412,2023-04-16 02:19:00,25.15,0.67987,67.99,0,Medium,Legitimate
T101413,2024-01-13 20:49:00,4.7,0.072896,7.29,0,Low,Legitimate
T101414,2023-11-18 15:40:00,60.6,0.071892,7.19,0,Low,Legitimate
T101415,2023-07-25 14:34:00,220.67,0.072677,7.27,0,Low,Legitimate
T101416,2024-02-04 21:45:00,3.21,0.073653,7.37,0,Low,Legitimate
T101417,2023-11-13 07:38:00,10.42,0.719183,71.92,1,High,Fraud
T101418,2023-01-03 13:44:00,48.15,0.073653,7.37,0,Low,Legitimate
T101419,2024-01-10 08:01:00,217.3,0.076608,7.66,0,Low,Legitimate
T101420,2023-12-01 09:34:00,30.4,0.702375,70.24,1,High,Fraud
T101421,2023-08-26 22:45:00,56.62,0.071892,7.19,0,Low,Legitimate
T101422,2023-03-09 12:47:00,3.4,0.719059,71.91,1,High,Fraud
T101423,2023-12-19 10:50:00,12.85,0.071892,7.19,0,Low,Legitimate
T101424,2023-09-15 02:58:00,345.18,0.670195,67.02,0,Medium,Legitimate
T101425,2023-10-27 19:17:00,268.46,0.071892,7.19,0,Low,Legitimate
T101426,2023-11-30 12:32:00,0.4,0.071892,7.19,0,Low,Legitimate
T101427,2023-01-18 08:03:00,242.61,0.075537,7.55,0,Low,Legitimate
T101428,2023-04-18 22:00:00,81.54,0.071892,7.19,0,Low,Legitimate
T101429,2023-06-06 19:51:00,161.95,0.073653,7.37,0,Low,Legitimate
T101430,2023-03-18 10:52:00,48.52,0.072677,7.27,0,Low,Legitimate
T101431,2024-02-15 21:36:00,57.99,0.071892,7.19,0,Low,Legitimate
T101432,2023-02-20 11:51:00,53.69,0.071892,7.19,0,Low,Legitimate
T101433,2023-02-04 16:21:00,87.94,0.073653,7.37,0,Low,Legitimate
T101434,2023-08-30 12:36:00,12.03,0.707509,70.75,1,High,Fraud
T101435,2023-02-14 15:54:00,2.43,0.071892,7.19,0,Low,Legitimate
T101436,2023-09-19 16:35:00,29.45,0.072677,7.27,0,Low,Legitimate
T101437,2023-06-30 08:32:00,97.58,0.074782,7.48,0,Low,Legitimate
T101438,2023-10-20 12:50:00,18.04,0.072677,7.27,0,Low,Legitimate
T101439,2023-11-05 21:06:00,89.53,0.073653,7.37,0,Low,Legitimate
T101440,2023-06-29 21:45:00,280.29,0.071892,7.19,0,Low,Legitimate
T101441,2023-05-13 09:38:00,7.89,0.073692,7.37,0,Low,Legitimate
T101442,2023-07-01 15:30:00,89.33,0.073653,7.37,0,Low,Legitimate
T101443,2023-08-26 16:35:00,46.92,0.708169,70.82,1,High,Fraud
T101444,2023-07-01 11:01:00,162.08,0.073653,7.37,0,Low,Legitimate
T101445,2023-10-18 03:38:00,15.6,0.697632,69.76,1,High,Fraud
T101446,2023-03-25 09:38:00,94.38,0.071892,7.19,0,Low,Legitimate
T101447,2023-10-15 14:20:00,145.67,0.071892,7.19,0,Low,Legitimate
T101448,2023-12-19 14:02:00,231.47,0.717936,71.79,1,High,Fraud
T101449,2024-01-18 19:23:00,91.97,0.071892,7.19,0,Low,Legitimate
T101450,2023-08-17 08:58:00,55.0,0.074782,7.48,0,Low,Legitimate
T101451,2023-03-01 16:33:00,76.95,0.073653,7.37,0,Low,Legitimate
T101452,2024-01-01 22:36:00,162.55,0.073653,7.37,0,Low,Legitimate
T101453,2023-02-03 10:11:00,67.63,0.073653,7.37,0,Low,Legitimate
T101454,2023-04-05 03:01:00,2.47,0.667225,66.72,0,Medium,Legitimate
T101455,2023-01-26 08:11:00,213.83,0.074782,7.48,0,Low,Legitimate
T101456,2023-02-15 09:47:00,93.57,0.072677,7.27,0,Low,Legitimate
T101457,2024-02-16 15:39:00,90.29,0.072677,7.27,0,Low,Legitimate
T101458,2023-04-07 06:19:00,19.43,0.084683,8.47,0,Low,Legitimate
T101459,2023-05-06 09:13:00,86.04,0.073653,7.37,0,Low,Legitimate
T101460,2023-04-20 05:27:00,40.05,0.692737,69.27,1,High,Fraud
T101461,2023-02-24 14:49:00,84.27,0.071892,7.19,0,Low,Legitimate
T101462,2023-12-22 03:47:00,9.02,0.802093,80.21,1,High,Fraud
T101463,2023-05-28 18:13:00,85.8,0.071892,7.19,0,Low,Legitimate
T101464,2023-11-27 12:54:00,595.34,0.071892,7.19,0,Low,Legitimate
T101465,2023-09-16 01:10:00,3.95,0.65464,65.46,0,Medium,Legitimate
T101466,2023-07-23 19:56:00,302.39,0.071892,7.19,0,Low,Legitimate
T101467,2023-09-23 06:57:00,41.79,0.085225,8.52,0,Low,Legitimate
T101468,2023-06-11 18:08:00,163.68,0.072896,7.29,0,Low,Legitimate
T101469,2023-12-03 07:49:00,122.0,0.076608,7.66,0,Low,Legitimate
T101470,2023-08-26 05:35:00,66.96,0.713012,71.3,1,High,Fraud
T101471,2023-09-24 16:30:00,107.29,0.071892,7.19,0,Low,Legitimate
T101472,2023-01-29 04:40:00,168.64,0.716258,71.63,1,High,Fraud
T101473,2023-07-11 11:57:00,41.42,0.072896,7.29,0,Low,Legitimate
T101474,2023-11-09 23:42:00,31.68,0.073653,7.37,0,Low,Legitimate
T101475,2023-11-13 07:52:00,88.11,0.076649,7.66,0,Low,Legitimate
T101476,2023-12-06 19:33:00,131.96,0.073653,7.37,0,Low,Legitimate
T101477,2023-10-05 11:44:00,114.93,0.732537,73.25,1,High,Fraud
T101478,2024-02-14 02:53:00,127.89,0.712338,71.23,1,High,Fraud
T101479,2023-11-07 14:27:00,45.76,0.073653,7.37,0,Low,Legitimate
T101480,2023-04-10 02:10:00,136.23,0.723479,72.35,1,High,Fraud
T101481,2023-04-16 00:09:00,10.25,0.699913,69.99,1,High,Fraud
T101482,2024-01-06 16:04:00,62.91,0.073653,7.37,0,Low,Legitimate
T101483,2023-03-14 11:47:00,0.46,0.071892,7.19,0,Low,Legitimate
T101484,2023-10-02 10:17:00,31.39,0.073653,7.37,0,Low,Legitimate
T101485,2023-01-03 18:17:00,36.51,0.722379,72.24,1,High,Fraud
T101486,2023-01-03 05:22:00,40.36,0.708383,70.84,1,High,Fraud
T101487,2024-02-08 21:50:00,95.12,0.781268,78.13,1,High,Fraud
T101488,2023-05-04 14:29:00,39.35,0.073653,7.37,0,Low,Legitimate
T101489,2023-11-07 13:03:00,47.64,0.728508,72.85,1,High,Fraud
T101490,2023-10-28 18:24:00,21.7,0.071892,7.19,0,Low,Legitimate
T101491,2024-01-29 06:09:00,37.38,0.086143,8.61,0,Low,Legitimate
T101492,2024-02-17 05:09:00,20.63,0.683158,68.32,0,Medium,Legitimate
T101493,2023-06-09 02:14:00,6.08,0.658098,65.81,0,Medium,Legitimate
T101494,2023-09-24 01:30:00,74.0,0.695281,69.53,1,High,Fraud
T101495,2023-01-04 01:17:00,88.26,0.702304,70.23,1,High,Fraud
T101496,2023-06-05 02:29:00,77.3,0.706661,70.67,1,High,Fraud
T101497,2023-03-22 23:35:00,49.81,0.071892,7.19,0,Low,Legitimate
T101498,2023-11-17 04:51:00,38.22,0.670768,67.08,0,Medium,Legitimate
T101499,2023-09-06 21:36:00,159.22,0.073653,7.37,0,Low,Legitimate
T101500,2023-11-13 08:59:00,58.56,0.727896,72.79,1,High,Fraud
T101501,2023-02-06 03:10:00,52.19,0.813063,81.31,1,High,Fraud
T101502,2024-02-05 12:48:00,2.08,0.073653,7.37,0,Low,Legitimate
T101503,2023-09-16 13:11:00,33.39,0.70361,70.36,1,High,Fraud
T101504,2023-01-09 07:12:00,38.27,0.07738,7.74,0,Low,Legitimate
T101505,2023-07-16 08:46:00,40.71,0.074782,7.48,0,Low,Legitimate
T101506,2023-05-06 00:10:00,69.43,0.703395,70.34,1,High,Fraud
T101507,2023-01-24 09:48:00,61.02,0.071892,7.19,0,Low,Legitimate
T101508,2023-10-24 07:19:00,74.9,0.074782,7.48,0,Low,Legitimate
T101509,2023-11-15 06:03:00,115.81,0.085972,8.6,0,Low,Legitimate
T101510,2023-09-05 01:04:00,134.13,0.712404,71.24,1,High,Fraud
T101511,2023-10-01 03:24:00,101.3,0.718323,71.83,1,High,Fraud
T101512,2023-05-13 13:50:00,249.02,0.072896,7.29,0,Low,Legitimate
T101513,2023-10-31 18:31:00,1.47,0.071892,7.19,0,Low,Legitimate
T101514,2023-07-21 10:29:00,17.43,0.072677,7.27,0,Low,Legitimate
T101515,2023-10-18 06:08:00,0.61,0.604198,60.42,0,Medium,Legitimate
T101516,2023-07-29 00:23:00,83.41,0.709054,70.91,1,High,Fraud
T101517,2024-02-11 20:32:00,182.65,0.729851,72.99,1,High,Fraud
T101518,2024-01-20 15:30:00,22.32,0.071892,7.19,0,Low,Legitimate
T101519,2023-03-14 10:17:00,209.42,0.072677,7.27,0,Low,Legitimate
T101520,2023-07-27 21:15:00,4.97,0.071892,7.19,0,Low,Legitimate
T101521,2023-12-02 11:51:00,217.98,0.073653,7.37,0,Low,Legitimate
T101522,2023-08-01 00:12:00,34.66,0.685161,68.52,0,Medium,Legitimate
T101523,2023-09-17 13:48:00,8.56,0.071892,7.19,0,Low,Legitimate
T101524,2023-09-07 17:51:00,53.22,0.073653,7.37,0,Low,Legitimate
T101525,2023-08-25 21:59:00,23.74,0.071892,7.19,0,Low,Legitimate
T101526,2023-04-07 17:33:00,26.82,0.073653,7.37,0,Low,Legitimate
T101527,2023-11-30 17:39:00,29.37,0.071892,7.19,0,Low,Legitimate
T101528,2023-03-09 13:50:00,129.97,0.073653,7.37,0,Low,Legitimate
T101529,2023-07-06 01:52:00,61.98,0.72446,72.45,1,High,Fraud
T101530,2023-09-12 21:43:00,29.84,0.072896,7.29,0,Low,Legitimate
T101531,2023-02-26 03:49:00,75.4,0.69572,69.57,1,High,Fraud
T101532,2023-03-05 01:57:00,100.74,0.698018,69.8,1,High,Fraud
T101533,2023-08-26 06:18:00,25.46,0.714478,71.45,1,High,Fraud
T101534,2023-10-02 03:58:00,42.69,0.705969,70.6,1,High,Fraud
T101535,2023-07-29 13:36:00,10.4,0.071892,7.19,0,Low,Legitimate
T101536,2023-02-11 05:02:00,15.99,0.679558,67.96,0,Medium,Legitimate
T101537,2023-12-20 12:53:00,91.43,0.071892,7.19,0,Low,Legitimate
T101538,2023-09-09 13:04:00,16.02,0.727274,72.73,1,High,Fraud
T101539,2023-04-23 16:11:00,59.58,0.70274,70.27,1,High,Fraud
T101540,2023-10-21 19:09:00,98.77,0.072677,7.27,0,Low,Legitimate
T101541,2023-05-01 18:36:00,9.04,0.073653,7.37,0,Low,Legitimate
T101542,2023-04-25 18:01:00,67.02,0.714909,71.49,1,High,Fraud
T101543,2023-08-20 18:05:00,23.72,0.071892,7.19,0,Low,Legitimate
T101544,2023-03-08 17:53:00,263.59,0.074456,7.45,0,Low,Legitimate
T101545,2024-01-31 23:37:00,52.86,0.071892,7.19,0,Low,Legitimate
T101546,2023-12-03 00:33:00,131.19,0.703259,70.33,1,High,Fraud
T101547,2023-06-22 14:10:00,63.92,0.071892,7.19,0,Low,Legitimate
T101548,2023-03-15 04:23:00,3.55,0.664112,66.41,0,Medium,Legitimate
T101549,2023-07-16 20:45:00,80.22,0.071892,7.19,0,Low,Legitimate
T101550,2023-11-08 13:44:00,241.94,0.073653,7.37,0,Low,Legitimate
T101551,2023-08-19 07:42:00,73.63,0.075597,7.56,0,Low,Legitimate
T101552,2023-10-02 19:44:00,136.82,0.073653,7.37,0,Low,Legitimate
T101553,2023-07-24 09:35:00,172.48,0.072677,7.27,0,Low,Legitimate
T101554,2023-05-26 07:13:00,20.71,0.074782,7.48,0,Low,Legitimate
T101555,2024-01-06 00:32:00,19.07,0.805776,80.58,1,High,Fraud
T101556,2023-05-14 22:14:00,75.53,0.071892,7.19,0,Low,Legitimate
T101557,2023-12-23 20:09:00,42.35,0.071892,7.19,0,Low,Legitimate
T101558,2023-02-08 14:32:00,146.54,0.074456,7.45,0,Low,Legitimate
T101559,2023-10-13 23:42:00,184.23,0.072896,7.29,0,Low,Legitimate
T101560,2024-02-12 18:38:00,34.88,0.072896,7.29,0,Low,Legitimate
T101561,2023-07-31 17:11:00,21.63,0.071892,7.19,0,Low,Legitimate
T101562,2023-06-03 11:08:00,121.32,0.073653,7.37,0,Low,Legitimate
T101563,2023-10-14 11:49:00,25.71,0.071892,7.19,0,Low,Legitimate
T101564,2023-07-24 01:59:00,138.35,0.687044,68.7,0,Medium,Legitimate
T101565,2023-06-18 08:58:00,44.1,0.717915,71.79,1,High,Fraud
T101566,2023-04-08 16:07:00,88.1,0.073653,7.37,0,Low,Legitimate
T101567,2023-12-13 23:27:00,8.03,0.072896,7.29,0,Low,Legitimate
T101568,2023-01-12 03:04:00,78.22,0.708289,70.83,1,High,Fraud
T101569,2023-02-03 08:27:00,48.08,0.076608,7.66,0,Low,Legitimate
T101570,2023-01-19 03:54:00,70.67,0.791388,79.14,1,High,Fraud
T101571,2023-09-17 04:40:00,14.72,0.678946,67.89,0,Medium,Legitimate
T101572,2024-01-01 20:51:00,106.81,0.073653,7.37,0,Low,Legitimate
T101573,2023-01-13 16:59:00,158.9,0.072896,7.29,0,Low,Legitimate
T101574,2024-02-14 21:07:00,19.54,0.071892,7.19,0,Low,Legitimate
T101575,2023-01-19 21:35:00,8.05,0.706376,70.64,1,High,Fraud
T101576,2023-04-02 22:08:00,1.91,0.073653,7.37,0,Low,Legitimate
T101577,2023-11-12 07:10:00,82.17,0.075824,7.58,0,Low,Legitimate
T101578,2023-04-16 03:35:00,74.73,0.701668,70.17,1,High,Fraud
T101579,2023-10-24 06:46:00,63.3,0.085972,8.6,0,Low,Legitimate
T101580,2024-01-29 12:40:00,21.11,0.071892,7.19,0,Low,Legitimate
T101581,2023-05-28 10:24:00,39.66,0.071892,7.19,0,Low,Legitimate
T101582,2023-04-28 21:26:00,72.21,0.071892,7.19,0,Low,Legitimate
T101583,2023-08-17 14:55:00,54.94,0.071892,7.19,0,Low,Legitimate
T101584,2023-02-03 07:54:00,352.41,0.076608,7.66,0,Low,Legitimate
T101585,2023-08-21 12:08:00,11.74,0.708678,70.87,1,High,Fraud
T101586,2023-11-08 10:20:00,95.03,0.073653,7.37,0,Low,Legitimate
T101587,2023-04-08 11:22:00,41.44,0.073653,7.37,0,Low,Legitimate
T101588,2023-01-21 01:05:00,44.72,0.784047,78.4,1,High,Fraud
T101589,2024-01-17 23:55:00,101.15,0.071892,7.19,0,Low,Legitimate
T101590,2023-02-27 07:42:00,94.33,0.074782,7.48,0,Low,Legitimate
T101591,2023-12-26 06:43:00,379.15,0.085972,8.6,0,Low,Legitimate
T101592,2023-03-11 21:23:00,10.99,0.072896,7.29,0,Low,Legitimate
T101593,2023-02-28 19:28:00,8.79,0.071892,7.19,0,Low,Legitimate
T101594,2023-01-22 16:38:00,103.09,0.072677,7.27,0,Low,Legitimate
T101595,2023-05-01 12:35:00,69.09,0.073653,7.37,0,Low,Legitimate
T101596,2023-07-12 23:43:00,25.63,0.702357,70.24,1,High,Fraud
T101597,2023-09-08 19:38:00,6.62,0.073653,7.37,0,Low,Legitimate
T101598,2023-07-06 16:59:00,7.16,0.073653,7.37,0,Low,Legitimate
T101599,2023-07-19 15:13:00,179.69,0.801846,80.18,1,High,Fraud
T101600,2023-12-18 21:54:00,17.04,0.071892,7.19,0,Low,Legitimate
T101601,2023-08-15 17:07:00,31.25,0.81415,81.42,1,High,Fraud
T101602,2023-12-01 17:25:00,20.56,0.073653,7.37,0,Low,Legitimate
T101603,2024-01-08 22:57:00,35.08,0.073653,7.37,0,Low,Legitimate
T101604,2023-11-04 14:12:00,5.76,0.073653,7.37,0,Low,Legitimate
T101605,2023-02-27 14:15:00,58.56,0.071892,7.19,0,Low,Legitimate
T101606,2023-05-05 02:10:00,5.6,0.658287,65.83,0,Medium,Legitimate
T101607,2024-02-11 09:48:00,128.9,0.072896,7.29,0,Low,Legitimate
T101608,2023-07-30 07:12:00,21.3,0.074782,7.48,0,Low,Legitimate
T101609,2023-11-26 16:01:00,62.12,0.720568,72.06,1,High,Fraud
T101610,2023-02-21 18:43:00,169.67,0.071892,7.19,0,Low,Legitimate
T101611,2023-12-03 16:45:00,84.19,0.732583,73.26,1,High,Fraud
T101612,2024-01-18 21:50:00,60.91,0.704849,70.48,1,High,Fraud
T101613,2023-01-05 21:58:00,31.36,0.72657,72.66,1,High,Fraud
T101614,2023-07-12 23:25:00,32.4,0.072896,7.29,0,Low,Legitimate
T101615,2023-12-11 10:30:00,88.57,0.719045,71.9,1,High,Fraud
T101616,2023-12-11 04:39:00,411.16,0.705362,70.54,1,High,Fraud
T101617,2023-01-27 06:44:00,86.74,0.08443,8.44,0,Low,Legitimate
T101618,2023-01-15 10:55:00,65.28,0.071892,7.19,0,Low,Legitimate
T101619,2023-12-08 10:30:00,104.94,0.721755,72.18,1,High,Fraud
T101620,2023-09-15 20:59:00,50.07,0.071892,7.19,0,Low,Legitimate
T101621,2023-06-15 06:58:00,4.96,0.086287,8.63,0,Low,Legitimate
T101622,2024-01-01 17:22:00,66.1,0.073653,7.37,0,Low,Legitimate
T101623,2023-12-11 06:05:00,252.9,0.085972,8.6,0,Low,Legitimate
T101624,2023-02-17 11:25:00,15.42,0.071892,7.19,0,Low,Legitimate
T101625,2023-02-01 19:57:00,93.7,0.074456,7.45,0,Low,Legitimate
T101626,2023-06-03 08:34:00,17.94,0.077441,7.74,0,Low,Legitimate
T101627,2023-10-03 14:05:00,61.4,0.074456,7.45,0,Low,Legitimate
T101628,2023-08-26 00:55:00,8.13,0.684824,68.48,0,Medium,Legitimate
T101629,2023-10-03 07:34:00,47.88,0.728705,72.87,1,High,Fraud
T101630,2023-09-07 07:54:00,112.9,0.076608,7.66,0,Low,Legitimate
T101631,2023-12-25 22:11:00,34.16,0.78074,78.07,1,High,Fraud
T101632,2023-07-25 05:48:00,87.47,0.698373,69.84,1,High,Fraud
T101633,2024-02-05 13:13:00,126.96,0.073653,7.37,0,Low,Legitimate
T101634,2023-05-20 22:58:00,209.58,0.071892,7.19,0,Low,Legitimate
T101635,2023-07-23 22:47:00,21.39,0.071892,7.19,0,Low,Legitimate
T101636,2023-03-05 08:33:00,40.77,0.077441,7.74,0,Low,Legitimate
T101637,2023-01-08 02:29:00,13.23,0.685818,68.58,0,Medium,Legitimate
T101638,2023-02-24 13:32:00,391.25,0.071892,7.19,0,Low,Legitimate
T101639,2023-12-23 17:30:00,209.38,0.071892,7.19,0,Low,Legitimate
T101640,2024-01-04 09:00:00,62.11,0.074456,7.45,0,Low,Legitimate
T101641,2023-09-09 00:20:00,147.63,0.708442,70.84,1,High,Fraud
T101642,2023-02-02 11:40:00,58.88,0.073653,7.37,0,Low,Legitimate
T101643,2023-08-11 01:34:00,78.17,0.797808,79.78,1,High,Fraud
T101644,2023-03-12 05:48:00,7.47,0.690747,69.07,1,High,Fraud
T101645,2023-09-25 00:46:00,112.61,0.695178,69.52,1,High,Fraud
T101646,2023-05-07 09:39:00,10.93,0.073653,7.37,0,Low,Legitimate
T101647,2023-01-18 20:27:00,139.93,0.071892,7.19,0,Low,Legitimate
T101648,2023-08-26 11:35:00,121.87,0.071892,7.19,0,Low,Legitimate
T101649,2023-02-09 19:20:00,98.68,0.073653,7.37,0,Low,Legitimate
T101650,2023-07-28 23:06:00,2.95,0.072677,7.27,0,Low,Legitimate
T101651,2023-12-29 16:55:00,28.89,0.071892,7.19,0,Low,Legitimate
T101652,2023-09-18 02:24:00,24.43,0.695157,69.52,1,High,Fraud
T101653,2023-03-19 20:17:00,35.72,0.071892,7.19,0,Low,Legitimate
T101654,2023-09-13 08:18:00,7.34,0.075824,7.58,0,Low,Legitimate
T101655,2023-06-29 12:11:00,221.12,0.071892,7.19,0,Low,Legitimate
T101656,2023-10-10 20:51:00,64.56,0.073653,7.37,0,Low,Legitimate
T101657,2023-02-14 10:02:00,29.17,0.071892,7.19,0,Low,Legitimate
T101658,2023-07-31 21:34:00,40.46,0.071892,7.19,0,Low,Legitimate
T101659,2023-02-18 14:20:00,47.42,0.072677,7.27,0,Low,Legitimate
T101660,2023-10-23 16:07:00,73.42,0.698861,69.89,1,High,Fraud
T101661,2024-02-04 17:34:00,58.0,0.073653,7.37,0,Low,Legitimate
T101662,2023-05-06 01:55:00,201.45,0.705256,70.53,1,High,Fraud
T101663,2023-07-30 18:31:00,54.97,0.071892,7.19,0,Low,Legitimate
T101664,2023-08-13 02:14:00,387.86,0.709559,70.96,1,High,Fraud
T101665,2024-01-17 12:24:00,152.53,0.072677,7.27,0,Low,Legitimate
T101666,2023-11-23 17:18:00,18.71,0.071892,7.19,0,Low,Legitimate
T101667,2024-02-12 05:36:00,213.42,0.706672,70.67,1,High,Fraud
T101668,2023-05-09 03:26:00,9.9,0.706778,70.68,1,High,Fraud
T101669,2023-02-18 07:15:00,136.06,0.074782,7.48,0,Low,Legitimate
T101670,2023-10-10 01:36:00,38.32,0.705696,70.57,1,High,Fraud
T101671,2023-07-03 07:17:00,168.28,0.076608,7.66,0,Low,Legitimate
T101672,2023-09-24 11:19:00,162.03,0.071892,7.19,0,Low,Legitimate
T101673,2023-01-14 18:43:00,131.16,0.071892,7.19,0,Low,Legitimate
T101674,2023-12-31 15:36:00,124.86,0.071892,7.19,0,Low,Legitimate
T101675,2024-01-16 19:40:00,29.07,0.071892,7.19,0,Low,Legitimate
T101676,2023-03-04 09:38:00,6.75,0.073653,7.37,0,Low,Legitimate
T101677,2023-07-13 19:26:00,41.26,0.073692,7.37,0,Low,Legitimate
T101678,2023-04-15 05:53:00,15.25,0.67815,67.81,0,Medium,Legitimate
T101679,2023-02-17 07:58:00,94.98,0.074782,7.48,0,Low,Legitimate
T101680,2024-02-11 09:28:00,33.98,0.072896,7.29,0,Low,Legitimate
T101681,2023-10-06 21:52:00,297.09,0.073653,7.37,0,Low,Legitimate
T101682,2024-01-04 07:55:00,81.95,0.076608,7.66,0,Low,Legitimate
T101683,2024-02-08 18:28:00,138.29,0.073653,7.37,0,Low,Legitimate
T101684,2023-03-14 07:17:00,11.37,0.074782,7.48,0,Low,Legitimate
T101685,2023-04-21 22:25:00,158.45,0.071892,7.19,0,Low,Legitimate
T101686,2023-09-08 14:23:00,204.86,0.074456,7.45,0,Low,Legitimate
T101687,2024-01-18 10:58:00,53.41,0.071892,7.19,0,Low,Legitimate
T101688,2023-02-28 10:11:00,74.56,0.691131,69.11,1,High,Fraud
T101689,2023-04-27 11:44:00,115.79,0.071892,7.19,0,Low,Legitimate
T101690,2023-08-23 01:43:00,15.37,0.685632,68.56,0,Medium,Legitimate
T101691,2023-02-16 13:32:00,55.86,0.071892,7.19,0,Low,Legitimate
T101692,2023-11-06 01:08:00,40.69,0.702931,70.29,1,High,Fraud
T101693,2023-07-27 22:41:00,12.66,0.071892,7.19,0,Low,Legitimate
T101694,2023-09-01 20:39:00,36.65,0.074456,7.45,0,Low,Legitimate
T101695,2023-01-28 06:05:00,5.65,0.803009,80.3,1,High,Fraud
T101696,2023-12-27 10:28:00,2.09,0.071892,7.19,0,Low,Legitimate
T101697,2023-07-02 23:12:00,11.62,0.073653,7.37,0,Low,Legitimate
T101698,2023-04-09 19:22:00,264.0,0.073653,7.37,0,Low,Legitimate
T101699,2024-01-29 14:33:00,63.8,0.071892,7.19,0,Low,Legitimate
T101700,2023-08-23 17:53:00,270.09,0.071892,7.19,0,Low,Legitimate
T101701,2023-02-04 05:23:00,45.32,0.685883,68.59,0,Medium,Legitimate
T101702,2023-12-17 14:59:00,29.9,0.071892,7.19,0,Low,Legitimate
T101703,2023-10-10 20:38:00,56.44,0.073653,7.37,0,Low,Legitimate
T101704,2024-01-10 07:19:00,46.32,0.076608,7.66,0,Low,Legitimate
T101705,2023-05-27 06:53:00,8.93,0.085225,8.52,0,Low,Legitimate
T101706,2023-10-18 12:12:00,81.92,0.071892,7.19,0,Low,Legitimate
T101707,2023-09-16 00:42:00,19.47,0.696088,69.61,1,High,Fraud
T101708,2023-08-13 18:07:00,77.32,0.072896,7.29,0,Low,Legitimate
T101709,2023-09-07 18:57:00,84.03,0.073653,7.37,0,Low,Legitimate
T101710,2023-09-06 18:44:00,13.19,0.073653,7.37,0,Low,Legitimate
T101711,2023-11-03 17:58:00,5.06,0.073653,7.37,0,Low,Legitimate
T101712,2023-11-22 11:06:00,121.41,0.794728,79.47,1,High,Fraud
T101713,2023-04-28 22:03:00,49.27,0.071892,7.19,0,Low,Legitimate
T101714,2023-12-09 06:52:00,4.79,0.718884,71.89,1,High,Fraud
T101715,2023-10-15 09:16:00,421.75,0.825084,82.51,1,High,Fraud
T101716,2023-09-02 23:04:00,4.76,0.073653,7.37,0,Low,Legitimate
T101717,2023-08-10 13:49:00,95.0,0.073653,7.37,0,Low,Legitimate
T101718,2024-02-10 15:16:00,329.22,0.073653,7.37,0,Low,Legitimate
T101719,2023-11-08 20:51:00,21.87,0.073653,7.37,0,Low,Legitimate
T101720,2024-01-09 20:01:00,12.28,0.073653,7.37,0,Low,Legitimate
T101721,2023-02-25 00:26:00,10.35,0.683634,68.36,0,Medium,Legitimate
T101722,2023-06-07 02:31:00,28.91,0.70145,70.15,1,High,Fraud
T101723,2024-01-06 23:24:00,8.52,0.073653,7.37,0,Low,Legitimate
T101724,2023-04-17 10:32:00,94.25,0.703804,70.38,1,High,Fraud
T101725,2023-01-31 16:26:00,5.15,0.071892,7.19,0,Low,Legitimate
T101726,2023-08-03 02:08:00,56.97,0.708195,70.82,1,High,Fraud
T101727,2023-06-14 21:15:00,457.03,0.071892,7.19,0,Low,Legitimate
T101728,2023-02-20 20:36:00,134.55,0.071892,7.19,0,Low,Legitimate
T101729,2023-12-16 03:43:00,76.41,0.681675,68.17,0,Medium,Legitimate
T101730,2023-09-19 18:53:00,29.25,0.071892,7.19,0,Low,Legitimate
T101731,2023-08-31 17:51:00,78.23,0.071892,7.19,0,Low,Legitimate
T101732,2023-07-21 03:12:00,59.9,0.674672,67.47,0,Medium,Legitimate
T101733,2023-08-27 03:54:00,44.42,0.674987,67.5,0,Medium,Legitimate
T101734,2023-08-03 13:29:00,11.21,0.073653,7.37,0,Low,Legitimate
T101735,2023-01-19 15:47:00,174.15,0.071892,7.19,0,Low,Legitimate
T101736,2023-07-01 01:31:00,47.8,0.696235,69.62,1,High,Fraud
T101737,2024-01-03 08:24:00,17.32,0.076608,7.66,0,Low,Legitimate
T101738,2023-01-02 01:07:00,36.68,0.697059,69.71,1,High,Fraud
T101739,2023-04-30 05:37:00,42.77,0.706901,70.69,1,High,Fraud
T101740,2023-09-02 00:09:00,140.61,0.852502,85.25,1,High,Fraud
T101741,2023-03-09 01:43:00,105.82,0.710747,71.07,1,High,Fraud
T101742,2023-07-02 21:56:00,117.33,0.074456,7.45,0,Low,Legitimate
T101743,2023-11-01 18:12:00,0.89,0.073653,7.37,0,Low,Legitimate
T101744,2023-06-26 09:21:00,43.05,0.071892,7.19,0,Low,Legitimate
T101745,2024-01-07 23:55:00,52.52,0.073653,7.37,0,Low,Legitimate
T101746,2023-09-19 16:24:00,1.55,0.072677,7.27,0,Low,Legitimate
T101747,2023-06-02 17:24:00,24.07,0.073653,7.37,0,Low,Legitimate
T101748,2023-09-20 15:14:00,114.27,0.071892,7.19,0,Low,Legitimate
T101749,2023-12-01 11:18:00,11.8,0.805441,80.54,1,High,Fraud
T101750,2023-10-30 19:30:00,61.31,0.072677,7.27,0,Low,Legitimate
T101751,2024-02-04 06:16:00,19.39,0.793326,79.33,1,High,Fraud
T101752,2023-12-17 09:31:00,0.98,0.071892,7.19,0,Low,Legitimate
T101753,2023-03-04 23:22:00,22.08,0.073653,7.37,0,Low,Legitimate
T101754,2023-02-23 17:43:00,297.96,0.071892,7.19,0,Low,Legitimate
T101755,2023-09-19 11:35:00,129.37,0.071892,7.19,0,Low,Legitimate
T101756,2023-03-22 19:53:00,256.67,0.072677,7.27,0,Low,Legitimate
T101757,2023-01-12 14:54:00,53.53,0.072896,7.29,0,Low,Legitimate
T101758,2023-03-11 14:04:00,9.3,0.073692,7.37,0,Low,Legitimate
T101759,2023-03-24 16:14:00,63.52,0.071892,7.19,0,Low,Legitimate
T101760,2023-10-01 23:57:00,48.47,0.073653,7.37,0,Low,Legitimate
T101761,2023-06-11 13:29:00,148.82,0.072896,7.29,0,Low,Legitimate
T101762,2023-07-09 21:28:00,8.26,0.073653,7.37,0,Low,Legitimate
T101763,2024-02-21 15:34:00,53.59,0.071892,7.19,0,Low,Legitimate
T101764,2024-02-19 18:13:00,13.01,0.071892,7.19,0,Low,Legitimate
T101765,2023-01-05 06:59:00,31.41,0.729388,72.94,1,High,Fraud
T101766,2023-11-01 19:43:00,106.96,0.074456,7.45,0,Low,Legitimate
T101767,2023-07-27 12:41:00,51.7,0.071892,7.19,0,Low,Legitimate
T101768,2023-08-11 17:47:00,37.71,0.073692,7.37,0,Low,Legitimate
T101769,2023-02-13 16:47:00,40.13,0.072896,7.29,0,Low,Legitimate
T101770,2023-02-21 00:30:00,49.21,0.712764,71.28,1,High,Fraud
T101771,2023-02-01 23:44:00,122.98,0.073653,7.37,0,Low,Legitimate
T101772,2023-04-09 18:44:00,178.11,0.802839,80.28,1,High,Fraud
T101773,2023-08-26 10:29:00,248.68,0.071892,7.19,0,Low,Legitimate
T101774,2023-03-16 13:34:00,123.68,0.071892,7.19,0,Low,Legitimate
T101775,2023-05-25 02:25:00,30.31,0.690957,69.1,1,High,Fraud
T101776,2023-06-09 23:08:00,93.21,0.073653,7.37,0,Low,Legitimate
T101777,2024-01-02 10:16:00,46.04,0.728504,72.85,1,High,Fraud
T101778,2024-02-09 03:25:00,23.51,0.817522,81.75,1,High,Fraud
T101779,2023-11-25 22:22:00,147.04,0.749247,74.92,1,High,Fraud
T101780,2023-09-21 06:32:00,3.13,0.848265,84.83,1,High,Fraud
T101781,2023-10-14 08:01:00,185.63,0.074782,7.48,0,Low,Legitimate
T101782,2023-04-24 11:49:00,49.51,0.071892,7.19,0,Low,Legitimate
T101783,2024-02-12 08:12:00,81.11,0.076588,7.66,0,Low,Legitimate
T101784,2023-11-19 05:50:00,86.15,0.808835,80.88,1,High,Fraud
T101785,2023-05-24 04:52:00,180.39,0.792442,79.24,1,High,Fraud
T101786,2023-10-25 00:21:00,81.0,0.700869,70.09,1,High,Fraud
T101787,2023-08-29 19:41:00,76.14,0.071892,7.19,0,Low,Legitimate
T101788,2023-03-01 22:20:00,5.52,0.073653,7.37,0,Low,Legitimate
T101789,2023-11-24 14:50:00,58.45,0.071892,7.19,0,Low,Legitimate
T101790,2023-03-21 07:19:00,13.02,0.074782,7.48,0,Low,Legitimate
T101791,2023-09-19 22:11:00,106.98,0.072677,7.27,0,Low,Legitimate
T101792,2023-05-07 19:52:00,57.43,0.073653,7.37,0,Low,Legitimate
T101793,2023-06-12 23:23:00,91.21,0.073692,7.37,0,Low,Legitimate
T101794,2023-10-08 08:00:00,3.41,0.076608,7.66,0,Low,Legitimate
T101795,2023-01-03 20:33:00,7.09,0.074456,7.45,0,Low,Legitimate
T101796,2024-01-01 22:49:00,100.79,0.073653,7.37,0,Low,Legitimate
T101797,2023-08-28 20:23:00,5.99,0.071892,7.19,0,Low,Legitimate
T101798,2023-04-30 14:57:00,5.91,0.071892,7.19,0,Low,Legitimate
T101799,2023-08-23 23:37:00,0.97,0.071892,7.19,0,Low,Legitimate
T101800,2023-12-25 13:34:00,250.8,0.071892,7.19,0,Low,Legitimate
T101801,2023-12-08 23:09:00,107.0,0.750205,75.02,1,High,Fraud
T101802,2023-06-08 06:26:00,34.86,0.723221,72.32,1,High,Fraud
T101803,2024-02-04 04:44:00,28.14,0.835302,83.53,1,High,Fraud
T101804,2023-07-07 05:05:00,34.43,0.681893,68.19,0,Medium,Legitimate
T101805,2023-01-06 23:54:00,119.21,0.073653,7.37,0,Low,Legitimate
T101806,2023-05-08 05:31:00,86.63,0.795907,79.59,1,High,Fraud
T101807,2023-04-11 16:59:00,16.38,0.072896,7.29,0,Low,Legitimate
T101808,2023-06-25 15:00:00,15.3,0.071892,7.19,0,Low,Legitimate
T101809,2023-11-27 16:04:00,8.29,0.79363,79.36,1,High,Fraud
T101810,2023-02-04 18:13:00,86.38,0.073653,7.37,0,Low,Legitimate
T101811,2023-07-26 02:58:00,115.64,0.7004,70.04,1,High,Fraud
T101812,2023-11-23 12:00:00,24.64,0.071892,7.19,0,Low,Legitimate
T101813,2023-08-07 21:41:00,1.69,0.074456,7.45,0,Low,Legitimate
T101814,2023-09-17 22:34:00,6.86,0.071892,7.19,0,Low,Legitimate
T101815,2024-02-01 14:21:00,275.01,0.073653,7.37,0,Low,Legitimate
T101816,2023-06-29 17:53:00,28.02,0.071892,7.19,0,Low,Legitimate
T101817,2023-09-17 21:36:00,117.3,0.071892,7.19,0,Low,Legitimate
T101818,2023-07-14 17:02:00,78.39,0.071892,7.19,0,Low,Legitimate
T101819,2023-03-09 21:37:00,38.49,0.073653,7.37,0,Low,Legitimate
T101820,2023-02-11 14:55:00,18.42,0.072896,7.29,0,Low,Legitimate
T101821,2023-05-30 07:16:00,10.35,0.074782,7.48,0,Low,Legitimate
T101822,2023-08-12 01:08:00,76.36,0.737991,73.8,1,High,Fraud
T101823,2023-03-17 18:41:00,119.2,0.071892,7.19,0,Low,Legitimate
T101824,2023-05-02 17:09:00,82.6,0.073653,7.37,0,Low,Legitimate
T101825,2023-03-06 05:15:00,60.45,0.729401,72.94,1,High,Fraud
T101826,2024-01-12 11:55:00,3.43,0.072896,7.29,0,Low,Legitimate
T101827,2023-12-24 11:23:00,276.59,0.071892,7.19,0,Low,Legitimate
T101828,2023-04-02 21:30:00,128.24,0.820245,82.02,1,High,Fraud
T101829,2023-02-22 09:34:00,27.72,0.072677,7.27,0,Low,Legitimate
T101830,2023-07-03 07:46:00,312.84,0.077441,7.74,0,Low,Legitimate
T101831,2023-03-23 19:22:00,73.68,0.071892,7.19,0,Low,Legitimate
T101832,2023-11-22 18:34:00,69.86,0.071892,7.19,0,Low,Legitimate
T101833,2023-02-28 13:14:00,110.29,0.071892,7.19,0,Low,Legitimate
T101834,2023-04-28 04:02:00,133.61,0.768106,76.81,1,High,Fraud
T101835,2023-12-04 05:13:00,85.48,0.684913,68.49,0,Medium,Legitimate
T101836,2023-11-12 14:29:00,10.97,0.072896,7.29,0,Low,Legitimate
T101837,2023-09-11 11:01:00,33.03,0.073692,7.37,0,Low,Legitimate
T101838,2024-01-13 09:42:00,210.58,0.718084,71.81,1,High,Fraud
T101839,2023-08-11 05:27:00,20.35,0.658467,65.85,0,Medium,Legitimate
T101840,2023-08-24 16:36:00,37.24,0.071892,7.19,0,Low,Legitimate
T101841,2023-06-04 09:55:00,45.26,0.074456,7.45,0,Low,Legitimate
T101842,2023-02-05 12:23:00,46.3,0.073653,7.37,0,Low,Legitimate
T101843,2023-06-16 15:56:00,75.93,0.072677,7.27,0,Low,Legitimate
T101844,2023-08-21 20:29:00,229.28,0.071892,7.19,0,Low,Legitimate
T101845,2023-09-14 09:31:00,22.03,0.071892,7.19,0,Low,Legitimate
T101846,2023-04-28 01:15:00,10.36,0.657881,65.79,0,Medium,Legitimate
T101847,2023-07-22 00:43:00,17.6,0.84663,84.66,1,High,Fraud
T101848,2023-07-09 08:18:00,174.38,0.70362,70.36,1,High,Fraud
T101849,2023-07-09 18:54:00,83.03,0.073653,7.37,0,Low,Legitimate
T101850,2023-10-20 00:19:00,26.94,0.674419,67.44,0,Medium,Legitimate
T101851,2023-11-15 05:09:00,135.4,0.716933,71.69,1,High,Fraud
T101852,2023-05-27 23:10:00,158.08,0.072677,7.27,0,Low,Legitimate
T101853,2023-01-16 02:48:00,149.93,0.669694,66.97,0,Medium,Legitimate
T101854,2023-04-20 04:53:00,200.99,0.829056,82.91,1,High,Fraud
T101855,2023-10-04 22:47:00,23.25,0.073653,7.37,0,Low,Legitimate
T101856,2024-02-05 02:43:00,112.53,0.709208,70.92,1,High,Fraud
T101857,2023-11-05 02:10:00,49.37,0.706661,70.67,1,High,Fraud
T101858,2024-01-12 13:27:00,147.61,0.072896,7.29,0,Low,Legitimate
T101859,2023-11-03 01:11:00,104.3,0.671499,67.15,0,Medium,Legitimate
T101860,2023-02-24 17:22:00,119.85,0.071892,7.19,0,Low,Legitimate
T101861,2023-03-07 01:23:00,85.41,0.842752,84.28,1,High,Fraud
T101862,2023-04-19 17:56:00,15.63,0.071892,7.19,0,Low,Legitimate
T101863,2023-01-25 06:50:00,63.0,0.085972,8.6,0,Low,Legitimate
T101864,2023-08-05 03:30:00,334.23,0.712406,71.24,1,High,Fraud
T101865,2023-09-09 09:01:00,221.66,0.730615,73.06,1,High,Fraud
T101866,2023-03-22 23:43:00,3.53,0.071892,7.19,0,Low,Legitimate
T101867,2023-08-15 19:54:00,14.41,0.071892,7.19,0,Low,Legitimate
T101868,2023-07-02 03:02:00,11.3,0.692732,69.27,1,High,Fraud
T101869,2023-03-31 17:11:00,103.56,0.071892,7.19,0,Low,Legitimate
T101870,2023-12-19 01:52:00,136.21,0.695568,69.56,1,High,Fraud
T101871,2024-01-15 18:28:00,19.21,0.071892,7.19,0,Low,Legitimate
T101872,2024-01-29 07:10:00,56.39,0.074782,7.48,0,Low,Legitimate
T101873,2023-11-25 04:33:00,146.96,0.683073,68.31,0,Medium,Legitimate
T101874,2023-05-30 17:55:00,105.58,0.071892,7.19,0,Low,Legitimate
T101875,2023-02-17 15:03:00,62.51,0.071892,7.19,0,Low,Legitimate
T101876,2023-11-27 17:37:00,71.4,0.071892,7.19,0,Low,Legitimate
T101877,2023-11-15 07:58:00,56.8,0.074782,7.48,0,Low,Legitimate
T101878,2023-09-04 02:40:00,28.25,0.695175,69.52,1,High,Fraud
T101879,2023-05-30 08:10:00,66.6,0.074782,7.48,0,Low,Legitimate
T101880,2023-01-06 15:39:00,93.41,0.073653,7.37,0,Low,Legitimate
T101881,2023-11-21 19:18:00,165.29,0.071892,7.19,0,Low,Legitimate
T101882,2023-09-23 07:03:00,80.91,0.074782,7.48,0,Low,Legitimate
T101883,2023-02-24 17:52:00,114.54,0.072677,7.27,0,Low,Legitimate
T101884,2023-10-20 16:33:00,13.96,0.071892,7.19,0,Low,Legitimate
T101885,2023-08-10 02:45:00,49.53,0.709682,70.97,1,High,Fraud
T101886,2023-08-03 00:38:00,0.75,0.576974,57.7,0,Medium,Legitimate
T101887,2024-01-02 21:21:00,22.66,0.073653,7.37,0,Low,Legitimate
T101888,2023-09-03 09:11:00,103.71,0.073653,7.37,0,Low,Legitimate
T101889,2024-01-01 05:05:00,384.39,0.724312,72.43,1,High,Fraud
T101890,2023-09-19 18:50:00,8.36,0.71404,71.4,1,High,Fraud
T101891,2023-05-04 22:05:00,41.07,0.073653,7.37,0,Low,Legitimate
T101892,2023-02-21 05:02:00,128.78,0.693246,69.32,1,High,Fraud
T101893,2023-04-29 08:51:00,18.26,0.075597,7.56,0,Low,Legitimate
T101894,2023-11-06 03:52:00,64.79,0.695422,69.54,1,High,Fraud
T101895,2023-04-27 18:23:00,105.66,0.071892,7.19,0,Low,Legitimate
T101896,2024-01-19 02:42:00,76.57,0.655394,65.54,0,Medium,Legitimate
T101897,2023-07-25 23:03:00,16.66,0.071892,7.19,0,Low,Legitimate
T101898,2023-11-02 18:53:00,35.13,0.713406,71.34,1,High,Fraud
T101899,2023-12-28 15:40:00,122.52,0.072677,7.27,0,Low,Legitimate
T101900,2023-07-20 12:25:00,64.64,0.071892,7.19,0,Low,Legitimate
T101901,2023-01-23 05:45:00,0.42,0.548955,54.9,0,Medium,Legitimate
T101902,2023-11-17 21:23:00,114.5,0.071892,7.19,0,Low,Legitimate
T101903,2023-04-05 22:38:00,2.88,0.073653,7.37,0,Low,Legitimate
T101904,2024-02-04 05:15:00,109.55,0.717602,71.76,1,High,Fraud
T101905,2023-01-27 01:55:00,18.1,0.650873,65.09,0,Medium,Legitimate
T101906,2024-01-05 11:33:00,253.75,0.073653,7.37,0,Low,Legitimate
T101907,2023-06-07 11:05:00,36.7,0.073653,7.37,0,Low,Legitimate
T101908,2024-01-05 06:29:00,31.67,0.082217,8.22,0,Low,Legitimate
T101909,2023-01-04 09:25:00,12.9,0.073653,7.37,0,Low,Legitimate
T101910,2023-04-26 03:19:00,29.18,0.679857,67.99,0,Medium,Legitimate
T101911,2023-07-23 04:50:00,167.42,0.686747,68.67,0,Medium,Legitimate
T101912,2023-11-14 10:01:00,448.7,0.072677,7.27,0,Low,Legitimate
T101913,2023-08-03 05:49:00,36.75,0.710993,71.1,1,High,Fraud
T101914,2023-04-21 14:57:00,47.63,0.072677,7.27,0,Low,Legitimate
T101915,2023-01-29 21:08:00,102.43,0.071892,7.19,0,Low,Legitimate
T101916,2023-02-03 23:10:00,173.86,0.073653,7.37,0,Low,Legitimate
T101917,2023-04-05 18:01:00,71.92,0.074456,7.45,0,Low,Legitimate
T101918,2023-04-23 10:39:00,39.74,0.071892,7.19,0,Low,Legitimate
T101919,2023-06-24 05:52:00,42.57,0.673981,67.4,0,Medium,Legitimate
T101920,2023-06-30 16:55:00,95.16,0.071892,7.19,0,Low,Legitimate
T101921,2023-04-27 01:12:00,0.26,0.559794,55.98,0,Medium,Legitimate
T101922,2023-12-25 12:45:00,77.32,0.071892,7.19,0,Low,Legitimate
T101923,2023-11-28 08:24:00,35.14,0.074782,7.48,0,Low,Legitimate
T101924,2023-02-17 10:35:00,126.47,0.071892,7.19,0,Low,Legitimate
T101925,2023-01-06 15:39:00,7.81,0.073653,7.37,0,Low,Legitimate
T101926,2023-11-01 02:52:00,70.98,0.694858,69.49,1,High,Fraud
T101927,2023-01-31 17:33:00,52.46,0.071892,7.19,0,Low,Legitimate
T101928,2023-10-21 05:34:00,82.25,0.690681,69.07,1,High,Fraud
T101929,2023-09-08 19:41:00,5.36,0.073653,7.37,0,Low,Legitimate
T101930,2023-12-08 21:09:00,69.4,0.073653,7.37,0,Low,Legitimate
T101931,2023-11-24 17:07:00,65.95,0.071892,7.19,0,Low,Legitimate
T101932,2024-01-14 10:59:00,65.8,0.071892,7.19,0,Low,Legitimate
T101933,2023-06-18 17:46:00,74.0,0.071892,7.19,0,Low,Legitimate
T101934,2023-05-13 13:08:00,90.28,0.072896,7.29,0,Low,Legitimate
T101935,2023-12-29 11:28:00,130.78,0.072677,7.27,0,Low,Legitimate
T101936,2024-01-13 06:40:00,25.16,0.086143,8.61,0,Low,Legitimate
T101937,2023-05-26 15:06:00,139.46,0.071892,7.19,0,Low,Legitimate
T101938,2023-04-16 17:28:00,55.17,0.072677,7.27,0,Low,Legitimate
T101939,2023-07-03 16:26:00,6.42,0.728745,72.87,1,High,Fraud
T101940,2023-11-04 04:58:00,4.83,0.671682,67.17,0,Medium,Legitimate
T101941,2023-03-11 20:03:00,32.55,0.072896,7.29,0,Low,Legitimate
T101942,2024-01-13 23:05:00,122.93,0.072896,7.29,0,Low,Legitimate
T101943,2024-02-12 08:45:00,98.39,0.075824,7.58,0,Low,Legitimate
T101944,2023-08-23 09:47:00,124.33,0.072677,7.27,0,Low,Legitimate
T101945,2023-06-22 07:37:00,58.26,0.074782,7.48,0,Low,Legitimate
T101946,2023-07-28 16:26:00,46.41,0.071892,7.19,0,Low,Legitimate
T101947,2023-06-28 13:29:00,12.76,0.072677,7.27,0,Low,Legitimate
T101948,2023-10-10 08:30:00,31.82,0.077441,7.74,0,Low,Legitimate
T101949,2024-01-17 15:27:00,45.54,0.072677,7.27,0,Low,Legitimate
T101950,2023-08-09 22:43:00,7.42,0.073653,7.37,0,Low,Legitimate
T101951,2023-06-27 02:03:00,19.94,0.691944,69.19,1,High,Fraud
T101952,2023-04-13 02:23:00,72.95,0.723475,72.35,1,High,Fraud
T101953,2023-06-08 23:59:00,106.44,0.073653,7.37,0,Low,Legitimate
T101954,2023-12-18 03:30:00,512.44,0.799962,80.0,1,High,Fraud
T101955,2023-12-26 02:53:00,216.38,0.693277,69.33,1,High,Fraud
T101956,2024-01-23 18:52:00,82.3,0.071892,7.19,0,Low,Legitimate
T101957,2023-07-08 15:37:00,43.75,0.073653,7.37,0,Low,Legitimate
T101958,2023-06-14 08:31:00,80.89,0.074782,7.48,0,Low,Legitimate
T101959,2023-11-10 02:14:00,123.21,0.678008,67.8,0,Medium,Legitimate
T101960,2023-05-02 03:53:00,10.08,0.692762,69.28,1,High,Fraud
T101961,2024-02-08 21:21:00,42.2,0.073653,7.37,0,Low,Legitimate
T101962,2023-02-03 04:33:00,146.51,0.677994,67.8,0,Medium,Legitimate
T101963,2023-09-27 23:30:00,38.74,0.072677,7.27,0,Low,Legitimate
T101964,2024-02-06 02:15:00,67.87,0.708987,70.9,1,High,Fraud
T101965,2023-06-07 04:29:00,70.89,0.715631,71.56,1,High,Fraud
T101966,2023-01-03 06:29:00,16.31,0.085225,8.52,0,Low,Legitimate
T101967,2023-06-16 17:04:00,35.98,0.071892,7.19,0,Low,Legitimate
T101968,2023-01-11 19:24:00,32.58,0.072896,7.29,0,Low,Legitimate
T101969,2024-01-09 02:46:00,2.12,0.580102,58.01,0,Medium,Legitimate
T101970,2023-04-06 08:11:00,1.96,0.07822,7.82,0,Low,Legitimate
T101971,2023-09-03 12:26:00,142.56,0.802179,80.22,1,High,Fraud
T101972,2024-02-07 12:09:00,25.51,0.073653,7.37,0,Low,Legitimate
T101973,2023-03-10 00:01:00,58.4,0.801106,80.11,1,High,Fraud
T101974,2023-09-21 13:35:00,28.39,0.071892,7.19,0,Low,Legitimate
T101975,2023-03-12 02:50:00,225.98,0.698437,69.84,1,High,Fraud
T101976,2024-02-15 18:55:00,24.01,0.071892,7.19,0,Low,Legitimate
T101977,2023-09-20 13:00:00,44.92,0.704257,70.43,1,High,Fraud
T101978,2023-10-25 01:51:00,164.92,0.669133,66.91,0,Medium,Legitimate
T101979,2023-10-25 05:04:00,147.58,0.700847,70.08,1,High,Fraud
T101980,2023-01-06 17:52:00,16.47,0.073653,7.37,0,Low,Legitimate
T101981,2024-01-05 07:50:00,129.82,0.076608,7.66,0,Low,Legitimate
T101982,2023-09-27 17:11:00,49.03,0.071892,7.19,0,Low,Legitimate
T101983,2023-02-16 11:39:00,52.77,0.071892,7.19,0,Low,Legitimate
T101984,2023-10-20 07:31:00,11.46,0.075537,7.55,0,Low,Legitimate
T101985,2024-02-17 03:06:00,6.72,0.682408,68.24,0,Medium,Legitimate
T101986,2023-06-11 11:17:00,104.14,0.072896,7.29,0,Low,Legitimate
T101987,2023-07-19 08:32:00,54.89,0.074782,7.48,0,Low,Legitimate
T101988,2024-01-15 06:44:00,45.94,0.085225,8.52,0,Low,Legitimate
T101989,2023-01-25 11:06:00,104.6,0.071892,7.19,0,Low,Legitimate
T101990,2023-06-28 00:07:00,116.03,0.70507,70.51,1,High,Fraud
T101991,2023-03-01 08:29:00,13.84,0.076608,7.66,0,Low,Legitimate
T101992,2023-11-14 06:03:00,75.37,0.087512,8.75,0,Low,Legitimate
T101993,2023-07-13 05:33:00,11.63,0.69032,69.03,1,High,Fraud
T101994,2023-04-16 23:21:00,111.34,0.773531,77.35,1,High,Fraud
T101995,2023-07-30 14:13:00,85.59,0.071892,7.19,0,Low,Legitimate
T101996,2023-02-05 18:00:00,251.01,0.073653,7.37,0,Low,Legitimate
T101997,2023-03-20 07:21:00,5.72,0.074782,7.48,0,Low,Legitimate
T101998,2023-08-11 19:16:00,4.7,0.672143,67.21,0,Medium,Legitimate
T101999,2023-10-30 06:46:00,26.52,0.800536,80.05,1,High,Fraud
T102000,2024-01-23 20:50:00,24.27,0.071892,7.19,0,Low,Legitimate
T102001,2023-09-10 16:33:00,22.69,0.074456,7.45,0,Low,Legitimate
T102002,2023-09-22 01:08:00,189.37,0.654046,65.4,0,Medium,Legitimate
T102003,2023-08-28 16:26:00,22.97,0.071892,7.19,0,Low,Legitimate
T102004,2023-03-03 06:24:00,25.39,0.082217,8.22,0,Low,Legitimate
T102005,2024-02-10 00:01:00,113.97,0.714748,71.47,1,High,Fraud
T102006,2023-09-03 20:21:00,47.79,0.074456,7.45,0,Low,Legitimate
T102007,2024-01-07 17:42:00,119.94,0.073653,7.37,0,Low,Legitimate
T102008,2023-09-13 08:28:00,5.41,0.075824,7.58,0,Low,Legitimate
T102009,2023-04-15 02:06:00,53.49,0.680741,68.07,0,Medium,Legitimate
T102010,2023-07-14 13:02:00,2.74,0.071892,7.19,0,Low,Legitimate
T102011,2023-08-30 08:45:00,5.18,0.074782,7.48,0,Low,Legitimate
T102012,2023-10-23 09:18:00,189.53,0.071892,7.19,0,Low,Legitimate
T102013,2023-01-17 09:19:00,12.0,0.071892,7.19,0,Low,Legitimate
T102014,2023-08-14 18:13:00,60.81,0.071892,7.19,0,Low,Legitimate
T102015,2023-11-09 19:56:00,42.36,0.073653,7.37,0,Low,Legitimate
T102016,2023-08-12 13:58:00,34.14,0.072896,7.29,0,Low,Legitimate
T102017,2023-10-22 14:55:00,184.07,0.071892,7.19,0,Low,Legitimate
T102018,2023-10-13 02:01:00,1.77,0.690107,69.01,1,High,Fraud
T102019,2023-05-25 00:10:00,87.2,0.699887,69.99,1,High,Fraud
T102020,2023-08-24 15:25:00,264.6,0.071892,7.19,0,Low,Legitimate
T102021,2023-03-26 18:11:00,65.71,0.072677,7.27,0,Low,Legitimate
T102022,2023-08-26 21:43:00,220.94,0.789764,78.98,1,High,Fraud
T102023,2023-01-11 16:43:00,4.29,0.072896,7.29,0,Low,Legitimate
T102024,2023-05-07 09:02:00,43.41,0.073653,7.37,0,Low,Legitimate
T102025,2023-02-27 20:46:00,24.11,0.071892,7.19,0,Low,Legitimate
T102026,2024-01-25 18:37:00,104.99,0.071892,7.19,0,Low,Legitimate
T102027,2024-01-27 19:43:00,318.33,0.072677,7.27,0,Low,Legitimate
T102028,2023-05-10 09:33:00,23.71,0.073653,7.37,0,Low,Legitimate
T102029,2023-05-26 16:52:00,84.95,0.071892,7.19,0,Low,Legitimate
T102030,2023-09-03 21:14:00,17.66,0.073653,7.37,0,Low,Legitimate
T102031,2023-03-13 14:57:00,66.65,0.072896,7.29,0,Low,Legitimate
T102032,2023-04-24 10:43:00,49.88,0.80372,80.37,1,High,Fraud
T102033,2023-06-18 09:43:00,286.06,0.071892,7.19,0,Low,Legitimate
T102034,2023-07-22 00:01:00,75.03,0.699001,69.9,1,High,Fraud
T102035,2023-09-07 23:46:00,34.4,0.073653,7.37,0,Low,Legitimate
T102036,2023-01-31 21:45:00,9.69,0.071892,7.19,0,Low,Legitimate
T102037,2023-05-27 05:05:00,13.12,0.661753,66.18,0,Medium,Legitimate
T102038,2023-04-21 17:48:00,20.42,0.071892,7.19,0,Low,Legitimate
T102039,2023-06-21 18:49:00,23.12,0.072677,7.27,0,Low,Legitimate
T102040,2023-01-08 17:14:00,152.1,0.073653,7.37,0,Low,Legitimate
T102041,2023-01-18 13:53:00,65.9,0.071892,7.19,0,Low,Legitimate
T102042,2023-05-27 09:18:00,59.28,0.71249,71.25,1,High,Fraud
T102043,2023-10-25 18:56:00,9.75,0.071892,7.19,0,Low,Legitimate
T102044,2023-05-17 08:09:00,157.37,0.717642,71.76,1,High,Fraud
T102045,2023-06-21 12:45:00,102.65,0.071892,7.19,0,Low,Legitimate
T102046,2023-10-22 13:27:00,5.61,0.071892,7.19,0,Low,Legitimate
T102047,2023-10-09 22:32:00,98.43,0.073653,7.37,0,Low,Legitimate
T102048,2023-08-23 07:32:00,62.74,0.708576,70.86,1,High,Fraud
T102049,2024-02-19 19:33:00,6.82,0.071892,7.19,0,Low,Legitimate
T102050,2023-08-01 05:36:00,49.04,0.70957,70.96,1,High,Fraud
T102051,2023-08-05 06:07:00,53.04,0.085972,8.6,0,Low,Legitimate
T102052,2023-12-20 16:44:00,14.5,0.071892,7.19,0,Low,Legitimate
T102053,2023-11-23 05:36:00,233.06,0.724062,72.41,1,High,Fraud
T102054,2024-01-18 06:12:00,151.76,0.087043,8.7,0,Low,Legitimate
T102055,2023-04-08 10:16:00,88.46,0.731472,73.15,1,High,Fraud
T102056,2024-01-30 13:26:00,49.64,0.072677,7.27,0,Low,Legitimate
T102057,2023-02-01 16:11:00,42.45,0.073653,7.37,0,Low,Legitimate
T102058,2024-01-28 12:05:00,84.21,0.071892,7.19,0,Low,Legitimate
T102059,2023-11-02 23:28:00,63.07,0.073653,7.37,0,Low,Legitimate
T102060,2023-03-25 11:38:00,5.14,0.072677,7.27,0,Low,Legitimate
T102061,2023-11-07 11:22:00,57.48,0.074456,7.45,0,Low,Legitimate
T102062,2023-04-30 07:15:00,131.36,0.074782,7.48,0,Low,Legitimate
T102063,2023-10-24 00:18:00,49.18,0.709857,70.99,1,High,Fraud
T102064,2023-05-13 10:28:00,4.27,0.072896,7.29,0,Low,Legitimate
T102065,2024-02-01 00:27:00,123.45,0.815078,81.51,1,High,Fraud
T102066,2023-09-04 07:25:00,17.99,0.076608,7.66,0,Low,Legitimate
T102067,2023-07-22 12:18:00,23.94,0.707989,70.8,1,High,Fraud
T102068,2023-07-08 11:14:00,14.4,0.073653,7.37,0,Low,Legitimate
T102069,2024-02-08 16:35:00,32.06,0.074456,7.45,0,Low,Legitimate
T102070,2024-01-01 23:00:00,113.09,0.073653,7.37,0,Low,Legitimate
T102071,2023-03-05 11:38:00,58.62,0.073653,7.37,0,Low,Legitimate
T102072,2023-09-25 02:15:00,18.34,0.67329,67.33,0,Medium,Legitimate
T102073,2023-10-29 03:36:00,168.19,0.704353,70.44,1,High,Fraud
T102074,2023-05-08 21:42:00,169.34,0.073653,7.37,0,Low,Legitimate
T102075,2023-01-19 00:10:00,163.57,0.721398,72.14,1,High,Fraud
T102076,2023-01-13 11:59:00,21.83,0.072896,7.29,0,Low,Legitimate
T102077,2023-01-30 05:00:00,48.01,0.700829,70.08,1,High,Fraud
T102078,2023-11-10 09:27:00,335.92,0.074456,7.45,0,Low,Legitimate
T102079,2024-01-01 06:34:00,118.28,0.085972,8.6,0,Low,Legitimate
T102080,2023-06-17 21:23:00,2.2,0.761404,76.14,1,High,Fraud
T102081,2023-12-28 14:12:00,5.39,0.071892,7.19,0,Low,Legitimate
T102082,2023-07-09 12:01:00,49.88,0.073653,7.37,0,Low,Legitimate
T102083,2023-01-06 22:54:00,191.95,0.074456,7.45,0,Low,Legitimate
T102084,2023-08-07 09:48:00,61.9,0.813635,81.36,1,High,Fraud
T102085,2023-07-13 03:40:00,55.1,0.701026,70.1,1,High,Fraud
T102086,2024-02-08 22:05:00,8.92,0.073653,7.37,0,Low,Legitimate
T102087,2023-09-18 22:03:00,85.55,0.776736,77.67,1,High,Fraud
T102088,2023-05-10 22:17:00,138.12,0.073653,7.37,0,Low,Legitimate
T102089,2023-03-06 21:24:00,38.3,0.073653,7.37,0,Low,Legitimate
T102090,2024-02-18 14:52:00,119.55,0.071892,7.19,0,Low,Legitimate
T102091,2023-04-20 04:43:00,267.01,0.714396,71.44,1,High,Fraud
T102092,2023-10-17 09:02:00,18.23,0.071892,7.19,0,Low,Legitimate
T102093,2023-12-11 02:46:00,59.27,0.683207,68.32,0,Medium,Legitimate
T102094,2023-01-26 18:11:00,27.08,0.700254,70.03,1,High,Fraud
T102095,2023-02-28 05:56:00,125.95,0.696011,69.6,1,High,Fraud
T102096,2023-10-31 15:34:00,68.94,0.071892,7.19,0,Low,Legitimate
T102097,2023-08-23 13:15:00,80.54,0.071892,7.19,0,Low,Legitimate
T102098,2024-02-09 04:09:00,127.93,0.783845,78.38,1,High,Fraud
T102099,2023-11-26 17:30:00,40.33,0.071892,7.19,0,Low,Legitimate
T102100,2023-03-27 16:07:00,197.29,0.071892,7.19,0,Low,Legitimate
T102101,2023-10-29 10:00:00,60.92,0.072677,7.27,0,Low,Legitimate
T102102,2023-01-15 10:32:00,13.75,0.071892,7.19,0,Low,Legitimate
T102103,2023-07-15 13:56:00,95.23,0.072677,7.27,0,Low,Legitimate
T102104,2023-03-05 22:34:00,126.1,0.073653,7.37,0,Low,Legitimate
T102105,2023-11-23 11:14:00,30.47,0.708306,70.83,1,High,Fraud
T102106,2024-01-13 15:55:00,155.69,0.073692,7.37,0,Low,Legitimate
T102107,2023-07-31 05:30:00,189.28,0.700841,70.08,1,High,Fraud
T102108,2023-02-23 15:59:00,25.94,0.071892,7.19,0,Low,Legitimate
T102109,2023-03-21 22:59:00,328.46,0.071892,7.19,0,Low,Legitimate
T102110,2023-03-07 23:28:00,12.13,0.073653,7.37,0,Low,Legitimate
T102111,2023-05-22 11:58:00,18.05,0.716206,71.62,1,High,Fraud
T102112,2024-01-18 02:53:00,16.29,0.692431,69.24,1,High,Fraud
T102113,2023-10-24 02:06:00,179.54,0.686525,68.65,0,Medium,Legitimate
T102114,2023-11-20 19:26:00,84.97,0.071892,7.19,0,Low,Legitimate
T102115,2024-01-01 23:07:00,13.2,0.073653,7.37,0,Low,Legitimate
T102116,2023-07-13 06:32:00,46.43,0.730853,73.09,1,High,Fraud
T102117,2023-03-19 05:29:00,76.42,0.699269,69.93,1,High,Fraud
T102118,2024-02-05 17:48:00,6.97,0.073653,7.37,0,Low,Legitimate
T102119,2024-01-09 05:50:00,171.25,0.846868,84.69,1,High,Fraud
T102120,2023-08-25 11:37:00,130.21,0.071892,7.19,0,Low,Legitimate
T102121,2023-03-28 04:09:00,56.29,0.695492,69.55,1,High,Fraud
T102122,2023-04-29 02:42:00,273.21,0.780791,78.08,1,High,Fraud
T102123,2023-06-11 00:30:00,43.27,0.691657,69.17,1,High,Fraud
T102124,2024-01-22 20:08:00,331.37,0.072677,7.27,0,Low,Legitimate
T102125,2023-06-28 11:43:00,88.19,0.072677,7.27,0,Low,Legitimate
T102126,2023-07-26 12:17:00,80.56,0.071892,7.19,0,Low,Legitimate
T102127,2023-04-25 09:36:00,14.52,0.711417,71.14,1,High,Fraud
T102128,2024-02-07 22:36:00,170.92,0.073653,7.37,0,Low,Legitimate
T102129,2023-04-15 23:09:00,44.62,0.072677,7.27,0,Low,Legitimate
T102130,2023-10-11 16:34:00,14.16,0.072896,7.29,0,Low,Legitimate
T102131,2023-11-25 01:45:00,1.02,0.580709,58.07,0,Medium,Legitimate
T102132,2023-05-16 06:56:00,65.63,0.085972,8.6,0,Low,Legitimate
T102133,2023-10-29 00:58:00,59.96,0.703328,70.33,1,High,Fraud
T102134,2023-03-02 12:31:00,101.65,0.720665,72.07,1,High,Fraud
T102135,2023-12-01 06:32:00,176.77,0.085426,8.54,0,Low,Legitimate
T102136,2023-03-26 15:10:00,6.62,0.071892,7.19,0,Low,Legitimate
T102137,2023-01-29 22:21:00,105.19,0.071892,7.19,0,Low,Legitimate
T102138,2023-09-06 08:53:00,16.6,0.07738,7.74,0,Low,Legitimate
T102139,2024-02-15 07:40:00,156.25,0.802331,80.23,1,High,Fraud
T102140,2023-11-09 08:23:00,136.77,0.076608,7.66,0,Low,Legitimate
T102141,2023-11-29 15:19:00,62.26,0.071892,7.19,0,Low,Legitimate
T102142,2023-08-08 00:52:00,99.1,0.715499,71.55,1,High,Fraud
T102143,2023-11-03 04:43:00,30.19,0.673112,67.31,0,Medium,Legitimate
T102144,2023-06-17 15:09:00,50.97,0.071892,7.19,0,Low,Legitimate
T102145,2023-06-28 02:22:00,137.91,0.696524,69.65,1,High,Fraud
T102146,2023-11-30 02:26:00,49.19,0.693685,69.37,1,High,Fraud
T102147,2023-08-20 22:02:00,35.43,0.071892,7.19,0,Low,Legitimate
T102148,2023-10-23 03:27:00,54.53,0.69364,69.36,1,High,Fraud
T102149,2023-11-28 05:50:00,140.94,0.68676,68.68,0,Medium,Legitimate
T102150,2023-03-23 17:44:00,32.66,0.071892,7.19,0,Low,Legitimate
T102151,2023-09-17 22:59:00,15.27,0.071892,7.19,0,Low,Legitimate
T102152,2024-01-18 06:00:00,99.59,0.714706,71.47,1,High,Fraud
T102153,2023-02-08 17:22:00,139.89,0.074456,7.45,0,Low,Legitimate
T102154,2023-07-18 04:27:00,8.49,0.686379,68.64,0,Medium,Legitimate
T102155,2023-07-20 06:53:00,21.94,0.718244,71.82,1,High,Fraud
T102156,2023-06-14 03:20:00,12.25,0.841336,84.13,1,High,Fraud
T102157,2024-01-14 03:50:00,34.21,0.800979,80.1,1,High,Fraud
T102158,2023-12-19 22:42:00,47.88,0.071892,7.19,0,Low,Legitimate
T102159,2023-08-10 17:13:00,110.53,0.073653,7.37,0,Low,Legitimate
T102160,2023-09-27 13:55:00,84.25,0.071892,7.19,0,Low,Legitimate
T102161,2023-10-15 20:17:00,77.6,0.071892,7.19,0,Low,Legitimate
T102162,2023-02-28 21:20:00,34.76,0.071892,7.19,0,Low,Legitimate
T102163,2023-07-10 10:33:00,147.33,0.073653,7.37,0,Low,Legitimate
T102164,2023-04-10 07:17:00,50.98,0.076608,7.66,0,Low,Legitimate
T102165,2023-06-06 06:05:00,309.46,0.793181,79.32,1,High,Fraud
T102166,2023-10-17 17:30:00,80.44,0.071892,7.19,0,Low,Legitimate
T102167,2023-05-16 03:06:00,10.8,0.704955,70.5,1,High,Fraud
T102168,2023-05-28 06:42:00,90.2,0.085972,8.6,0,Low,Legitimate
T102169,2023-04-01 22:59:00,31.46,0.073653,7.37,0,Low,Legitimate
T102170,2023-08-06 19:50:00,92.75,0.073653,7.37,0,Low,Legitimate
T102171,2023-05-16 21:09:00,5.77,0.072677,7.27,0,Low,Legitimate
T102172,2023-01-27 12:45:00,15.38,0.071892,7.19,0,Low,Legitimate
T102173,2023-11-21 08:26:00,154.89,0.075597,7.56,0,Low,Legitimate
T102174,2023-04-06 20:10:00,20.62,0.723736,72.37,1,High,Fraud
T102175,2023-08-28 12:10:00,145.14,0.071892,7.19,0,Low,Legitimate
T102176,2023-10-13 06:41:00,26.2,0.084683,8.47,0,Low,Legitimate
T102177,2023-04-17 02:33:00,82.38,0.692304,69.23,1,High,Fraud
T102178,2023-11-03 03:40:00,94.77,0.672018,67.2,0,Medium,Legitimate
T102179,2023-09-02 22:01:00,57.5,0.074456,7.45,0,Low,Legitimate
T102180,2023-07-19 08:28:00,29.14,0.714765,71.48,1,High,Fraud
T102181,2023-02-17 17:15:00,19.13,0.071892,7.19,0,Low,Legitimate
T102182,2023-08-03 13:34:00,2.7,0.073653,7.37,0,Low,Legitimate
T102183,2023-09-18 02:20:00,28.99,0.690696,69.07,1,High,Fraud
T102184,2023-01-20 08:24:00,84.71,0.074782,7.48,0,Low,Legitimate
T102185,2023-04-04 19:45:00,222.84,0.073653,7.37,0,Low,Legitimate
T102186,2023-02-25 02:04:00,163.96,0.688135,68.81,0,Medium,Legitimate
T102187,2023-11-16 04:29:00,116.22,0.722581,72.26,1,High,Fraud
T102188,2023-01-05 19:51:00,124.26,0.073653,7.37,0,Low,Legitimate
T102189,2023-10-16 12:27:00,87.49,0.82152,82.15,1,High,Fraud
T102190,2023-01-14 20:32:00,24.12,0.071892,7.19,0,Low,Legitimate
T102191,2023-11-10 01:33:00,190.18,0.687977,68.8,0,Medium,Legitimate
T102192,2023-08-29 11:38:00,88.87,0.071892,7.19,0,Low,Legitimate
T102193,2023-09-21 05:59:00,65.76,0.705397,70.54,1,High,Fraud
T102194,2023-12-13 23:58:00,9.41,0.072896,7.29,0,Low,Legitimate
T102195,2023-12-22 14:16:00,47.4,0.071892,7.19,0,Low,Legitimate
T102196,2023-05-28 02:00:00,49.35,0.696763,69.68,1,High,Fraud
T102197,2024-02-09 08:50:00,159.94,0.076608,7.66,0,Low,Legitimate
T102198,2023-11-09 02:50:00,63.29,0.708989,70.9,1,High,Fraud
T102199,2023-05-12 18:16:00,38.29,0.072896,7.29,0,Low,Legitimate
T102200,2023-07-10 15:51:00,301.09,0.073653,7.37,0,Low,Legitimate
T102201,2023-05-10 16:16:00,9.39,0.073653,7.37,0,Low,Legitimate
T102202,2023-10-28 13:08:00,43.93,0.071892,7.19,0,Low,Legitimate
T102203,2023-03-17 15:35:00,3.43,0.072677,7.27,0,Low,Legitimate
T102204,2023-10-01 00:15:00,107.74,0.719834,71.98,1,High,Fraud
T102205,2023-08-31 10:43:00,200.16,0.80859,80.86,1,High,Fraud
T102206,2023-08-24 09:31:00,26.28,0.071892,7.19,0,Low,Legitimate
T102207,2023-04-26 20:38:00,156.35,0.071892,7.19,0,Low,Legitimate
T102208,2023-06-07 19:44:00,27.65,0.074456,7.45,0,Low,Legitimate
T102209,2023-08-23 23:16:00,193.32,0.071892,7.19,0,Low,Legitimate
T102210,2023-09-21 01:11:00,112.18,0.69294,69.29,1,High,Fraud
T102211,2023-11-26 13:26:00,130.74,0.071892,7.19,0,Low,Legitimate
T102212,2024-01-06 09:19:00,1.45,0.073653,7.37,0,Low,Legitimate
T102213,2023-12-19 05:30:00,263.34,0.718033,71.8,1,High,Fraud
T102214,2024-02-06 20:49:00,103.77,0.073653,7.37,0,Low,Legitimate
T102215,2023-11-12 10:12:00,29.08,0.072896,7.29,0,Low,Legitimate
T102216,2023-11-04 16:36:00,141.47,0.073653,7.37,0,Low,Legitimate
T102217,2023-09-08 09:01:00,26.45,0.073653,7.37,0,Low,Legitimate
T102218,2023-06-07 13:13:00,164.93,0.073653,7.37,0,Low,Legitimate
T102219,2023-07-02 09:04:00,9.55,0.073653,7.37,0,Low,Legitimate
T102220,2023-10-05 16:12:00,97.31,0.71667,71.67,1,High,Fraud
T102221,2023-11-12 08:43:00,62.24,0.075824,7.58,0,Low,Legitimate
T102222,2023-02-02 10:43:00,8.12,0.073653,7.37,0,Low,Legitimate
T102223,2023-08-05 19:53:00,22.15,0.729243,72.92,1,High,Fraud
T102224,2023-03-05 17:13:00,1.0,0.073653,7.37,0,Low,Legitimate
T102225,2023-12-25 19:28:00,50.6,0.071892,7.19,0,Low,Legitimate
T102226,2023-09-30 22:11:00,28.68,0.071892,7.19,0,Low,Legitimate
T102227,2024-02-17 03:53:00,72.98,0.689719,68.97,0,Medium,Legitimate
T102228,2023-02-25 07:39:00,28.22,0.074782,7.48,0,Low,Legitimate
T102229,2024-02-10 04:03:00,28.52,0.776727,77.67,1,High,Fraud
T102230,2023-07-20 18:34:00,108.75,0.071892,7.19,0,Low,Legitimate
T102231,2023-01-30 23:41:00,3.95,0.071892,7.19,0,Low,Legitimate
T102232,2023-10-15 04:30:00,186.56,0.70748,70.75,1,High,Fraud
T102233,2023-06-14 02:16:00,152.99,0.702864,70.29,1,High,Fraud
T102234,2023-03-15 17:57:00,88.16,0.071892,7.19,0,Low,Legitimate
T102235,2023-04-06 12:10:00,71.96,0.073653,7.37,0,Low,Legitimate
T102236,2023-04-10 20:07:00,178.27,0.738559,73.86,1,High,Fraud
T102237,2023-02-21 17:55:00,16.4,0.072677,7.27,0,Low,Legitimate
T102238,2023-07-25 21:23:00,6.58,0.072677,7.27,0,Low,Legitimate
T102239,2023-05-21 20:59:00,21.9,0.071892,7.19,0,Low,Legitimate
T102240,2023-10-13 21:19:00,126.62,0.073692,7.37,0,Low,Legitimate
T102241,2023-07-28 03:53:00,2.82,0.61675,61.68,0,Medium,Legitimate
T102242,2023-12-14 17:00:00,69.94,0.071892,7.19,0,Low,Legitimate
T102243,2023-05-28 11:17:00,431.19,0.071892,7.19,0,Low,Legitimate
T102244,2023-09-20 21:50:00,154.87,0.796851,79.69,1,High,Fraud
T102245,2023-09-11 05:17:00,58.96,0.805551,80.56,1,High,Fraud
T102246,2023-10-25 07:41:00,5.26,0.075597,7.56,0,Low,Legitimate
T102247,2023-11-30 05:12:00,142.41,0.703438,70.34,1,High,Fraud
T102248,2023-11-04 23:47:00,73.1,0.073653,7.37,0,Low,Legitimate
T102249,2023-11-22 19:10:00,9.77,0.706979,70.7,1,High,Fraud
T102250,2023-06-11 16:12:00,7.88,0.072896,7.29,0,Low,Legitimate
T102251,2024-01-17 23:55:00,192.3,0.072677,7.27,0,Low,Legitimate
T102252,2023-08-28 16:43:00,88.5,0.071892,7.19,0,Low,Legitimate
T102253,2023-03-08 02:40:00,141.42,0.695232,69.52,1,High,Fraud
T102254,2023-07-22 15:09:00,168.94,0.072677,7.27,0,Low,Legitimate
T102255,2023-04-26 17:12:00,67.85,0.071892,7.19,0,Low,Legitimate
T102256,2023-02-19 21:42:00,58.29,0.071892,7.19,0,Low,Legitimate
T102257,2023-12-31 05:44:00,45.03,0.690843,69.08,1,High,Fraud
T102258,2023-12-26 09:28:00,30.49,0.071892,7.19,0,Low,Legitimate
T102259,2023-11-14 09:46:00,45.62,0.072677,7.27,0,Low,Legitimate
T102260,2023-01-26 11:45:00,118.94,0.071892,7.19,0,Low,Legitimate
T102261,2023-04-07 02:45:00,73.69,0.67303,67.3,0,Medium,Legitimate
T102262,2023-08-15 00:37:00,178.44,0.713944,71.39,1,High,Fraud
T102263,2023-09-07 00:43:00,46.87,0.732617,73.26,1,High,Fraud
T102264,2023-01-19 19:22:00,74.73,0.071892,7.19,0,Low,Legitimate
T102265,2023-03-20 09:46:00,79.82,0.071892,7.19,0,Low,Legitimate
T102266,2023-02-02 22:42:00,71.66,0.074456,7.45,0,Low,Legitimate
T102267,2023-04-06 16:48:00,97.02,0.073653,7.37,0,Low,Legitimate
T102268,2023-10-15 07:51:00,21.69,0.074782,7.48,0,Low,Legitimate
T102269,2024-01-02 06:08:00,57.45,0.086648,8.66,0,Low,Legitimate
T102270,2023-03-09 15:43:00,8.81,0.073653,7.37,0,Low,Legitimate
T102271,2023-08-28 04:41:00,38.83,0.702017,70.2,1,High,Fraud
T102272,2023-08-20 07:01:00,53.5,0.075597,7.56,0,Low,Legitimate
T102273,2023-12-07 16:41:00,84.5,0.073653,7.37,0,Low,Legitimate
T102274,2023-01-07 21:59:00,240.51,0.074456,7.45,0,Low,Legitimate
T102275,2023-02-20 02:59:00,73.43,0.67484,67.48,0,Medium,Legitimate
T102276,2023-08-24 09:00:00,108.88,0.071892,7.19,0,Low,Legitimate
T102277,2023-10-16 23:31:00,56.46,0.072677,7.27,0,Low,Legitimate
T102278,2023-04-12 01:31:00,80.43,0.689245,68.92,0,Medium,Legitimate
T102279,2023-11-18 18:39:00,5.89,0.072677,7.27,0,Low,Legitimate
T102280,2023-06-10 05:54:00,23.48,0.697667,69.77,1,High,Fraud
T102281,2023-04-07 15:30:00,35.93,0.073653,7.37,0,Low,Legitimate
T102282,2023-06-06 07:06:00,51.17,0.076608,7.66,0,Low,Legitimate
T102283,2023-05-30 02:59:00,3.74,0.782874,78.29,1,High,Fraud
T102284,2023-09-08 02:53:00,12.07,0.642382,64.24,0,Medium,Legitimate
T102285,2023-01-15 09:57:00,25.93,0.071892,7.19,0,Low,Legitimate
T102286,2023-01-16 23:27:00,284.72,0.071892,7.19,0,Low,Legitimate
T102287,2023-05-09 18:00:00,32.2,0.073653,7.37,0,Low,Legitimate
T102288,2023-05-17 03:47:00,52.63,0.714845,71.48,1,High,Fraud
T102289,2023-02-23 07:57:00,17.46,0.074782,7.48,0,Low,Legitimate
T102290,2023-12-03 11:14:00,75.49,0.822853,82.29,1,High,Fraud
T102291,2023-08-22 12:05:00,26.36,0.071892,7.19,0,Low,Legitimate
T102292,2023-02-07 19:34:00,18.55,0.073653,7.37,0,Low,Legitimate
T102293,2023-02-25 07:10:00,58.15,0.075537,7.55,0,Low,Legitimate
T102294,2023-09-15 14:12:00,0.44,0.690004,69.0,1,High,Fraud
T102295,2023-05-07 22:58:00,0.62,0.073653,7.37,0,Low,Legitimate
T102296,2023-12-31 23:23:00,19.78,0.071892,7.19,0,Low,Legitimate
T102297,2023-02-20 09:38:00,2.99,0.071892,7.19,0,Low,Legitimate
T102298,2023-09-19 04:47:00,9.15,0.690914,69.09,1,High,Fraud
T102299,2023-02-21 17:07:00,33.1,0.072677,7.27,0,Low,Legitimate
T102300,2023-04-07 16:25:00,129.8,0.718886,71.89,1,High,Fraud
T102301,2023-09-28 11:32:00,67.9,0.071892,7.19,0,Low,Legitimate
T102302,2023-01-04 17:50:00,57.5,0.073653,7.37,0,Low,Legitimate
T102303,2023-02-08 14:36:00,27.79,0.074456,7.45,0,Low,Legitimate
T102304,2023-03-28 05:10:00,214.77,0.826114,82.61,1,High,Fraud
T102305,2023-10-06 06:45:00,40.47,0.084683,8.47,0,Low,Legitimate
T102306,2023-03-05 10:43:00,7.29,0.073653,7.37,0,Low,Legitimate
T102307,2023-07-15 16:36:00,76.79,0.072677,7.27,0,Low,Legitimate
T102308,2023-11-12 04:53:00,9.67,0.688379,68.84,0,Medium,Legitimate
T102309,2023-01-06 04:03:00,33.88,0.678048,67.8,0,Medium,Legitimate
T102310,2023-02-13 07:06:00,56.65,0.076588,7.66,0,Low,Legitimate
T102311,2023-04-22 13:55:00,165.86,0.709832,70.98,1,High,Fraud
T102312,2023-02-12 02:36:00,54.43,0.687854,68.79,0,Medium,Legitimate
T102313,2024-02-10 10:03:00,96.92,0.073653,7.37,0,Low,Legitimate
T102314,2023-04-20 04:25:00,394.88,0.713676,71.37,1,High,Fraud
T102315,2024-01-09 16:00:00,11.28,0.073653,7.37,0,Low,Legitimate
T102316,2023-04-25 16:11:00,25.7,0.071892,7.19,0,Low,Legitimate
T102317,2023-05-03 08:58:00,40.15,0.076608,7.66,0,Low,Legitimate
T102318,2023-06-09 01:42:00,43.83,0.660888,66.09,0,Medium,Legitimate
T102319,2023-04-18 06:26:00,42.35,0.085225,8.52,0,Low,Legitimate
T102320,2024-01-22 07:34:00,190.54,0.074782,7.48,0,Low,Legitimate
T102321,2023-11-15 06:33:00,100.15,0.085972,8.6,0,Low,Legitimate
T102322,2023-01-01 11:34:00,74.9,0.806282,80.63,1,High,Fraud
T102323,2023-01-30 20:25:00,29.61,0.072677,7.27,0,Low,Legitimate
T102324,2023-10-29 17:56:00,138.89,0.071892,7.19,0,Low,Legitimate
T102325,2023-06-03 02:43:00,248.2,0.704628,70.46,1,High,Fraud
T102326,2023-05-22 08:59:00,137.72,0.074782,7.48,0,Low,Legitimate
T102327,2023-11-06 11:49:00,0.13,0.073653,7.37,0,Low,Legitimate
T102328,2024-01-06 19:37:00,80.94,0.073653,7.37,0,Low,Legitimate
T102329,2023-08-10 20:24:00,4.2,0.073653,7.37,0,Low,Legitimate
T102330,2024-01-19 12:09:00,23.83,0.072677,7.27,0,Low,Legitimate
T102331,2023-07-30 08:03:00,4.91,0.074782,7.48,0,Low,Legitimate
T102332,2023-09-06 12:24:00,74.07,0.073653,7.37,0,Low,Legitimate
T102333,2023-05-09 09:34:00,92.82,0.073653,7.37,0,Low,Legitimate
T102334,2023-11-11 02:25:00,9.73,0.680565,68.06,0,Medium,Legitimate
T102335,2023-09-05 10:19:00,38.74,0.073653,7.37,0,Low,Legitimate
T102336,2023-02-10 03:00:00,48.74,0.687138,68.71,0,Medium,Legitimate
T102337,2023-06-21 00:26:00,36.84,0.690555,69.06,1,High,Fraud
T102338,2023-05-14 06:54:00,10.32,0.085225,8.52,0,Low,Legitimate
T102339,2023-01-31 13:20:00,43.43,0.071892,7.19,0,Low,Legitimate
T102340,2023-09-26 02:19:00,111.28,0.686663,68.67,0,Medium,Legitimate
T102341,2023-01-17 07:34:00,5.89,0.076359,7.64,0,Low,Legitimate
T102342,2024-02-19 08:10:00,6.69,0.074782,7.48,0,Low,Legitimate
T102343,2024-02-14 21:46:00,35.05,0.071892,7.19,0,Low,Legitimate
T102344,2023-08-17 00:08:00,227.41,0.726723,72.67,1,High,Fraud
T102345,2023-03-31 17:41:00,88.35,0.071892,7.19,0,Low,Legitimate
T102346,2023-07-07 21:40:00,90.82,0.073653,7.37,0,Low,Legitimate
T102347,2023-11-18 17:45:00,35.94,0.071892,7.19,0,Low,Legitimate
T102348,2024-02-15 23:40:00,72.05,0.071892,7.19,0,Low,Legitimate
T102349,2023-12-31 00:54:00,0.81,0.748813,74.88,1,High,Fraud
T102350,2023-11-02 05:34:00,80.87,0.860961,86.1,1,High,Fraud
T102351,2023-11-23 11:59:00,195.61,0.071892,7.19,0,Low,Legitimate
T102352,2023-10-10 09:38:00,75.86,0.073653,7.37,0,Low,Legitimate
T102353,2023-09-19 22:05:00,165.53,0.072677,7.27,0,Low,Legitimate
T102354,2023-12-20 13:13:00,102.98,0.815017,81.5,1,High,Fraud
T102355,2023-04-13 23:42:00,10.28,0.072896,7.29,0,Low,Legitimate
T102356,2023-04-17 13:16:00,186.19,0.071892,7.19,0,Low,Legitimate
T102357,2023-11-13 15:29:00,5.5,0.072896,7.29,0,Low,Legitimate
T102358,2023-10-03 17:22:00,61.08,0.073653,7.37,0,Low,Legitimate
T102359,2024-01-20 06:03:00,12.26,0.085225,8.52,0,Low,Legitimate
T102360,2023-04-18 05:58:00,0.94,0.568415,56.84,0,Medium,Legitimate
T102361,2023-11-09 01:17:00,43.86,0.703969,70.4,1,High,Fraud
T102362,2023-03-04 14:22:00,27.97,0.073653,7.37,0,Low,Legitimate
T102363,2023-01-21 10:59:00,53.24,0.071892,7.19,0,Low,Legitimate
T102364,2023-05-11 07:47:00,68.87,0.813204,81.32,1,High,Fraud
T102365,2023-05-31 13:01:00,3.58,0.071892,7.19,0,Low,Legitimate
T102366,2023-12-01 23:21:00,10.5,0.764302,76.43,1,High,Fraud
T102367,2023-06-12 01:57:00,65.43,0.863701,86.37,1,High,Fraud
T102368,2023-10-18 18:47:00,33.63,0.071892,7.19,0,Low,Legitimate
T102369,2023-02-23 10:57:00,104.5,0.071892,7.19,0,Low,Legitimate
T102370,2023-05-11 04:44:00,84.51,0.716285,71.63,1,High,Fraud
T102371,2023-06-17 04:28:00,149.46,0.666873,66.69,0,Medium,Legitimate
T102372,2023-05-26 22:23:00,94.34,0.072677,7.27,0,Low,Legitimate
T102373,2024-02-06 16:42:00,44.96,0.073653,7.37,0,Low,Legitimate
T102374,2023-04-02 11:37:00,89.42,0.074456,7.45,0,Low,Legitimate
T102375,2023-09-03 14:00:00,25.77,0.073653,7.37,0,Low,Legitimate
T102376,2023-05-27 22:42:00,29.26,0.071892,7.19,0,Low,Legitimate
T102377,2023-11-02 11:58:00,124.47,0.073653,7.37,0,Low,Legitimate
T102378,2023-03-15 12:23:00,47.31,0.071892,7.19,0,Low,Legitimate
T102379,2023-08-05 10:19:00,128.11,0.073653,7.37,0,Low,Legitimate
T102380,2023-01-19 16:54:00,138.27,0.071892,7.19,0,Low,Legitimate
T102381,2023-12-25 07:41:00,155.91,0.074782,7.48,0,Low,Legitimate
T102382,2023-08-08 09:50:00,198.76,0.073653,7.37,0,Low,Legitimate
T102383,2023-01-30 11:09:00,45.11,0.071892,7.19,0,Low,Legitimate
T102384,2023-01-04 02:26:00,30.72,0.839412,83.94,1,High,Fraud
T102385,2023-06-08 09:23:00,69.82,0.073653,7.37,0,Low,Legitimate
T102386,2023-12-20 22:46:00,37.11,0.071892,7.19,0,Low,Legitimate
T102387,2023-09-21 22:05:00,73.52,0.767999,76.8,1,High,Fraud
T102388,2023-10-04 20:42:00,97.82,0.073653,7.37,0,Low,Legitimate
T102389,2023-10-20 08:30:00,93.28,0.074782,7.48,0,Low,Legitimate
T102390,2023-01-24 07:46:00,37.54,0.074782,7.48,0,Low,Legitimate
T102391,2023-10-19 05:01:00,14.6,0.669576,66.96,0,Medium,Legitimate
T102392,2023-03-26 15:50:00,45.04,0.869671,86.97,1,High,Fraud
T102393,2023-07-28 08:51:00,12.31,0.074782,7.48,0,Low,Legitimate
T102394,2023-09-13 05:26:00,176.65,0.713677,71.37,1,High,Fraud
T102395,2023-11-11 15:46:00,33.96,0.072896,7.29,0,Low,Legitimate
T102396,2023-09-21 00:13:00,13.42,0.691231,69.12,1,High,Fraud
T102397,2023-05-02 03:41:00,2.06,0.649154,64.92,0,Medium,Legitimate
T102398,2023-01-25 14:42:00,83.04,0.071892,7.19,0,Low,Legitimate
T102399,2023-07-21 08:47:00,81.05,0.075537,7.55,0,Low,Legitimate
T102400,2023-07-15 12:13:00,33.31,0.071892,7.19,0,Low,Legitimate
T102401,2024-01-23 10:02:00,5.95,0.071892,7.19,0,Low,Legitimate
T102402,2023-08-08 01:24:00,42.16,0.7091,70.91,1,High,Fraud
T102403,2024-02-13 16:18:00,29.83,0.072896,7.29,0,Low,Legitimate
T102404,2023-06-29 00:25:00,90.44,0.811969,81.2,1,High,Fraud
T102405,2023-01-27 19:13:00,74.47,0.071892,7.19,0,Low,Legitimate
T102406,2023-05-07 02:28:00,36.28,0.692134,69.21,1,High,Fraud
T102407,2023-06-21 07:11:00,19.66,0.075597,7.56,0,Low,Legitimate
T102408,2024-01-01 16:50:00,354.07,0.073653,7.37,0,Low,Legitimate
T102409,2023-05-09 13:17:00,48.41,0.074456,7.45,0,Low,Legitimate
T102410,2024-01-10 02:05:00,93.25,0.707539,70.75,1,High,Fraud
T102411,2023-08-18 22:45:00,12.12,0.772321,77.23,1,High,Fraud
T102412,2023-07-14 13:26:00,53.18,0.072677,7.27,0,Low,Legitimate
T102413,2024-01-22 06:39:00,2.23,0.085225,8.52,0,Low,Legitimate
T102414,2023-08-02 13:45:00,56.33,0.074456,7.45,0,Low,Legitimate
T102415,2023-01-03 16:34:00,265.98,0.732392,73.24,1,High,Fraud
T102416,2023-05-18 20:27:00,38.79,0.87503,87.5,1,High,Fraud
T102417,2023-11-30 06:54:00,3.18,0.086287,8.63,0,Low,Legitimate
T102418,2023-10-05 21:58:00,2.52,0.073653,7.37,0,Low,Legitimate
T102419,2023-04-17 13:51:00,39.28,0.071892,7.19,0,Low,Legitimate
T102420,2023-01-07 01:53:00,13.95,0.702209,70.22,1,High,Fraud
T102421,2023-07-31 15:45:00,1.89,0.071892,7.19,0,Low,Legitimate
T102422,2023-04-15 06:49:00,112.92,0.085972,8.6,0,Low,Legitimate
T102423,2024-02-03 23:01:00,49.08,0.073653,7.37,0,Low,Legitimate
T102424,2024-01-06 18:19:00,27.31,0.073653,7.37,0,Low,Legitimate
T102425,2023-09-30 00:18:00,184.27,0.707913,70.79,1,High,Fraud
T102426,2023-09-25 20:14:00,9.88,0.810758,81.08,1,High,Fraud
T102427,2023-08-05 15:10:00,249.74,0.073653,7.37,0,Low,Legitimate
T102428,2023-04-25 06:30:00,30.15,0.087685,8.77,0,Low,Legitimate
T102429,2023-02-26 23:10:00,175.43,0.071892,7.19,0,Low,Legitimate
T102430,2023-05-29 22:56:00,73.89,0.072677,7.27,0,Low,Legitimate
T102431,2024-01-25 15:35:00,140.22,0.789475,78.95,1,High,Fraud
T102432,2023-11-19 03:06:00,330.88,0.712661,71.27,1,High,Fraud
T102433,2023-01-24 08:43:00,27.22,0.074782,7.48,0,Low,Legitimate
T102434,2023-12-28 17:23:00,259.81,0.072677,7.27,0,Low,Legitimate
T102435,2024-01-01 10:01:00,39.48,0.074456,7.45,0,Low,Legitimate
T102436,2023-05-07 14:03:00,38.96,0.073653,7.37,0,Low,Legitimate
T102437,2023-04-26 06:14:00,33.29,0.809375,80.94,1,High,Fraud
T102438,2023-05-28 23:33:00,62.37,0.756389,75.64,1,High,Fraud
T102439,2023-10-21 15:07:00,13.39,0.071892,7.19,0,Low,Legitimate
T102440,2024-02-17 03:24:00,64.54,0.782248,78.22,1,High,Fraud
T102441,2023-06-01 13:32:00,62.42,0.073653,7.37,0,Low,Legitimate
T102442,2023-03-06 16:02:00,114.81,0.073653,7.37,0,Low,Legitimate
T102443,2023-01-29 23:56:00,143.49,0.071892,7.19,0,Low,Legitimate
T102444,2024-01-10 19:24:00,46.45,0.073653,7.37,0,Low,Legitimate
T102445,2023-12-27 23:20:00,28.8,0.071892,7.19,0,Low,Legitimate
T102446,2023-05-29 16:17:00,24.02,0.071892,7.19,0,Low,Legitimate
T102447,2023-04-05 13:03:00,17.32,0.073653,7.37,0,Low,Legitimate
T102448,2023-12-13 22:27:00,4.75,0.072896,7.29,0,Low,Legitimate
T102449,2023-11-02 14:29:00,33.54,0.073653,7.37,0,Low,Legitimate
T102450,2023-12-26 17:36:00,25.2,0.071892,7.19,0,Low,Legitimate
T102451,2023-01-08 02:59:00,271.5,0.707024,70.7,1,High,Fraud
T102452,2023-01-10 19:43:00,65.26,0.074456,7.45,0,Low,Legitimate
T102453,2023-11-11 12:05:00,34.13,0.072896,7.29,0,Low,Legitimate
T102454,2024-02-06 23:16:00,69.49,0.073653,7.37,0,Low,Legitimate
T102455,2023-10-29 03:49:00,11.99,0.803071,80.31,1,High,Fraud
T102456,2024-02-12 20:37:00,46.97,0.072896,7.29,0,Low,Legitimate
T102457,2023-12-13 09:29:00,78.73,0.811312,81.13,1,High,Fraud
T102458,2023-02-23 15:05:00,53.69,0.071892,7.19,0,Low,Legitimate
T102459,2023-05-16 22:12:00,41.1,0.071892,7.19,0,Low,Legitimate
T102460,2023-12-15 19:22:00,407.28,0.072677,7.27,0,Low,Legitimate
T102461,2023-06-05 16:30:00,169.83,0.073653,7.37,0,Low,Legitimate
T102462,2023-01-26 02:33:00,78.13,0.692036,69.2,1,High,Fraud
T102463,2023-12-31 12:42:00,67.4,0.807884,80.79,1,High,Fraud
T102464,2023-01-06 23:09:00,77.55,0.716551,71.66,1,High,Fraud
T102465,2023-01-21 08:15:00,17.98,0.074782,7.48,0,Low,Legitimate
T102466,2023-01-19 20:20:00,40.22,0.071892,7.19,0,Low,Legitimate
T102467,2023-11-25 04:40:00,3.22,0.640854,64.09,0,Medium,Legitimate
T102468,2023-11-19 14:40:00,51.63,0.071892,7.19,0,Low,Legitimate
T102469,2023-10-01 23:12:00,62.65,0.073653,7.37,0,Low,Legitimate
T102470,2023-03-18 22:02:00,20.68,0.071892,7.19,0,Low,Legitimate
T102471,2024-02-04 07:20:00,266.0,0.076608,7.66,0,Low,Legitimate
T102472,2024-02-02 13:43:00,192.15,0.073653,7.37,0,Low,Legitimate
T102473,2023-03-23 23:04:00,102.45,0.071892,7.19,0,Low,Legitimate
T102474,2023-01-15 05:40:00,60.98,0.814868,81.49,1,High,Fraud
T102475,2023-05-06 03:33:00,163.2,0.704812,70.48,1,High,Fraud
T102476,2023-10-19 19:12:00,11.2,0.071892,7.19,0,Low,Legitimate
T102477,2023-09-21 15:31:00,125.05,0.702927,70.29,1,High,Fraud
T102478,2024-02-03 01:22:00,10.67,0.682325,68.23,0,Medium,Legitimate
T102479,2023-11-17 10:11:00,126.47,0.071892,7.19,0,Low,Legitimate
T102480,2023-03-12 13:06:00,25.81,0.072896,7.29,0,Low,Legitimate
T102481,2024-02-20 03:25:00,167.7,0.700678,70.07,1,High,Fraud
T102482,2023-04-15 10:19:00,230.65,0.071892,7.19,0,Low,Legitimate
T102483,2023-04-06 17:02:00,12.89,0.073653,7.37,0,Low,Legitimate
T102484,2024-02-08 22:30:00,49.69,0.073653,7.37,0,Low,Legitimate
T102485,2023-01-28 13:03:00,317.01,0.072677,7.27,0,Low,Legitimate
T102486,2024-01-01 12:01:00,52.84,0.074456,7.45,0,Low,Legitimate
T102487,2023-04-14 17:02:00,159.34,0.071892,7.19,0,Low,Legitimate
T102488,2023-09-13 03:02:00,71.08,0.702024,70.2,1,High,Fraud
T102489,2023-12-02 21:45:00,37.64,0.073653,7.37,0,Low,Legitimate
T102490,2023-10-11 17:16:00,26.93,0.072896,7.29,0,Low,Legitimate
T102491,2023-01-04 06:57:00,18.17,0.086752,8.68,0,Low,Legitimate
T102492,2023-08-07 22:41:00,114.77,0.073653,7.37,0,Low,Legitimate
T102493,2023-03-01 06:37:00,39.09,0.831886,83.19,1,High,Fraud
T102494,2023-12-28 10:20:00,57.28,0.071892,7.19,0,Low,Legitimate
T102495,2023-11-04 13:03:00,54.23,0.074456,7.45,0,Low,Legitimate
T102496,2023-08-05 14:46:00,68.88,0.074456,7.45,0,Low,Legitimate
T102497,2023-02-23 08:49:00,160.54,0.074782,7.48,0,Low,Legitimate
T102498,2023-03-01 14:26:00,315.98,0.073653,7.37,0,Low,Legitimate
T102499,2023-06-14 16:11:00,41.88,0.071892,7.19,0,Low,Legitimate
T102500,2023-02-02 15:22:00,140.6,0.073653,7.37,0,Low,Legitimate
T102501,2023-04-23 09:06:00,115.69,0.071892,7.19,0,Low,Legitimate
T102502,2023-07-13 06:12:00,68.18,0.087043,8.7,0,Low,Legitimate
T102503,2024-02-12 12:56:00,249.97,0.072896,7.29,0,Low,Legitimate
T102504,2023-10-08 19:58:00,17.9,0.073653,7.37,0,Low,Legitimate
T102505,2023-01-28 06:12:00,9.26,0.085225,8.52,0,Low,Legitimate
T102506,2023-11-18 19:57:00,153.91,0.071892,7.19,0,Low,Legitimate
T102507,2023-07-17 04:32:00,46.26,0.683122,68.31,0,Medium,Legitimate
T102508,2023-05-02 07:30:00,150.17,0.813738,81.37,1,High,Fraud
T102509,2023-05-12 08:17:00,178.86,0.075824,7.58,0,Low,Legitimate
T102510,2023-05-21 07:56:00,5.16,0.076359,7.64,0,Low,Legitimate
T102511,2023-09-25 07:02:00,171.96,0.074782,7.48,0,Low,Legitimate
T102512,2023-09-16 13:11:00,47.58,0.071892,7.19,0,Low,Legitimate
T102513,2023-10-12 15:28:00,57.14,0.725427,72.54,1,High,Fraud
T102514,2023-04-26 04:14:00,78.81,0.699226,69.92,1,High,Fraud
T102515,2023-04-13 05:43:00,208.71,0.697915,69.79,1,High,Fraud
T102516,2024-01-12 14:19:00,1.54,0.072896,7.29,0,Low,Legitimate
T102517,2023-10-05 07:40:00,51.83,0.076608,7.66,0,Low,Legitimate
T102518,2024-01-05 10:49:00,93.11,0.073653,7.37,0,Low,Legitimate
T102519,2023-07-29 03:54:00,102.61,0.694199,69.42,1,High,Fraud
T102520,2023-02-14 21:27:00,94.35,0.071892,7.19,0,Low,Legitimate
T102521,2023-07-29 14:17:00,11.55,0.072677,7.27,0,Low,Legitimate
T102522,2023-04-22 00:51:00,28.46,0.691653,69.17,1,High,Fraud
T102523,2023-10-09 08:44:00,35.54,0.72806,72.81,1,High,Fraud
T102524,2023-05-24 01:38:00,130.55,0.697796,69.78,1,High,Fraud
T102525,2023-08-30 10:15:00,26.14,0.071892,7.19,0,Low,Legitimate
T102526,2023-02-24 03:35:00,18.93,0.653779,65.38,0,Medium,Legitimate
T102527,2023-09-24 14:08:00,252.56,0.071892,7.19,0,Low,Legitimate
T102528,2023-02-19 20:29:00,0.71,0.071892,7.19,0,Low,Legitimate
T102529,2023-03-22 19:07:00,490.31,0.071892,7.19,0,Low,Legitimate
T102530,2023-07-20 22:58:00,90.36,0.072677,7.27,0,Low,Legitimate
T102531,2023-11-07 00:06:00,141.04,0.706687,70.67,1,High,Fraud
T102532,2023-02-20 00:42:00,27.92,0.678686,67.87,0,Medium,Legitimate
T102533,2023-04-04 13:41:00,1.15,0.073653,7.37,0,Low,Legitimate
T102534,2023-04-08 17:19:00,107.11,0.073653,7.37,0,Low,Legitimate
T102535,2024-01-16 15:27:00,143.73,0.072677,7.27,0,Low,Legitimate
T102536,2023-08-20 18:38:00,107.91,0.700965,70.1,1,High,Fraud
T102537,2024-02-13 04:06:00,12.33,0.70168,70.17,1,High,Fraud
T102538,2023-02-12 00:34:00,112.01,0.723855,72.39,1,High,Fraud
T102539,2023-01-11 21:03:00,117.2,0.073692,7.37,0,Low,Legitimate
T102540,2023-11-07 08:20:00,85.96,0.076608,7.66,0,Low,Legitimate
T102541,2023-06-17 18:12:00,116.23,0.071892,7.19,0,Low,Legitimate
T102542,2024-01-08 11:22:00,149.62,0.073653,7.37,0,Low,Legitimate
T102543,2023-08-18 02:02:00,76.07,0.664774,66.48,0,Medium,Legitimate
T102544,2024-01-03 09:27:00,7.42,0.073653,7.37,0,Low,Legitimate
T102545,2023-01-15 18:42:00,53.5,0.801138,80.11,1,High,Fraud
T102546,2023-04-07 00:53:00,6.47,0.648222,64.82,0,Medium,Legitimate
T102547,2023-02-27 02:26:00,41.88,0.679329,67.93,0,Medium,Legitimate
T102548,2023-05-12 09:40:00,41.82,0.779674,77.97,1,High,Fraud
T102549,2023-03-22 02:43:00,5.46,0.675948,67.59,0,Medium,Legitimate
T102550,2023-03-22 07:41:00,34.32,0.075597,7.56,0,Low,Legitimate
T102551,2023-07-13 12:32:00,9.41,0.7174,71.74,1,High,Fraud
T102552,2023-03-08 12:35:00,132.12,0.073653,7.37,0,Low,Legitimate
T102553,2023-11-02 06:48:00,236.04,0.086569,8.66,0,Low,Legitimate
T102554,2023-06-27 00:58:00,6.01,0.69297,69.3,1,High,Fraud
T102555,2023-08-24 11:59:00,248.29,0.803414,80.34,1,High,Fraud
T102556,2023-08-28 17:39:00,59.15,0.071892,7.19,0,Low,Legitimate
T102557,2023-02-23 23:58:00,28.48,0.711187,71.12,1,High,Fraud
T102558,2023-05-07 09:57:00,6.4,0.073653,7.37,0,Low,Legitimate
T102559,2024-01-23 05:32:00,55.55,0.705407,70.54,1,High,Fraud
T102560,2024-01-05 17:47:00,126.59,0.073653,7.37,0,Low,Legitimate
T102561,2023-07-03 20:30:00,98.23,0.073653,7.37,0,Low,Legitimate
T102562,2023-09-11 15:46:00,4.12,0.072896,7.29,0,Low,Legitimate
T102563,2023-07-10 19:46:00,6.06,0.073653,7.37,0,Low,Legitimate
T102564,2023-03-19 05:11:00,41.25,0.687963,68.8,0,Medium,Legitimate
T102565,2023-06-19 09:13:00,28.0,0.071892,7.19,0,Low,Legitimate
T102566,2023-07-30 14:04:00,21.16,0.072677,7.27,0,Low,Legitimate
T102567,2023-03-17 14:00:00,26.39,0.711396,71.14,1,High,Fraud
T102568,2023-05-24 13:05:00,130.16,0.071892,7.19,0,Low,Legitimate
T102569,2023-05-11 15:31:00,211.86,0.073692,7.37,0,Low,Legitimate
T102570,2024-01-16 15:25:00,41.55,0.071892,7.19,0,Low,Legitimate
T102571,2023-10-27 09:03:00,189.25,0.071892,7.19,0,Low,Legitimate
T102572,2023-03-10 08:41:00,31.03,0.076608,7.66,0,Low,Legitimate
T102573,2023-09-26 11:10:00,51.77,0.071892,7.19,0,Low,Legitimate
T102574,2023-03-18 22:34:00,20.5,0.072677,7.27,0,Low,Legitimate
T102575,2023-02-06 17:22:00,81.84,0.073653,7.37,0,Low,Legitimate
T102576,2023-12-13 02:56:00,308.99,0.709161,70.92,1,High,Fraud
T102577,2023-12-19 07:12:00,74.0,0.074782,7.48,0,Low,Legitimate
T102578,2023-01-19 11:11:00,35.43,0.071892,7.19,0,Low,Legitimate
T102579,2023-06-10 08:53:00,83.49,0.076608,7.66,0,Low,Legitimate
T102580,2023-10-02 08:26:00,10.49,0.077441,7.74,0,Low,Legitimate
T102581,2023-01-21 02:43:00,175.61,0.660696,66.07,0,Medium,Legitimate
T102582,2023-04-08 07:09:00,55.95,0.07738,7.74,0,Low,Legitimate
T102583,2023-09-17 21:02:00,47.73,0.071892,7.19,0,Low,Legitimate
T102584,2023-07-20 12:59:00,70.53,0.071892,7.19,0,Low,Legitimate
T102585,2024-01-24 12:03:00,78.42,0.071892,7.19,0,Low,Legitimate
T102586,2023-10-16 16:45:00,5.96,0.071892,7.19,0,Low,Legitimate
T102587,2023-07-25 02:16:00,91.81,0.692597,69.26,1,High,Fraud
T102588,2023-04-19 23:54:00,22.16,0.071892,7.19,0,Low,Legitimate
T102589,2024-01-08 09:04:00,100.13,0.073653,7.37,0,Low,Legitimate
T102590,2023-09-13 20:16:00,138.32,0.072896,7.29,0,Low,Legitimate
T102591,2023-08-04 08:19:00,130.35,0.076608,7.66,0,Low,Legitimate
T102592,2023-08-30 18:04:00,64.33,0.072677,7.27,0,Low,Legitimate
T102593,2023-01-29 18:51:00,58.75,0.071892,7.19,0,Low,Legitimate
T102594,2023-11-23 12:01:00,12.33,0.071892,7.19,0,Low,Legitimate
T102595,2023-05-13 10:57:00,119.46,0.826997,82.7,1,High,Fraud
T102596,2024-01-06 16:35:00,25.33,0.073653,7.37,0,Low,Legitimate
T102597,2023-06-10 19:57:00,54.92,0.073653,7.37,0,Low,Legitimate
T102598,2023-09-10 23:00:00,26.76,0.073653,7.37,0,Low,Legitimate
T102599,2023-02-19 14:04:00,11.49,0.071892,7.19,0,Low,Legitimate
T102600,2023-09-24 17:19:00,79.44,0.071892,7.19,0,Low,Legitimate
T102601,2023-01-23 07:40:00,4.47,0.074782,7.48,0,Low,Legitimate
T102602,2024-01-15 08:36:00,110.47,0.074782,7.48,0,Low,Legitimate
T102603,2023-05-27 07:32:00,30.57,0.074782,7.48,0,Low,Legitimate
T102604,2023-03-25 10:57:00,0.01,0.722133,72.21,1,High,Fraud
T102605,2023-12-30 19:21:00,57.25,0.071892,7.19,0,Low,Legitimate
T102606,2023-12-26 17:00:00,3.84,0.071892,7.19,0,Low,Legitimate
T102607,2024-01-22 02:05:00,25.86,0.787714,78.77,1,High,Fraud
T102608,2023-01-21 12:04:00,98.2,0.071892,7.19,0,Low,Legitimate
T102609,2024-01-18 00:06:00,5.18,0.684759,68.48,0,Medium,Legitimate
T102610,2023-03-25 16:15:00,146.28,0.071892,7.19,0,Low,Legitimate
T102611,2023-12-31 19:10:00,0.31,0.071892,7.19,0,Low,Legitimate
T102612,2023-03-30 05:50:00,22.68,0.695084,69.51,1,High,Fraud
T102613,2023-11-13 17:41:00,108.04,0.734957,73.5,1,High,Fraud
T102614,2023-09-07 15:45:00,30.42,0.073653,7.37,0,Low,Legitimate
T102615,2023-02-17 09:43:00,8.6,0.071892,7.19,0,Low,Legitimate
T102616,2023-04-01 13:59:00,35.73,0.074456,7.45,0,Low,Legitimate
T102617,2023-02-16 17:44:00,25.22,0.071892,7.19,0,Low,Legitimate
T102618,2023-10-16 22:12:00,147.97,0.071892,7.19,0,Low,Legitimate
T102619,2023-12-29 11:35:00,30.07,0.071892,7.19,0,Low,Legitimate
T102620,2024-01-28 09:02:00,124.45,0.071892,7.19,0,Low,Legitimate
T102621,2024-02-15 07:50:00,177.96,0.075597,7.56,0,Low,Legitimate
T102622,2023-06-08 08:20:00,45.51,0.076608,7.66,0,Low,Legitimate
T102623,2023-10-13 06:00:00,192.59,0.086957,8.7,0,Low,Legitimate
T102624,2023-12-17 13:58:00,37.9,0.072677,7.27,0,Low,Legitimate
T102625,2023-11-23 19:59:00,266.11,0.071892,7.19,0,Low,Legitimate
T102626,2024-01-05 12:37:00,7.48,0.073653,7.37,0,Low,Legitimate
T102627,2024-02-04 06:02:00,92.93,0.085972,8.6,0,Low,Legitimate
T102628,2023-02-10 22:15:00,54.47,0.749441,74.94,1,High,Fraud
T102629,2023-05-18 03:54:00,39.24,0.67563,67.56,0,Medium,Legitimate
T102630,2023-09-02 08:57:00,80.13,0.076608,7.66,0,Low,Legitimate
T102631,2023-10-18 00:58:00,97.35,0.689683,68.97,0,Medium,Legitimate
T102632,2023-01-18 23:06:00,0.35,0.071892,7.19,0,Low,Legitimate
T102633,2023-06-16 09:08:00,14.61,0.691678,69.17,1,High,Fraud
T102634,2023-03-16 08:54:00,99.87,0.707668,70.77,1,High,Fraud
T102635,2023-12-21 18:14:00,87.82,0.072677,7.27,0,Low,Legitimate
T102636,2023-02-07 13:42:00,270.62,0.073653,7.37,0,Low,Legitimate
T102637,2023-01-31 14:56:00,114.52,0.072677,7.27,0,Low,Legitimate
T102638,2023-11-06 02:33:00,240.9,0.70691,70.69,1,High,Fraud
T102639,2023-07-17 13:52:00,97.0,0.071892,7.19,0,Low,Legitimate
T102640,2023-07-14 10:20:00,28.31,0.071892,7.19,0,Low,Legitimate
T102641,2023-08-04 05:13:00,8.91,0.641794,64.18,0,Medium,Legitimate
T102642,2023-11-19 14:51:00,121.8,0.716226,71.62,1,High,Fraud
T102643,2023-10-08 07:44:00,82.66,0.076608,7.66,0,Low,Legitimate
T102644,2023-07-03 00:39:00,3.95,0.692461,69.25,1,High,Fraud
T102645,2023-09-17 02:50:00,35.71,0.690932,69.09,1,High,Fraud
T102646,2023-11-07 10:24:00,251.35,0.073653,7.37,0,Low,Legitimate
T102647,2023-08-01 00:34:00,55.52,0.722505,72.25,1,High,Fraud
T102648,2023-03-06 07:20:00,45.35,0.72889,72.89,1,High,Fraud
T102649,2023-06-26 03:21:00,48.95,0.690113,69.01,1,High,Fraud
T102650,2023-10-05 11:46:00,18.74,0.073653,7.37,0,Low,Legitimate
T102651,2023-12-20 23:30:00,36.8,0.071892,7.19,0,Low,Legitimate
T102652,2023-05-03 15:13:00,36.94,0.074456,7.45,0,Low,Legitimate
T102653,2023-04-23 18:19:00,4.3,0.071892,7.19,0,Low,Legitimate
T102654,2023-05-25 03:26:00,116.73,0.80123,80.12,1,High,Fraud
T102655,2024-01-13 00:49:00,43.1,0.694592,69.46,1,High,Fraud
T102656,2023-04-05 06:39:00,138.16,0.804355,80.44,1,High,Fraud
T102657,2023-06-15 03:10:00,151.96,0.807469,80.75,1,High,Fraud
T102658,2023-10-25 09:03:00,19.06,0.071892,7.19,0,Low,Legitimate
T102659,2023-08-25 05:00:00,85.68,0.67222,67.22,0,Medium,Legitimate
T102660,2023-06-30 06:55:00,51.14,0.693791,69.38,1,High,Fraud
T102661,2023-08-31 14:02:00,169.73,0.071892,7.19,0,Low,Legitimate
T102662,2023-06-18 01:15:00,19.44,0.689154,68.92,0,Medium,Legitimate
T102663,2023-12-23 11:33:00,90.61,0.071892,7.19,0,Low,Legitimate
T102664,2023-08-31 04:32:00,74.87,0.702599,70.26,1,High,Fraud
T102665,2023-08-05 22:47:00,28.0,0.073653,7.37,0,Low,Legitimate
T102666,2023-05-15 15:43:00,11.75,0.071892,7.19,0,Low,Legitimate
T102667,2023-06-08 22:55:00,84.36,0.073653,7.37,0,Low,Legitimate
T102668,2024-01-02 06:23:00,107.34,0.086897,8.69,0,Low,Legitimate
T102669,2023-09-14 21:22:00,30.34,0.071892,7.19,0,Low,Legitimate
T102670,2023-11-11 12:55:00,82.81,0.072896,7.29,0,Low,Legitimate
T102671,2023-12-29 15:46:00,40.22,0.071892,7.19,0,Low,Legitimate
T102672,2023-06-07 18:31:00,99.92,0.073653,7.37,0,Low,Legitimate
T102673,2023-07-29 05:27:00,17.77,0.680021,68.0,0,Medium,Legitimate
T102674,2023-01-12 13:44:00,176.74,0.072896,7.29,0,Low,Legitimate
T102675,2023-01-19 16:13:00,27.11,0.071892,7.19,0,Low,Legitimate
T102676,2023-04-13 21:52:00,36.68,0.072896,7.29,0,Low,Legitimate
T102677,2023-04-08 12:14:00,4.79,0.074456,7.45,0,Low,Legitimate
T102678,2023-09-19 06:51:00,9.46,0.085225,8.52,0,Low,Legitimate
T102679,2023-11-11 02:09:00,58.03,0.697647,69.76,1,High,Fraud
T102680,2023-02-10 21:41:00,24.91,0.723684,72.37,1,High,Fraud
T102681,2023-09-02 20:25:00,144.38,0.074456,7.45,0,Low,Legitimate
T102682,2023-01-02 22:53:00,1.18,0.596114,59.61,0,Medium,Legitimate
T102683,2023-11-10 22:54:00,38.13,0.073653,7.37,0,Low,Legitimate
T102684,2023-02-26 09:57:00,32.92,0.803065,80.31,1,High,Fraud
T102685,2023-05-02 06:18:00,1.56,0.086752,8.68,0,Low,Legitimate
T102686,2023-08-05 13:59:00,10.62,0.073653,7.37,0,Low,Legitimate
T102687,2023-06-03 13:35:00,42.71,0.074456,7.45,0,Low,Legitimate
T102688,2023-01-01 18:05:00,54.32,0.073653,7.37,0,Low,Legitimate
T102689,2023-08-31 01:45:00,41.44,0.697785,69.78,1,High,Fraud
T102690,2023-12-20 01:33:00,60.56,0.841079,84.11,1,High,Fraud
T102691,2023-08-20 06:59:00,72.34,0.085972,8.6,0,Low,Legitimate
T102692,2023-07-10 02:43:00,0.8,0.578128,57.81,0,Medium,Legitimate
T102693,2023-09-29 07:42:00,49.9,0.074782,7.48,0,Low,Legitimate
T102694,2023-10-26 16:42:00,264.83,0.071892,7.19,0,Low,Legitimate
T102695,2023-07-11 14:06:00,58.56,0.072896,7.29,0,Low,Legitimate
T102696,2023-07-13 23:20:00,90.54,0.734275,73.43,1,High,Fraud
T102697,2023-10-13 09:56:00,29.9,0.072896,7.29,0,Low,Legitimate
T102698,2023-07-31 14:26:00,118.97,0.071892,7.19,0,Low,Legitimate
T102699,2023-05-10 15:40:00,118.6,0.073653,7.37,0,Low,Legitimate
T102700,2024-01-31 12:19:00,58.93,0.072677,7.27,0,Low,Legitimate
T102701,2024-01-23 11:09:00,298.42,0.071892,7.19,0,Low,Legitimate
T102702,2023-11-07 13:17:00,10.73,0.073653,7.37,0,Low,Legitimate
T102703,2023-11-25 06:50:00,1.37,0.085225,8.52,0,Low,Legitimate
T102704,2023-04-18 06:17:00,117.63,0.086648,8.66,0,Low,Legitimate
T102705,2023-08-07 13:30:00,131.67,0.073653,7.37,0,Low,Legitimate
T102706,2023-05-23 01:00:00,10.25,0.677861,67.79,0,Medium,Legitimate
T102707,2023-12-15 13:57:00,24.69,0.071892,7.19,0,Low,Legitimate
T102708,2023-12-31 17:22:00,1.42,0.071892,7.19,0,Low,Legitimate
T102709,2023-06-01 12:53:00,27.77,0.073653,7.37,0,Low,Legitimate
T102710,2023-07-07 09:47:00,118.67,0.073653,7.37,0,Low,Legitimate
T102711,2023-03-17 15:13:00,58.38,0.706008,70.6,1,High,Fraud
T102712,2023-01-03 01:03:00,34.23,0.701564,70.16,1,High,Fraud
T102713,2023-12-27 13:19:00,37.18,0.071892,7.19,0,Low,Legitimate
T102714,2023-06-14 14:27:00,0.11,0.071892,7.19,0,Low,Legitimate
T102715,2023-11-29 15:06:00,28.51,0.072677,7.27,0,Low,Legitimate
T102716,2023-05-09 15:21:00,83.18,0.073653,7.37,0,Low,Legitimate
T102717,2023-09-05 10:05:00,292.57,0.073653,7.37,0,Low,Legitimate
T102718,2023-10-01 08:59:00,150.22,0.729214,72.92,1,High,Fraud
T102719,2023-12-31 18:15:00,1.91,0.071892,7.19,0,Low,Legitimate
T102720,2023-10-04 20:17:00,183.06,0.073653,7.37,0,Low,Legitimate
T102721,2023-10-21 11:30:00,122.3,0.071892,7.19,0,Low,Legitimate
T102722,2023-11-10 18:42:00,121.27,0.073653,7.37,0,Low,Legitimate
T102723,2023-09-05 21:06:00,49.0,0.073653,7.37,0,Low,Legitimate
T102724,2023-05-14 12:24:00,40.6,0.071892,7.19,0,Low,Legitimate
T102725,2023-11-14 22:31:00,28.87,0.071892,7.19,0,Low,Legitimate
T102726,2023-01-12 12:07:00,5.44,0.072896,7.29,0,Low,Legitimate
T102727,2023-01-18 19:28:00,20.73,0.071892,7.19,0,Low,Legitimate
T102728,2023-05-11 12:04:00,22.65,0.073692,7.37,0,Low,Legitimate
T102729,2024-01-06 05:34:00,52.94,0.711711,71.17,1,High,Fraud
T102730,2023-11-10 06:19:00,110.09,0.085426,8.54,0,Low,Legitimate
T102731,2023-04-13 19:20:00,51.37,0.072896,7.29,0,Low,Legitimate
T102732,2023-06-11 16:21:00,4.77,0.072896,7.29,0,Low,Legitimate
T102733,2023-07-03 18:30:00,253.21,0.073653,7.37,0,Low,Legitimate
T102734,2023-11-26 13:27:00,228.79,0.071892,7.19,0,Low,Legitimate
T102735,2023-03-01 16:35:00,123.04,0.074456,7.45,0,Low,Legitimate
T102736,2023-08-19 06:29:00,379.81,0.086897,8.69,0,Low,Legitimate
T102737,2023-08-10 19:13:00,62.91,0.074456,7.45,0,Low,Legitimate
T102738,2023-10-08 06:08:00,263.25,0.085972,8.6,0,Low,Legitimate
T102739,2023-04-11 01:29:00,6.29,0.679562,67.96,0,Medium,Legitimate
T102740,2023-03-12 02:00:00,36.42,0.703043,70.3,1,High,Fraud
T102741,2023-10-10 04:15:00,20.43,0.690618,69.06,1,High,Fraud
T102742,2023-04-17 01:34:00,17.44,0.677393,67.74,0,Medium,Legitimate
T102743,2023-10-20 21:25:00,12.14,0.839877,83.99,1,High,Fraud
T102744,2023-09-11 01:59:00,77.92,0.700388,70.04,1,High,Fraud
T102745,2023-04-19 04:13:00,121.61,0.814907,81.49,1,High,Fraud
T102746,2023-09-26 21:42:00,69.08,0.071892,7.19,0,Low,Legitimate
T102747,2023-12-31 07:45:00,12.72,0.075537,7.55,0,Low,Legitimate
T102748,2023-08-31 20:54:00,133.33,0.071892,7.19,0,Low,Legitimate
T102749,2023-04-02 16:10:00,80.84,0.073653,7.37,0,Low,Legitimate
T102750,2023-07-30 23:24:00,39.3,0.071892,7.19,0,Low,Legitimate
T102751,2024-01-08 23:31:00,89.7,0.073653,7.37,0,Low,Legitimate
T102752,2023-05-31 14:08:00,24.08,0.071892,7.19,0,Low,Legitimate
T102753,2023-02-13 17:01:00,33.87,0.072896,7.29,0,Low,Legitimate
T102754,2023-06-30 21:17:00,199.58,0.071892,7.19,0,Low,Legitimate
T102755,2023-11-01 09:10:00,27.46,0.073653,7.37,0,Low,Legitimate
T102756,2023-07-27 12:09:00,50.79,0.072677,7.27,0,Low,Legitimate
T102757,2023-11-05 14:48:00,176.68,0.073653,7.37,0,Low,Legitimate
T102758,2023-05-27 09:19:00,98.4,0.701689,70.17,1,High,Fraud
T102759,2023-02-20 19:03:00,5.14,0.071892,7.19,0,Low,Legitimate
T102760,2024-01-02 22:12:00,12.75,0.073653,7.37,0,Low,Legitimate
T102761,2024-02-10 14:16:00,0.63,0.073653,7.37,0,Low,Legitimate
T102762,2024-02-06 22:06:00,79.74,0.073653,7.37,0,Low,Legitimate
T102763,2023-03-16 18:21:00,47.49,0.071892,7.19,0,Low,Legitimate
T102764,2023-09-14 00:52:00,11.54,0.696236,69.62,1,High,Fraud
T102765,2023-01-14 14:48:00,253.48,0.071892,7.19,0,Low,Legitimate
T102766,2023-05-29 01:58:00,60.34,0.698548,69.85,1,High,Fraud
T102767,2023-11-27 00:34:00,22.15,0.687083,68.71,0,Medium,Legitimate
T102768,2023-10-05 12:14:00,55.55,0.073653,7.37,0,Low,Legitimate
T102769,2023-06-02 19:08:00,91.06,0.073653,7.37,0,Low,Legitimate
T102770,2023-12-14 18:07:00,6.34,0.071892,7.19,0,Low,Legitimate
T102771,2023-01-13 12:19:00,25.69,0.072896,7.29,0,Low,Legitimate
T102772,2023-07-13 05:01:00,131.59,0.706758,70.68,1,High,Fraud
T102773,2023-11-27 17:38:00,49.25,0.072677,7.27,0,Low,Legitimate
T102774,2023-04-18 20:46:00,63.27,0.071892,7.19,0,Low,Legitimate
T102775,2023-10-16 12:03:00,45.37,0.071892,7.19,0,Low,Legitimate
T102776,2024-01-11 15:31:00,3.59,0.072896,7.29,0,Low,Legitimate
T102777,2023-10-02 03:36:00,14.5,0.694773,69.48,1,High,Fraud
T102778,2023-05-31 10:00:00,47.18,0.071892,7.19,0,Low,Legitimate
T102779,2023-06-22 07:06:00,18.78,0.074782,7.48,0,Low,Legitimate
T102780,2023-11-21 11:15:00,4.1,0.072677,7.27,0,Low,Legitimate
T102781,2023-10-25 04:08:00,148.45,0.711284,71.13,1,High,Fraud
T102782,2023-09-11 02:42:00,317.88,0.71416,71.42,1,High,Fraud
T102783,2023-03-03 00:05:00,126.06,0.710298,71.03,1,High,Fraud
T102784,2023-11-14 16:41:00,153.81,0.712504,71.25,1,High,Fraud
T102785,2023-09-14 20:25:00,22.16,0.071892,7.19,0,Low,Legitimate
T102786,2023-12-29 04:21:00,258.77,0.690286,69.03,1,High,Fraud
T102787,2023-12-11 11:28:00,17.54,0.072896,7.29,0,Low,Legitimate
T102788,2024-01-23 12:09:00,241.98,0.071892,7.19,0,Low,Legitimate
T102789,2023-10-11 17:49:00,421.03,0.734742,73.47,1,High,Fraud
T102790,2023-01-03 02:52:00,99.51,0.709674,70.97,1,High,Fraud
T102791,2023-03-02 11:59:00,317.67,0.073653,7.37,0,Low,Legitimate
T102792,2023-09-30 03:57:00,67.43,0.705955,70.6,1,High,Fraud
T102793,2023-06-02 14:31:00,24.04,0.074456,7.45,0,Low,Legitimate
T102794,2023-06-02 22:53:00,45.96,0.074456,7.45,0,Low,Legitimate
T102795,2023-11-21 11:49:00,72.03,0.071892,7.19,0,Low,Legitimate
T102796,2023-09-29 14:02:00,6.07,0.792919,79.29,1,High,Fraud
T102797,2023-10-31 10:54:00,77.9,0.071892,7.19,0,Low,Legitimate
T102798,2023-09-07 17:22:00,317.82,0.073653,7.37,0,Low,Legitimate
T102799,2023-03-14 13:59:00,16.87,0.071892,7.19,0,Low,Legitimate
T102800,2023-11-06 13:03:00,125.85,0.073653,7.37,0,Low,Legitimate
T102801,2023-10-23 14:15:00,190.79,0.071892,7.19,0,Low,Legitimate
T102802,2023-09-03 22:16:00,230.17,0.073653,7.37,0,Low,Legitimate
T102803,2023-03-18 00:05:00,257.78,0.836128,83.61,1,High,Fraud
T102804,2023-10-24 22:12:00,58.96,0.071892,7.19,0,Low,Legitimate
T102805,2023-06-23 10:04:00,302.86,0.071892,7.19,0,Low,Legitimate
T102806,2023-05-28 06:36:00,113.28,0.720017,72.0,1,High,Fraud
T102807,2023-06-27 00:23:00,14.11,0.692912,69.29,1,High,Fraud
T102808,2023-10-05 14:19:00,51.84,0.073653,7.37,0,Low,Legitimate
T102809,2023-11-15 19:20:00,101.36,0.072677,7.27,0,Low,Legitimate
T102810,2023-10-24 21:28:00,22.73,0.071892,7.19,0,Low,Legitimate
T102811,2023-05-11 19:19:00,81.87,0.072896,7.29,0,Low,Legitimate
T102812,2023-08-13 09:42:00,87.87,0.720989,72.1,1,High,Fraud
T102813,2023-03-14 00:59:00,14.21,0.709358,70.94,1,High,Fraud
T102814,2023-01-19 03:56:00,66.61,0.701818,70.18,1,High,Fraud
T102815,2023-03-19 05:58:00,118.14,0.702456,70.25,1,High,Fraud
T102816,2023-03-18 09:19:00,55.28,0.072677,7.27,0,Low,Legitimate
T102817,2023-11-14 22:15:00,0.97,0.071892,7.19,0,Low,Legitimate
T102818,2023-03-06 01:01:00,0.73,0.608352,60.84,0,Medium,Legitimate
T102819,2023-10-20 04:24:00,35.33,0.676257,67.63,0,Medium,Legitimate
T102820,2023-10-12 16:02:00,208.51,0.717936,71.79,1,High,Fraud
T102821,2023-07-19 19:41:00,20.77,0.716206,71.62,1,High,Fraud
T102822,2023-10-15 13:59:00,80.49,0.727251,72.73,1,High,Fraud
T102823,2023-08-24 02:50:00,20.09,0.705683,70.57,1,High,Fraud
T102824,2023-12-07 07:21:00,31.05,0.07738,7.74,0,Low,Legitimate
T102825,2023-04-08 17:58:00,150.73,0.073653,7.37,0,Low,Legitimate
T102826,2023-05-15 21:35:00,104.41,0.071892,7.19,0,Low,Legitimate
T102827,2023-01-10 11:21:00,8.02,0.073653,7.37,0,Low,Legitimate
T102828,2023-07-25 02:49:00,44.79,0.669179,66.92,0,Medium,Legitimate
T102829,2023-06-13 11:17:00,2.37,0.072896,7.29,0,Low,Legitimate
T102830,2023-04-05 04:06:00,52.45,0.709688,70.97,1,High,Fraud
T102831,2023-07-15 16:44:00,86.88,0.78518,78.52,1,High,Fraud
T102832,2024-01-19 04:48:00,10.09,0.664825,66.48,0,Medium,Legitimate
T102833,2024-02-01 10:32:00,27.27,0.073653,7.37,0,Low,Legitimate
T102834,2023-01-30 12:11:00,40.58,0.071892,7.19,0,Low,Legitimate
T102835,2023-10-17 00:35:00,201.59,0.709513,70.95,1,High,Fraud
T102836,2024-01-07 01:31:00,399.92,0.804327,80.43,1,High,Fraud
T102837,2023-05-30 23:41:00,3.68,0.071892,7.19,0,Low,Legitimate
T102838,2023-01-12 05:43:00,114.51,0.713071,71.31,1,High,Fraud
T102839,2023-10-15 09:01:00,37.18,0.071892,7.19,0,Low,Legitimate
T102840,2023-06-22 04:10:00,39.87,0.700388,70.04,1,High,Fraud
T102841,2023-11-30 09:53:00,112.28,0.071892,7.19,0,Low,Legitimate
T102842,2023-10-25 19:56:00,200.5,0.071892,7.19,0,Low,Legitimate
T102843,2024-01-10 21:53:00,241.16,0.073653,7.37,0,Low,Legitimate
T102844,2023-01-21 09:27:00,68.85,0.071892,7.19,0,Low,Legitimate
T102845,2023-02-12 12:57:00,35.34,0.073692,7.37,0,Low,Legitimate
T102846,2023-11-02 16:06:00,123.92,0.073653,7.37,0,Low,Legitimate
T102847,2023-06-07 17:31:00,23.12,0.074456,7.45,0,Low,Legitimate
T102848,2023-12-11 18:07:00,66.42,0.072896,7.29,0,Low,Legitimate
T102849,2024-02-21 13:38:00,35.53,0.071892,7.19,0,Low,Legitimate
T102850,2023-03-25 12:44:00,85.52,0.071892,7.19,0,Low,Legitimate
T102851,2023-08-26 22:23:00,22.0,0.071892,7.19,0,Low,Legitimate
T102852,2023-10-27 13:59:00,17.02,0.071892,7.19,0,Low,Legitimate
T102853,2023-02-13 12:26:00,200.32,0.072896,7.29,0,Low,Legitimate
T102854,2023-11-13 03:14:00,8.59,0.682386,68.24,0,Medium,Legitimate
T102855,2023-01-01 19:42:00,56.41,0.073653,7.37,0,Low,Legitimate
T102856,2023-10-02 17:19:00,19.96,0.073653,7.37,0,Low,Legitimate
T102857,2024-02-01 20:04:00,3.18,0.074456,7.45,0,Low,Legitimate
T102858,2023-05-28 14:16:00,2.93,0.071892,7.19,0,Low,Legitimate
T102859,2023-10-31 05:26:00,15.41,0.700052,70.01,1,High,Fraud
T102860,2023-12-27 04:39:00,161.25,0.706974,70.7,1,High,Fraud
T102861,2023-11-10 00:32:00,26.56,0.67685,67.69,0,Medium,Legitimate
T102862,2023-03-26 01:05:00,240.4,0.707599,70.76,1,High,Fraud
T102863,2023-08-25 21:59:00,69.71,0.771056,77.11,1,High,Fraud
T102864,2023-12-30 22:01:00,45.9,0.071892,7.19,0,Low,Legitimate
T102865,2023-09-16 19:06:00,69.42,0.071892,7.19,0,Low,Legitimate
T102866,2023-08-16 06:20:00,58.17,0.085972,8.6,0,Low,Legitimate
T102867,2023-02-06 07:05:00,113.76,0.07822,7.82,0,Low,Legitimate
T102868,2023-08-04 16:44:00,26.56,0.725342,72.53,1,High,Fraud
T102869,2023-05-27 08:55:00,34.84,0.074782,7.48,0,Low,Legitimate
T102870,2023-08-24 05:33:00,179.62,0.695151,69.52,1,High,Fraud
T102871,2023-06-08 20:35:00,234.18,0.073653,7.37,0,Low,Legitimate
T102872,2023-02-25 09:03:00,178.46,0.071892,7.19,0,Low,Legitimate
T102873,2023-04-05 00:52:00,43.5,0.709201,70.92,1,High,Fraud
T102874,2023-10-20 06:32:00,121.26,0.085426,8.54,0,Low,Legitimate
T102875,2023-09-30 09:05:00,51.75,0.071892,7.19,0,Low,Legitimate
T102876,2023-06-08 18:20:00,55.06,0.073653,7.37,0,Low,Legitimate
T102877,2023-09-11 08:58:00,18.32,0.075824,7.58,0,Low,Legitimate
T102878,2023-12-01 14:51:00,71.55,0.073653,7.37,0,Low,Legitimate
T102879,2023-05-20 12:11:00,16.48,0.803341,80.33,1,High,Fraud
T102880,2023-09-21 01:51:00,32.23,0.692866,69.29,1,High,Fraud
T102881,2023-01-04 06:30:00,154.5,0.085972,8.6,0,Low,Legitimate
T102882,2023-09-27 11:17:00,18.56,0.071892,7.19,0,Low,Legitimate
T102883,2023-10-12 01:52:00,5.91,0.697008,69.7,1,High,Fraud
T102884,2023-06-14 22:41:00,5.72,0.071892,7.19,0,Low,Legitimate
T102885,2023-02-25 15:44:00,226.13,0.072677,7.27,0,Low,Legitimate
T102886,2023-09-11 23:13:00,56.57,0.787442,78.74,1,High,Fraud
T102887,2023-08-30 13:07:00,42.13,0.071892,7.19,0,Low,Legitimate
T102888,2023-12-31 17:27:00,133.23,0.071892,7.19,0,Low,Legitimate
T102889,2023-11-12 06:17:00,144.55,0.811064,81.11,1,High,Fraud
T102890,2024-02-12 03:55:00,32.3,0.686574,68.66,0,Medium,Legitimate
T102891,2023-01-31 07:47:00,94.63,0.074782,7.48,0,Low,Legitimate
T102892,2023-04-04 23:43:00,117.97,0.721209,72.12,1,High,Fraud
T102893,2024-01-15 00:49:00,85.06,0.82332,82.33,1,High,Fraud
T102894,2024-02-15 07:39:00,13.15,0.075597,7.56,0,Low,Legitimate
T102895,2023-03-11 00:33:00,166.92,0.684235,68.42,0,Medium,Legitimate
T102896,2023-08-26 05:56:00,61.96,0.797231,79.72,1,High,Fraud
T102897,2023-05-02 08:00:00,26.56,0.076608,7.66,0,Low,Legitimate
T102898,2024-02-10 04:53:00,44.3,0.834491,83.45,1,High,Fraud
T102899,2023-06-20 22:15:00,3.06,0.071892,7.19,0,Low,Legitimate
T102900,2023-10-27 15:42:00,10.95,0.071892,7.19,0,Low,Legitimate
T102901,2024-02-04 01:27:00,116.04,0.711111,71.11,1,High,Fraud
T102902,2023-06-26 05:24:00,0.0,0.817692,81.77,1,High,Fraud
T102903,2023-11-20 02:32:00,43.11,0.689057,68.91,0,Medium,Legitimate
T102904,2023-11-09 08:34:00,59.14,0.076608,7.66,0,Low,Legitimate
T102905,2024-01-11 03:21:00,4.49,0.706433,70.64,1,High,Fraud
T102906,2023-11-24 03:03:00,289.19,0.693891,69.39,1,High,Fraud
T102907,2023-02-12 17:02:00,20.51,0.072896,7.29,0,Low,Legitimate
T102908,2023-10-24 07:00:00,29.02,0.075597,7.56,0,Low,Legitimate
T102909,2023-12-06 02:16:00,28.99,0.698602,69.86,1,High,Fraud
T102910,2023-01-19 19:54:00,20.95,0.071892,7.19,0,Low,Legitimate
T102911,2023-07-28 09:05:00,0.12,0.578982,57.9,0,Medium,Legitimate
T102912,2024-01-17 00:33:00,104.55,0.698336,69.83,1,High,Fraud
T102913,2023-04-02 10:36:00,272.53,0.073653,7.37,0,Low,Legitimate
T102914,2024-01-10 19:46:00,20.32,0.073653,7.37,0,Low,Legitimate
T102915,2024-02-09 22:57:00,87.02,0.073653,7.37,0,Low,Legitimate
T102916,2023-10-21 05:10:00,108.35,0.695825,69.58,1,High,Fraud
T102917,2023-01-27 17:36:00,150.93,0.072677,7.27,0,Low,Legitimate
T102918,2023-12-20 12:32:00,43.94,0.071892,7.19,0,Low,Legitimate
T102919,2023-08-08 08:54:00,28.87,0.076608,7.66,0,Low,Legitimate
T102920,2023-05-10 01:20:00,31.48,0.810305,81.03,1,High,Fraud
T102921,2023-03-12 03:00:00,99.76,0.815476,81.55,1,High,Fraud
T102922,2023-10-15 17:08:00,135.77,0.728901,72.89,1,High,Fraud
T102923,2023-12-03 15:46:00,16.03,0.71588,71.59,1,High,Fraud
T102924,2023-09-26 07:23:00,37.08,0.074782,7.48,0,Low,Legitimate
T102925,2023-10-26 17:32:00,185.77,0.071892,7.19,0,Low,Legitimate
T102926,2023-06-20 11:05:00,131.48,0.071892,7.19,0,Low,Legitimate
T102927,2023-04-10 18:34:00,335.22,0.073653,7.37,0,Low,Legitimate
T102928,2023-06-18 04:02:00,112.27,0.705407,70.54,1,High,Fraud
T102929,2023-09-10 23:39:00,39.96,0.073653,7.37,0,Low,Legitimate
T102930,2023-08-16 12:29:00,71.45,0.713298,71.33,1,High,Fraud
T102931,2024-01-01 02:24:00,86.54,0.725909,72.59,1,High,Fraud
T102932,2023-09-21 17:18:00,6.54,0.071892,7.19,0,Low,Legitimate
T102933,2023-02-08 12:46:00,62.91,0.073653,7.37,0,Low,Legitimate
T102934,2023-01-17 16:29:00,98.84,0.071892,7.19,0,Low,Legitimate
T102935,2023-04-16 14:23:00,14.65,0.071892,7.19,0,Low,Legitimate
T102936,2024-01-03 20:17:00,121.36,0.073653,7.37,0,Low,Legitimate
T102937,2023-01-15 00:46:00,70.12,0.713811,71.38,1,High,Fraud
T102938,2023-06-11 08:12:00,243.29,0.075824,7.58,0,Low,Legitimate
T102939,2023-06-15 13:42:00,3.47,0.071892,7.19,0,Low,Legitimate
T102940,2023-01-25 20:17:00,24.67,0.071892,7.19,0,Low,Legitimate
T102941,2023-07-28 07:31:00,73.61,0.074782,7.48,0,Low,Legitimate
T102942,2023-11-17 13:14:00,28.14,0.071892,7.19,0,Low,Legitimate
T102943,2023-09-14 01:08:00,100.26,0.705331,70.53,1,High,Fraud
T102944,2023-03-05 20:34:00,113.84,0.073653,7.37,0,Low,Legitimate
T102945,2023-03-08 13:29:00,8.65,0.073653,7.37,0,Low,Legitimate
T102946,2023-02-09 13:11:00,57.7,0.074456,7.45,0,Low,Legitimate
T102947,2024-01-25 00:18:00,56.89,0.678408,67.84,0,Medium,Legitimate
T102948,2023-09-13 23:57:00,36.87,0.072896,7.29,0,Low,Legitimate
T102949,2023-03-30 15:35:00,216.16,0.071892,7.19,0,Low,Legitimate
T102950,2023-08-22 02:04:00,140.59,0.676685,67.67,0,Medium,Legitimate
T102951,2023-05-15 18:50:00,95.58,0.071892,7.19,0,Low,Legitimate
T102952,2023-12-06 13:02:00,100.23,0.073653,7.37,0,Low,Legitimate
T102953,2023-06-05 11:38:00,49.55,0.074456,7.45,0,Low,Legitimate
T102954,2023-11-21 20:57:00,203.06,0.071892,7.19,0,Low,Legitimate
T102955,2023-03-17 07:22:00,94.89,0.074782,7.48,0,Low,Legitimate
T102956,2023-06-08 08:53:00,104.45,0.077441,7.74,0,Low,Legitimate
T102957,2023-07-12 21:33:00,158.26,0.072896,7.29,0,Low,Legitimate
T102958,2023-08-10 13:37:00,25.62,0.733525,73.35,1,High,Fraud
T102959,2024-01-06 23:53:00,131.63,0.073653,7.37,0,Low,Legitimate
T102960,2023-03-01 18:10:00,17.38,0.073653,7.37,0,Low,Legitimate
T102961,2023-08-27 15:15:00,33.89,0.072677,7.27,0,Low,Legitimate
T102962,2023-07-30 15:10:00,32.71,0.071892,7.19,0,Low,Legitimate
T102963,2023-09-09 02:38:00,307.27,0.706355,70.64,1,High,Fraud
T102964,2023-09-15 04:28:00,155.33,0.643844,64.38,0,Medium,Legitimate
T102965,2023-09-11 16:13:00,96.63,0.072896,7.29,0,Low,Legitimate
T102966,2023-05-20 03:36:00,103.88,0.693954,69.4,1,High,Fraud
T102967,2023-02-22 15:07:00,66.06,0.071892,7.19,0,Low,Legitimate
T102968,2023-10-26 21:37:00,235.13,0.071892,7.19,0,Low,Legitimate
T102969,2023-03-17 18:34:00,54.86,0.072677,7.27,0,Low,Legitimate
T102970,2023-02-25 00:21:00,38.31,0.702561,70.26,1,High,Fraud
T102971,2023-01-01 09:06:00,14.24,0.073653,7.37,0,Low,Legitimate
T102972,2024-01-06 12:15:00,123.42,0.073653,7.37,0,Low,Legitimate
T102973,2023-03-04 18:10:00,106.07,0.073653,7.37,0,Low,Legitimate
T102974,2023-07-26 04:32:00,38.81,0.686065,68.61,0,Medium,Legitimate
T102975,2023-09-05 20:57:00,2.04,0.073653,7.37,0,Low,Legitimate
T102976,2023-02-16 18:35:00,146.11,0.071892,7.19,0,Low,Legitimate
T102977,2023-06-26 11:08:00,0.92,0.072677,7.27,0,Low,Legitimate
T102978,2023-12-12 16:03:00,97.31,0.072896,7.29,0,Low,Legitimate
T102979,2023-10-19 05:07:00,281.21,0.720425,72.04,1,High,Fraud
T102980,2023-08-24 16:03:00,46.05,0.071892,7.19,0,Low,Legitimate
T102981,2024-01-02 05:33:00,21.43,0.703331,70.33,1,High,Fraud
T102982,2023-07-19 14:54:00,97.63,0.826017,82.6,1,High,Fraud
T102983,2023-07-11 10:24:00,135.92,0.072896,7.29,0,Low,Legitimate
T102984,2023-05-07 05:44:00,63.25,0.701584,70.16,1,High,Fraud
T102985,2023-10-14 21:08:00,272.99,0.71594,71.59,1,High,Fraud
T102986,2024-01-03 06:59:00,4.24,0.085225,8.52,0,Low,Legitimate
T102987,2024-02-10 10:03:00,56.22,0.722471,72.25,1,High,Fraud
T102988,2023-09-02 08:23:00,101.4,0.077441,7.74,0,Low,Legitimate
T102989,2023-12-25 16:30:00,158.81,0.071892,7.19,0,Low,Legitimate
T102990,2023-02-26 05:12:00,15.8,0.674734,67.47,0,Medium,Legitimate
T102991,2023-02-25 22:11:00,128.76,0.071892,7.19,0,Low,Legitimate
T102992,2023-04-22 08:43:00,64.36,0.703224,70.32,1,High,Fraud
T102993,2023-03-24 21:28:00,40.41,0.071892,7.19,0,Low,Legitimate
T102994,2023-11-11 02:57:00,11.3,0.683539,68.35,0,Medium,Legitimate
T102995,2023-08-28 18:40:00,160.37,0.071892,7.19,0,Low,Legitimate
T102996,2023-07-04 15:06:00,13.69,0.073653,7.37,0,Low,Legitimate
T102997,2024-01-06 13:26:00,29.66,0.073653,7.37,0,Low,Legitimate
T102998,2023-11-14 23:54:00,27.4,0.071892,7.19,0,Low,Legitimate
T102999,2024-01-27 06:17:00,164.09,0.718516,71.85,1,High,Fraud
T103000,2023-01-30 10:54:00,89.35,0.072677,7.27,0,Low,Legitimate
T103001,2023-11-06 17:33:00,127.44,0.073653,7.37,0,Low,Legitimate
T103002,2023-02-02 05:16:00,23.06,0.702699,70.27,1,High,Fraud
T103003,2023-12-14 08:26:00,78.44,0.075537,7.55,0,Low,Legitimate
T103004,2023-05-04 15:31:00,67.84,0.073653,7.37,0,Low,Legitimate
T103005,2023-10-12 21:56:00,143.1,0.775406,77.54,1,High,Fraud
T103006,2023-09-29 21:05:00,189.23,0.071892,7.19,0,Low,Legitimate
T103007,2023-01-22 08:20:00,0.98,0.074782,7.48,0,Low,Legitimate
T103008,2024-01-01 20:34:00,89.67,0.073653,7.37,0,Low,Legitimate
T103009,2023-12-10 19:43:00,4.26,0.073653,7.37,0,Low,Legitimate
T103010,2023-11-16 23:26:00,63.68,0.071892,7.19,0,Low,Legitimate
T103011,2023-12-04 10:19:00,27.13,0.074456,7.45,0,Low,Legitimate
T103012,2023-02-07 01:24:00,29.31,0.695399,69.54,1,High,Fraud
T103013,2024-01-15 17:17:00,34.83,0.071892,7.19,0,Low,Legitimate
T103014,2023-05-13 20:58:00,77.68,0.072896,7.29,0,Low,Legitimate
T103015,2023-10-02 21:02:00,32.52,0.073653,7.37,0,Low,Legitimate
T103016,2023-12-11 08:38:00,105.55,0.716171,71.62,1,High,Fraud
T103017,2023-07-17 13:03:00,41.47,0.071892,7.19,0,Low,Legitimate
T103018,2024-01-18 08:38:00,5.66,0.074782,7.48,0,Low,Legitimate
T103019,2023-07-05 11:05:00,122.51,0.073653,7.37,0,Low,Legitimate
T103020,2023-04-03 18:43:00,26.92,0.073653,7.37,0,Low,Legitimate
T103021,2023-02-18 11:15:00,45.36,0.072677,7.27,0,Low,Legitimate
T103022,2024-02-14 14:08:00,92.53,0.725462,72.55,1,High,Fraud
T103023,2023-01-23 07:27:00,32.33,0.074782,7.48,0,Low,Legitimate
T103024,2023-12-17 06:14:00,4.66,0.717699,71.77,1,High,Fraud
T103025,2023-09-28 19:33:00,37.46,0.071892,7.19,0,Low,Legitimate
T103026,2023-07-13 05:25:00,231.24,0.733221,73.32,1,High,Fraud
T103027,2023-04-23 13:23:00,82.12,0.8195,81.95,1,High,Fraud
T103028,2023-06-20 20:53:00,89.05,0.071892,7.19,0,Low,Legitimate
T103029,2023-09-14 15:00:00,80.04,0.071892,7.19,0,Low,Legitimate
T103030,2023-11-23 09:55:00,17.75,0.071892,7.19,0,Low,Legitimate
T103031,2023-07-28 12:47:00,43.35,0.071892,7.19,0,Low,Legitimate
T103032,2023-11-15 03:28:00,111.2,0.695422,69.54,1,High,Fraud
T103033,2023-06-25 12:36:00,8.55,0.071892,7.19,0,Low,Legitimate
T103034,2024-02-12 15:28:00,26.04,0.072896,7.29,0,Low,Legitimate
T103035,2023-01-03 12:59:00,25.87,0.073653,7.37,0,Low,Legitimate
T103036,2023-03-02 15:40:00,45.25,0.073653,7.37,0,Low,Legitimate
T103037,2023-05-07 20:37:00,314.45,0.723373,72.34,1,High,Fraud
T103038,2023-10-28 14:19:00,5.59,0.072677,7.27,0,Low,Legitimate
T103039,2023-11-02 16:49:00,58.5,0.727846,72.78,1,High,Fraud
T103040,2023-06-14 13:36:00,15.81,0.071892,7.19,0,Low,Legitimate
T103041,2023-01-25 09:35:00,282.35,0.071892,7.19,0,Low,Legitimate
T103042,2023-08-03 10:30:00,9.62,0.073653,7.37,0,Low,Legitimate
T103043,2023-06-02 06:55:00,41.35,0.085595,8.56,0,Low,Legitimate
T103044,2023-08-03 08:58:00,107.12,0.076608,7.66,0,Low,Legitimate
T103045,2023-11-05 01:05:00,97.54,0.691292,69.13,1,High,Fraud
T103046,2023-06-22 10:47:00,43.96,0.071892,7.19,0,Low,Legitimate
T103047,2023-03-24 07:55:00,34.04,0.074782,7.48,0,Low,Legitimate
T103048,2023-12-09 07:15:00,40.55,0.076608,7.66,0,Low,Legitimate
T103049,2023-05-17 17:28:00,24.55,0.071892,7.19,0,Low,Legitimate
T103050,2023-01-13 08:04:00,18.39,0.075824,7.58,0,Low,Legitimate
T103051,2023-10-08 01:11:00,52.78,0.702108,70.21,1,High,Fraud
T103052,2023-12-18 09:36:00,25.02,0.071892,7.19,0,Low,Legitimate
T103053,2023-09-02 02:38:00,27.11,0.706902,70.69,1,High,Fraud
T103054,2023-04-01 00:32:00,85.55,0.71206,71.21,1,High,Fraud
T103055,2023-06-27 06:53:00,276.72,0.085972,8.6,0,Low,Legitimate
T103056,2023-06-30 21:16:00,74.03,0.071892,7.19,0,Low,Legitimate
T103057,2023-11-16 15:34:00,6.41,0.071892,7.19,0,Low,Legitimate
T103058,2023-03-02 05:37:00,6.29,0.70755,70.76,1,High,Fraud
T103059,2023-12-01 02:53:00,241.97,0.678148,67.81,0,Medium,Legitimate
T103060,2023-09-20 02:14:00,28.22,0.801479,80.15,1,High,Fraud
T103061,2023-03-25 13:52:00,7.73,0.071892,7.19,0,Low,Legitimate
T103062,2023-02-01 09:24:00,73.11,0.073653,7.37,0,Low,Legitimate
T103063,2023-01-19 15:30:00,78.18,0.071892,7.19,0,Low,Legitimate
T103064,2023-06-16 08:26:00,83.64,0.074782,7.48,0,Low,Legitimate
T103065,2024-02-14 12:31:00,24.89,0.071892,7.19,0,Low,Legitimate
T103066,2023-01-10 09:53:00,1.22,0.073653,7.37,0,Low,Legitimate
T103067,2023-10-02 22:20:00,268.23,0.073653,7.37,0,Low,Legitimate
T103068,2023-11-22 03:21:00,23.11,0.693881,69.39,1,High,Fraud
T103069,2023-10-12 05:12:00,90.17,0.807028,80.7,1,High,Fraud
T103070,2023-07-25 19:47:00,98.11,0.072677,7.27,0,Low,Legitimate
T103071,2023-09-14 15:14:00,75.33,0.071892,7.19,0,Low,Legitimate
T103072,2023-06-23 21:22:00,30.02,0.071892,7.19,0,Low,Legitimate
T103073,2023-05-20 19:08:00,25.3,0.707248,70.72,1,High,Fraud
T103074,2023-06-29 13:56:00,72.84,0.071892,7.19,0,Low,Legitimate
T103075,2023-12-09 23:54:00,160.85,0.073653,7.37,0,Low,Legitimate
T103076,2023-03-31 04:48:00,234.6,0.688737,68.87,0,Medium,Legitimate
T103077,2023-07-07 05:37:00,8.96,0.658917,65.89,0,Medium,Legitimate
T103078,2023-02-22 21:25:00,13.46,0.071892,7.19,0,Low,Legitimate
T103079,2023-12-25 12:39:00,231.65,0.072677,7.27,0,Low,Legitimate
T103080,2023-06-14 21:51:00,106.71,0.071892,7.19,0,Low,Legitimate
T103081,2023-01-28 13:07:00,171.64,0.071892,7.19,0,Low,Legitimate
T103082,2023-12-25 11:42:00,18.12,0.071892,7.19,0,Low,Legitimate
T103083,2023-07-16 14:49:00,70.86,0.071892,7.19,0,Low,Legitimate
T103084,2023-08-22 04:04:00,96.62,0.700669,70.07,1,High,Fraud
T103085,2023-01-21 00:30:00,91.18,0.716468,71.65,1,High,Fraud
T103086,2023-08-04 04:44:00,41.96,0.684758,68.48,0,Medium,Legitimate
T103087,2023-12-02 03:42:00,1.24,0.560823,56.08,0,Medium,Legitimate
T103088,2023-11-01 06:51:00,69.96,0.086648,8.66,0,Low,Legitimate
T103089,2023-05-17 22:17:00,23.35,0.071892,7.19,0,Low,Legitimate
T103090,2023-04-12 07:28:00,47.86,0.716235,71.62,1,High,Fraud
T103091,2023-11-10 10:01:00,252.81,0.073653,7.37,0,Low,Legitimate
T103092,2023-06-07 19:37:00,40.74,0.073653,7.37,0,Low,Legitimate
T103093,2023-09-22 17:41:00,146.51,0.071892,7.19,0,Low,Legitimate
T103094,2023-11-05 18:07:00,16.71,0.073653,7.37,0,Low,Legitimate
T103095,2023-07-10 10:02:00,89.29,0.073653,7.37,0,Low,Legitimate
T103096,2023-11-09 23:42:00,301.81,0.073653,7.37,0,Low,Legitimate
T103097,2023-07-02 07:03:00,8.6,0.077441,7.74,0,Low,Legitimate
T103098,2023-04-24 10:42:00,0.67,0.071892,7.19,0,Low,Legitimate
T103099,2023-10-03 20:54:00,45.47,0.073653,7.37,0,Low,Legitimate
T103100,2023-07-08 08:18:00,7.78,0.076608,7.66,0,Low,Legitimate
T103101,2023-09-01 05:20:00,110.39,0.678664,67.87,0,Medium,Legitimate
T103102,2023-03-23 08:59:00,196.78,0.076359,7.64,0,Low,Legitimate
T103103,2023-02-19 11:19:00,45.54,0.071892,7.19,0,Low,Legitimate
T103104,2023-10-26 04:08:00,23.95,0.842654,84.27,1,High,Fraud
T103105,2023-12-01 03:04:00,45.59,0.695087,69.51,1,High,Fraud
T103106,2024-01-06 19:34:00,102.83,0.817041,81.7,1,High,Fraud
T103107,2023-12-16 19:05:00,0.73,0.071892,7.19,0,Low,Legitimate
T103108,2023-06-02 05:08:00,71.22,0.673653,67.37,0,Medium,Legitimate
T103109,2023-09-29 07:53:00,76.01,0.075537,7.55,0,Low,Legitimate
T103110,2023-07-14 14:45:00,81.22,0.784647,78.46,1,High,Fraud
T103111,2023-08-30 18:29:00,22.17,0.071892,7.19,0,Low,Legitimate
T103112,2023-02-19 06:58:00,100.16,0.085972,8.6,0,Low,Legitimate
T103113,2024-02-18 21:26:00,7.67,0.071892,7.19,0,Low,Legitimate
T103114,2023-05-15 07:01:00,17.78,0.711388,71.14,1,High,Fraud
T103115,2024-01-23 19:42:00,167.95,0.071892,7.19,0,Low,Legitimate
T103116,2023-04-28 17:41:00,107.37,0.071892,7.19,0,Low,Legitimate
T103117,2023-08-20 04:01:00,1.11,0.626955,62.7,0,Medium,Legitimate
T103118,2023-03-06 15:17:00,22.84,0.073653,7.37,0,Low,Legitimate
T103119,2023-04-09 13:29:00,19.31,0.073653,7.37,0,Low,Legitimate
T103120,2024-01-06 11:20:00,25.27,0.814583,81.46,1,High,Fraud
T103121,2023-01-24 12:48:00,22.75,0.071892,7.19,0,Low,Legitimate
T103122,2023-10-31 10:08:00,5.17,0.071892,7.19,0,Low,Legitimate
T103123,2023-11-23 07:01:00,49.14,0.701065,70.11,1,High,Fraud
T103124,2023-12-29 18:21:00,105.56,0.071892,7.19,0,Low,Legitimate
T103125,2023-08-05 12:09:00,74.66,0.074456,7.45,0,Low,Legitimate
T103126,2023-02-07 19:48:00,89.39,0.726012,72.6,1,High,Fraud
T103127,2023-12-18 18:16:00,6.77,0.071892,7.19,0,Low,Legitimate
T103128,2023-08-12 23:37:00,242.08,0.072896,7.29,0,Low,Legitimate
T103129,2023-05-23 02:14:00,145.86,0.708417,70.84,1,High,Fraud
T103130,2023-02-21 10:44:00,130.82,0.071892,7.19,0,Low,Legitimate
T103131,2023-09-22 04:10:00,138.52,0.678081,67.81,0,Medium,Legitimate
T103132,2023-07-11 05:23:00,215.9,0.723353,72.34,1,High,Fraud
T103133,2023-03-14 17:04:00,62.87,0.071892,7.19,0,Low,Legitimate
T103134,2023-10-07 07:29:00,17.88,0.07738,7.74,0,Low,Legitimate
T103135,2023-05-05 23:47:00,76.73,0.073653,7.37,0,Low,Legitimate
T103136,2023-11-06 09:41:00,108.66,0.073653,7.37,0,Low,Legitimate
T103137,2023-07-09 13:08:00,107.13,0.864214,86.42,1,High,Fraud
T103138,2023-06-04 17:42:00,58.96,0.723814,72.38,1,High,Fraud
T103139,2023-04-16 18:06:00,5.67,0.708728,70.87,1,High,Fraud
T103140,2023-03-13 01:05:00,37.1,0.690732,69.07,1,High,Fraud
T103141,2023-07-25 12:30:00,202.83,0.071892,7.19,0,Low,Legitimate
T103142,2023-09-13 02:12:00,70.25,0.716652,71.67,1,High,Fraud
T103143,2023-12-27 01:41:00,61.83,0.687165,68.72,0,Medium,Legitimate
T103144,2024-01-15 08:05:00,25.05,0.074782,7.48,0,Low,Legitimate
T103145,2023-03-12 05:50:00,36.77,0.69634,69.63,1,High,Fraud
T103146,2023-03-13 05:14:00,180.57,0.720725,72.07,1,High,Fraud
T103147,2024-01-30 23:53:00,87.84,0.710094,71.01,1,High,Fraud
T103148,2024-02-10 01:32:00,123.86,0.717648,71.76,1,High,Fraud
T103149,2023-01-06 03:59:00,48.46,0.673354,67.34,0,Medium,Legitimate
T103150,2023-12-07 09:34:00,79.59,0.073653,7.37,0,Low,Legitimate
T103151,2024-02-01 00:13:00,22.84,0.714709,71.47,1,High,Fraud
T103152,2023-02-03 10:00:00,97.79,0.073653,7.37,0,Low,Legitimate
T103153,2023-02-23 09:39:00,44.63,0.071892,7.19,0,Low,Legitimate
T103154,2023-01-27 07:47:00,46.75,0.074782,7.48,0,Low,Legitimate
T103155,2023-04-26 22:32:00,83.83,0.071892,7.19,0,Low,Legitimate
T103156,2023-02-03 03:19:00,220.26,0.670345,67.03,0,Medium,Legitimate
T103157,2023-06-08 07:45:00,5.29,0.848821,84.88,1,High,Fraud
T103158,2023-11-25 04:44:00,139.32,0.676304,67.63,0,Medium,Legitimate
T103159,2023-11-24 05:21:00,27.67,0.673246,67.32,0,Medium,Legitimate
T103160,2024-01-06 17:25:00,46.95,0.073653,7.37,0,Low,Legitimate
T103161,2023-09-27 17:22:00,1.77,0.071892,7.19,0,Low,Legitimate
T103162,2023-11-08 07:43:00,28.65,0.076608,7.66,0,Low,Legitimate
T103163,2023-09-19 20:41:00,55.87,0.071892,7.19,0,Low,Legitimate
T103164,2023-02-08 05:24:00,4.63,0.679824,67.98,0,Medium,Legitimate
T103165,2023-06-02 03:06:00,54.04,0.671704,67.17,0,Medium,Legitimate
T103166,2023-04-29 12:21:00,209.5,0.071892,7.19,0,Low,Legitimate
T103167,2023-06-22 00:26:00,8.91,0.702665,70.27,1,High,Fraud
T103168,2023-01-19 15:43:00,115.66,0.072677,7.27,0,Low,Legitimate
T103169,2024-01-17 15:26:00,42.17,0.072677,7.27,0,Low,Legitimate
T103170,2023-04-16 17:46:00,85.18,0.702025,70.2,1,High,Fraud
T103171,2023-10-23 16:45:00,24.11,0.072677,7.27,0,Low,Legitimate
T103172,2024-01-11 03:02:00,13.9,0.810139,81.01,1,High,Fraud
T103173,2023-10-16 06:02:00,13.99,0.085225,8.52,0,Low,Legitimate
T103174,2023-10-21 19:59:00,5.85,0.071892,7.19,0,Low,Legitimate
T103175,2023-03-24 20:14:00,16.43,0.071892,7.19,0,Low,Legitimate
T103176,2023-04-23 12:53:00,87.3,0.071892,7.19,0,Low,Legitimate
T103177,2023-08-09 04:18:00,170.76,0.709775,70.98,1,High,Fraud
T103178,2023-06-11 20:17:00,134.61,0.072896,7.29,0,Low,Legitimate
T103179,2023-06-29 02:56:00,92.45,0.682954,68.3,0,Medium,Legitimate
T103180,2023-10-15 22:29:00,9.36,0.718248,71.82,1,High,Fraud
T103181,2023-11-22 09:00:00,27.31,0.072677,7.27,0,Low,Legitimate
T103182,2023-07-13 18:06:00,29.66,0.073692,7.37,0,Low,Legitimate
T103183,2023-04-11 07:32:00,23.01,0.076649,7.66,0,Low,Legitimate
T103184,2023-01-22 06:47:00,57.89,0.085972,8.6,0,Low,Legitimate
T103185,2023-12-06 00:00:00,61.35,0.719789,71.98,1,High,Fraud
T103186,2023-04-12 09:44:00,35.31,0.072896,7.29,0,Low,Legitimate
T103187,2024-02-07 21:37:00,34.93,0.074456,7.45,0,Low,Legitimate
T103188,2023-08-19 10:01:00,141.08,0.071892,7.19,0,Low,Legitimate
T103189,2023-09-20 22:17:00,124.58,0.072677,7.27,0,Low,Legitimate
T103190,2023-05-07 22:28:00,29.43,0.074456,7.45,0,Low,Legitimate
T103191,2023-05-12 16:38:00,196.08,0.073692,7.37,0,Low,Legitimate
T103192,2024-01-08 01:27:00,244.29,0.718678,71.87,1,High,Fraud
T103193,2023-05-11 15:34:00,31.65,0.072896,7.29,0,Low,Legitimate
T103194,2024-01-03 09:01:00,35.01,0.073653,7.37,0,Low,Legitimate
T103195,2023-12-26 17:59:00,56.36,0.071892,7.19,0,Low,Legitimate
T103196,2024-02-09 10:32:00,226.58,0.073653,7.37,0,Low,Legitimate
T103197,2023-01-13 05:12:00,167.2,0.661188,66.12,0,Medium,Legitimate
T103198,2023-03-13 01:39:00,8.66,0.680109,68.01,0,Medium,Legitimate
T103199,2023-01-06 17:17:00,39.9,0.7136,71.36,1,High,Fraud
T103200,2023-04-22 08:01:00,64.48,0.075537,7.55,0,Low,Legitimate
T103201,2024-01-02 03:43:00,55.95,0.687515,68.75,0,Medium,Legitimate
T103202,2023-10-13 05:33:00,17.24,0.680359,68.04,0,Medium,Legitimate
T103203,2023-03-28 16:13:00,156.62,0.813832,81.38,1,High,Fraud
T103204,2023-09-14 17:58:00,90.39,0.071892,7.19,0,Low,Legitimate
T103205,2023-01-21 10:04:00,145.57,0.707992,70.8,1,High,Fraud
T103206,2023-06-21 16:00:00,156.59,0.072677,7.27,0,Low,Legitimate
T103207,2023-05-18 06:56:00,110.38,0.08955,8.95,0,Low,Legitimate
T103208,2023-02-22 18:39:00,46.27,0.072677,7.27,0,Low,Legitimate
T103209,2023-04-06 21:19:00,75.44,0.073653,7.37,0,Low,Legitimate
T103210,2023-06-28 12:45:00,13.98,0.071892,7.19,0,Low,Legitimate
T103211,2023-09-10 11:04:00,89.58,0.073653,7.37,0,Low,Legitimate
T103212,2023-07-16 02:36:00,15.8,0.689698,68.97,0,Medium,Legitimate
T103213,2024-01-01 17:05:00,94.72,0.073653,7.37,0,Low,Legitimate
T103214,2024-01-22 01:10:00,20.87,0.805857,80.59,1,High,Fraud
T103215,2023-02-07 13:11:00,10.0,0.073653,7.37,0,Low,Legitimate
T103216,2023-06-12 10:15:00,14.45,0.073692,7.37,0,Low,Legitimate
T103217,2023-08-08 10:08:00,0.16,0.073653,7.37,0,Low,Legitimate
T103218,2023-05-06 09:41:00,101.48,0.717372,71.74,1,High,Fraud
T103219,2023-04-25 15:12:00,105.46,0.071892,7.19,0,Low,Legitimate
T103220,2023-03-26 11:16:00,57.88,0.071892,7.19,0,Low,Legitimate
T103221,2023-04-24 02:53:00,14.08,0.686513,68.65,0,Medium,Legitimate
T103222,2023-12-25 05:43:00,6.98,0.671959,67.2,0,Medium,Legitimate
T103223,2023-07-11 05:01:00,1.55,0.629152,62.92,0,Medium,Legitimate
T103224,2023-07-07 18:53:00,14.5,0.073653,7.37,0,Low,Legitimate
T103225,2023-02-26 06:20:00,177.21,0.085972,8.6,0,Low,Legitimate
T103226,2023-03-11 08:19:00,22.12,0.075824,7.58,0,Low,Legitimate
T103227,2023-08-08 07:58:00,34.99,0.076608,7.66,0,Low,Legitimate
T103228,2023-05-24 23:37:00,8.91,0.071892,7.19,0,Low,Legitimate
T103229,2024-01-31 13:27:00,20.12,0.072677,7.27,0,Low,Legitimate
T103230,2024-01-18 17:59:00,58.59,0.072677,7.27,0,Low,Legitimate
T103231,2023-07-05 18:54:00,74.87,0.073653,7.37,0,Low,Legitimate
T103232,2023-03-26 07:26:00,22.52,0.076359,7.64,0,Low,Legitimate
T103233,2023-03-05 22:37:00,4.76,0.073653,7.37,0,Low,Legitimate
T103234,2023-05-18 12:50:00,39.68,0.071892,7.19,0,Low,Legitimate
T103235,2023-08-30 19:33:00,21.35,0.071892,7.19,0,Low,Legitimate
T103236,2023-10-27 03:52:00,19.83,0.667495,66.75,0,Medium,Legitimate
T103237,2024-01-25 06:16:00,257.24,0.085648,8.56,0,Low,Legitimate
T103238,2023-06-24 16:07:00,76.63,0.071892,7.19,0,Low,Legitimate
T103239,2023-05-04 21:48:00,65.11,0.074456,7.45,0,Low,Legitimate
T103240,2023-06-02 12:14:00,43.0,0.698695,69.87,1,High,Fraud
T103241,2023-06-10 05:07:00,44.82,0.700403,70.04,1,High,Fraud
T103242,2024-02-13 11:09:00,62.28,0.072896,7.29,0,Low,Legitimate
T103243,2023-08-24 03:50:00,95.37,0.690342,69.03,1,High,Fraud
T103244,2023-04-13 11:21:00,96.89,0.711333,71.13,1,High,Fraud
T103245,2023-12-15 04:21:00,15.07,0.772247,77.22,1,High,Fraud
T103246,2023-03-08 05:21:00,55.47,0.693276,69.33,1,High,Fraud
T103247,2023-04-09 14:49:00,42.48,0.073653,7.37,0,Low,Legitimate
T103248,2023-05-26 23:54:00,163.54,0.071892,7.19,0,Low,Legitimate
T103249,2023-05-10 06:29:00,79.85,0.730916,73.09,1,High,Fraud
T103250,2023-09-09 07:51:00,60.83,0.076608,7.66,0,Low,Legitimate
T103251,2023-02-27 06:51:00,9.81,0.694612,69.46,1,High,Fraud
T103252,2023-06-24 23:46:00,74.44,0.071892,7.19,0,Low,Legitimate
T103253,2023-10-28 20:30:00,9.97,0.071892,7.19,0,Low,Legitimate
T103254,2023-09-10 23:44:00,32.9,0.073653,7.37,0,Low,Legitimate
T103255,2023-09-13 09:24:00,12.33,0.073692,7.37,0,Low,Legitimate
T103256,2023-05-06 13:38:00,94.23,0.72844,72.84,1,High,Fraud
T103257,2023-10-07 12:00:00,18.48,0.073653,7.37,0,Low,Legitimate
T103258,2023-07-01 20:03:00,39.79,0.715182,71.52,1,High,Fraud
T103259,2023-02-05 03:52:00,180.82,0.853397,85.34,1,High,Fraud
T103260,2024-01-31 10:31:00,18.28,0.811912,81.19,1,High,Fraud
T103261,2023-07-16 08:47:00,56.71,0.074782,7.48,0,Low,Legitimate
T103262,2023-03-30 22:17:00,43.48,0.071892,7.19,0,Low,Legitimate
T103263,2023-08-07 03:28:00,1.46,0.555554,55.56,0,Medium,Legitimate
T103264,2024-01-25 06:01:00,125.91,0.720365,72.04,1,High,Fraud
T103265,2023-11-27 19:25:00,5.72,0.071892,7.19,0,Low,Legitimate
T103266,2023-07-16 11:09:00,51.44,0.072677,7.27,0,Low,Legitimate
T103267,2023-10-17 02:23:00,65.8,0.698727,69.87,1,High,Fraud
T103268,2023-08-23 21:02:00,79.2,0.071892,7.19,0,Low,Legitimate
T103269,2023-11-07 15:27:00,93.34,0.073653,7.37,0,Low,Legitimate
T103270,2023-01-11 10:59:00,23.36,0.072896,7.29,0,Low,Legitimate
T103271,2023-05-12 07:14:00,0.8,0.076649,7.66,0,Low,Legitimate
T103272,2023-10-27 13:56:00,102.83,0.071892,7.19,0,Low,Legitimate
T103273,2023-11-01 06:25:00,61.37,0.086648,8.66,0,Low,Legitimate
T103274,2023-01-16 07:03:00,144.69,0.718276,71.83,1,High,Fraud
T103275,2023-07-08 15:04:00,137.8,0.073653,7.37,0,Low,Legitimate
T103276,2023-04-02 20:41:00,148.29,0.073653,7.37,0,Low,Legitimate
T103277,2023-10-05 18:30:00,53.1,0.073653,7.37,0,Low,Legitimate
T103278,2024-02-08 01:49:00,32.47,0.70587,70.59,1,High,Fraud
T103279,2023-06-22 22:31:00,125.45,0.777914,77.79,1,High,Fraud
T103280,2023-10-26 09:17:00,48.02,0.071892,7.19,0,Low,Legitimate
T103281,2023-07-14 04:08:00,16.21,0.843144,84.31,1,High,Fraud
T103282,2023-09-14 06:10:00,154.47,0.085648,8.56,0,Low,Legitimate
T103283,2023-10-19 01:29:00,171.35,0.696986,69.7,1,High,Fraud
T103284,2023-10-23 17:23:00,50.24,0.072677,7.27,0,Low,Legitimate
T103285,2024-01-31 16:43:00,6.3,0.071892,7.19,0,Low,Legitimate
T103286,2023-04-07 22:52:00,39.26,0.073653,7.37,0,Low,Legitimate
T103287,2023-03-17 10:19:00,130.18,0.071892,7.19,0,Low,Legitimate
T103288,2023-11-14 07:46:00,185.64,0.074782,7.48,0,Low,Legitimate
T103289,2024-02-09 14:00:00,18.2,0.073653,7.37,0,Low,Legitimate
T103290,2023-12-05 21:37:00,5.55,0.073653,7.37,0,Low,Legitimate
T103291,2023-11-17 21:35:00,167.87,0.071892,7.19,0,Low,Legitimate
T103292,2023-04-04 05:59:00,39.47,0.71091,71.09,1,High,Fraud
T103293,2023-05-05 01:03:00,62.43,0.704687,70.47,1,High,Fraud
T103294,2023-10-28 14:36:00,275.53,0.071892,7.19,0,Low,Legitimate
T103295,2023-08-14 16:50:00,5.51,0.072677,7.27,0,Low,Legitimate
T103296,2024-02-13 17:50:00,83.6,0.072896,7.29,0,Low,Legitimate
T103297,2024-01-12 04:02:00,6.16,0.630814,63.08,0,Medium,Legitimate
T103298,2023-04-10 00:38:00,37.66,0.70393,70.39,1,High,Fraud
T103299,2023-07-08 01:02:00,130.3,0.708391,70.84,1,High,Fraud
T103300,2023-01-07 12:28:00,45.46,0.72844,72.84,1,High,Fraud
T103301,2023-09-10 20:08:00,469.75,0.073653,7.37,0,Low,Legitimate
T103302,2023-05-04 16:31:00,65.51,0.073653,7.37,0,Low,Legitimate
T103303,2023-02-19 22:59:00,30.99,0.071892,7.19,0,Low,Legitimate
T103304,2023-01-30 15:03:00,19.89,0.071892,7.19,0,Low,Legitimate
T103305,2023-01-12 02:28:00,34.53,0.830378,83.04,1,High,Fraud
T103306,2023-10-18 17:00:00,37.29,0.071892,7.19,0,Low,Legitimate
T103307,2023-03-12 05:26:00,5.7,0.696578,69.66,1,High,Fraud
T103308,2023-01-15 09:36:00,36.91,0.814799,81.48,1,High,Fraud
T103309,2023-06-03 20:56:00,49.93,0.073653,7.37,0,Low,Legitimate
T103310,2023-03-07 17:19:00,102.62,0.073653,7.37,0,Low,Legitimate
T103311,2023-04-09 11:19:00,85.54,0.073653,7.37,0,Low,Legitimate
T103312,2023-05-28 09:26:00,98.69,0.071892,7.19,0,Low,Legitimate
T103313,2023-01-25 12:38:00,0.67,0.593668,59.37,0,Medium,Legitimate
T103314,2023-06-12 19:43:00,19.64,0.073692,7.37,0,Low,Legitimate
T103315,2023-05-21 13:01:00,86.7,0.071892,7.19,0,Low,Legitimate
T103316,2023-07-20 12:43:00,52.93,0.071892,7.19,0,Low,Legitimate
T103317,2024-01-26 18:14:00,0.43,0.072677,7.27,0,Low,Legitimate
T103318,2024-02-08 08:45:00,130.57,0.077441,7.74,0,Low,Legitimate
T103319,2023-06-03 09:20:00,118.56,0.074456,7.45,0,Low,Legitimate
T103320,2023-07-15 15:48:00,63.6,0.071892,7.19,0,Low,Legitimate
T103321,2023-10-11 03:03:00,5.5,0.68442,68.44,0,Medium,Legitimate
T103322,2023-12-28 15:06:00,116.37,0.071892,7.19,0,Low,Legitimate
T103323,2024-01-28 12:35:00,70.11,0.071892,7.19,0,Low,Legitimate
T103324,2023-12-24 11:26:00,121.85,0.794098,79.41,1,High,Fraud
T103325,2023-06-13 03:49:00,111.46,0.693245,69.32,1,High,Fraud
T103326,2023-02-28 23:20:00,129.96,0.071892,7.19,0,Low,Legitimate
T103327,2023-02-14 17:20:00,58.39,0.071892,7.19,0,Low,Legitimate
T103328,2024-02-13 03:30:00,12.1,0.701102,70.11,1,High,Fraud
T103329,2023-04-08 14:33:00,88.97,0.073653,7.37,0,Low,Legitimate
T103330,2023-02-17 04:45:00,77.51,0.675708,67.57,0,Medium,Legitimate
T103331,2023-09-23 19:59:00,108.46,0.072677,7.27,0,Low,Legitimate
T103332,2023-07-04 12:11:00,14.89,0.073653,7.37,0,Low,Legitimate
T103333,2023-03-03 04:26:00,17.35,0.661081,66.11,0,Medium,Legitimate
T103334,2023-10-17 06:38:00,176.88,0.085972,8.6,0,Low,Legitimate
T103335,2023-10-11 18:16:00,110.9,0.816155,81.62,1,High,Fraud
T103336,2023-11-13 14:41:00,191.08,0.722042,72.2,1,High,Fraud
T103337,2023-06-22 04:49:00,113.74,0.793732,79.37,1,High,Fraud
T103338,2023-05-11 10:23:00,72.74,0.072896,7.29,0,Low,Legitimate
T103339,2023-07-11 19:26:00,84.94,0.072896,7.29,0,Low,Legitimate
T103340,2023-04-08 13:30:00,175.95,0.073653,7.37,0,Low,Legitimate
T103341,2023-03-28 16:44:00,69.17,0.798787,79.88,1,High,Fraud
T103342,2023-04-09 16:56:00,80.06,0.722338,72.23,1,High,Fraud
T103343,2023-01-30 04:48:00,13.61,0.673056,67.31,0,Medium,Legitimate
T103344,2023-06-07 00:19:00,51.38,0.703259,70.33,1,High,Fraud
T103345,2023-06-30 09:21:00,100.81,0.071892,7.19,0,Low,Legitimate
T103346,2023-08-04 04:44:00,25.28,0.666478,66.65,0,Medium,Legitimate
T103347,2023-02-28 10:12:00,18.08,0.071892,7.19,0,Low,Legitimate
T103348,2023-01-17 13:15:00,30.13,0.071892,7.19,0,Low,Legitimate
T103349,2023-09-04 03:33:00,22.11,0.711805,71.18,1,High,Fraud
T103350,2023-10-02 02:56:00,19.36,0.73518,73.52,1,High,Fraud
T103351,2023-03-18 19:21:00,44.25,0.071892,7.19,0,Low,Legitimate
T103352,2023-09-29 08:35:00,190.74,0.77607,77.61,1,High,Fraud
T103353,2023-08-03 12:01:00,56.59,0.073653,7.37,0,Low,Legitimate
T103354,2023-12-04 02:09:00,16.65,0.707909,70.79,1,High,Fraud
T103355,2023-05-01 03:15:00,6.41,0.691084,69.11,1,High,Fraud
T103356,2023-04-18 11:12:00,95.3,0.071892,7.19,0,Low,Legitimate
T103357,2023-04-22 15:30:00,38.6,0.071892,7.19,0,Low,Legitimate
T103358,2023-06-21 16:02:00,138.0,0.071892,7.19,0,Low,Legitimate
T103359,2023-05-03 08:37:00,86.19,0.076608,7.66,0,Low,Legitimate
T103360,2023-12-11 15:47:00,127.27,0.072896,7.29,0,Low,Legitimate
T103361,2024-01-08 05:34:00,25.39,0.687228,68.72,0,Medium,Legitimate
T103362,2023-09-20 23:36:00,94.31,0.071892,7.19,0,Low,Legitimate
T103363,2023-05-23 16:08:00,24.53,0.072677,7.27,0,Low,Legitimate
T103364,2023-12-14 08:14:00,223.84,0.074782,7.48,0,Low,Legitimate
T103365,2023-05-28 21:29:00,80.93,0.071892,7.19,0,Low,Legitimate
T103366,2023-01-07 05:55:00,31.39,0.696632,69.66,1,High,Fraud
T103367,2023-03-16 10:05:00,25.12,0.072677,7.27,0,Low,Legitimate
T103368,2023-11-13 22:21:00,16.95,0.072896,7.29,0,Low,Legitimate
T103369,2023-03-20 20:06:00,94.9,0.071892,7.19,0,Low,Legitimate
T103370,2024-02-05 23:01:00,19.75,0.074456,7.45,0,Low,Legitimate
T103371,2023-01-09 14:09:00,72.37,0.073653,7.37,0,Low,Legitimate
T103372,2023-12-11 05:15:00,24.59,0.694079,69.41,1,High,Fraud
T103373,2024-02-10 11:06:00,86.77,0.073653,7.37,0,Low,Legitimate
T103374,2023-01-27 05:16:00,134.97,0.666829,66.68,0,Medium,Legitimate
T103375,2024-02-19 21:13:00,120.42,0.071892,7.19,0,Low,Legitimate
T103376,2023-08-28 13:23:00,114.45,0.071892,7.19,0,Low,Legitimate
T103377,2023-07-23 00:09:00,16.63,0.810343,81.03,1,High,Fraud
T103378,2023-01-14 11:13:00,7.4,0.072677,7.27,0,Low,Legitimate
T103379,2024-01-08 02:29:00,96.04,0.840778,84.08,1,High,Fraud
T103380,2023-05-13 06:56:00,36.75,0.724688,72.47,1,High,Fraud
T103381,2023-07-29 14:48:00,45.3,0.071892,7.19,0,Low,Legitimate
T103382,2023-06-06 13:36:00,2.53,0.073653,7.37,0,Low,Legitimate
T103383,2023-07-04 18:16:00,24.04,0.073653,7.37,0,Low,Legitimate
T103384,2023-04-25 08:56:00,2.74,0.074782,7.48,0,Low,Legitimate
T103385,2023-06-10 16:03:00,169.08,0.073653,7.37,0,Low,Legitimate
T103386,2023-11-01 09:08:00,22.31,0.074456,7.45,0,Low,Legitimate
T103387,2023-07-02 16:48:00,65.2,0.073653,7.37,0,Low,Legitimate
T103388,2023-03-22 08:33:00,3.18,0.074782,7.48,0,Low,Legitimate
T103389,2024-01-13 14:27:00,87.93,0.072896,7.29,0,Low,Legitimate
T103390,2024-01-31 17:28:00,31.21,0.806918,80.69,1,High,Fraud
T103391,2023-04-05 12:34:00,182.56,0.073653,7.37,0,Low,Legitimate
T103392,2023-08-03 05:30:00,175.22,0.701646,70.16,1,High,Fraud
T103393,2023-07-24 05:40:00,31.48,0.667175,66.72,0,Medium,Legitimate
T103394,2023-03-15 09:55:00,184.98,0.071892,7.19,0,Low,Legitimate
T103395,2023-04-21 10:02:00,444.93,0.071892,7.19,0,Low,Legitimate
T103396,2023-12-17 02:16:00,139.63,0.689899,68.99,0,Medium,Legitimate
T103397,2023-10-29 19:09:00,149.08,0.071892,7.19,0,Low,Legitimate
T103398,2023-01-11 05:48:00,22.91,0.689615,68.96,0,Medium,Legitimate
T103399,2024-01-12 11:43:00,68.77,0.072896,7.29,0,Low,Legitimate
T103400,2023-08-08 06:12:00,5.57,0.085225,8.52,0,Low,Legitimate
T103401,2023-06-03 21:43:00,7.98,0.073653,7.37,0,Low,Legitimate
T103402,2023-03-12 17:32:00,544.46,0.072896,7.29,0,Low,Legitimate
T103403,2023-03-25 00:14:00,31.64,0.703061,70.31,1,High,Fraud
T103404,2023-11-15 02:48:00,110.32,0.705977,70.6,1,High,Fraud
T103405,2023-06-22 18:58:00,131.47,0.792574,79.26,1,High,Fraud
T103406,2023-12-24 22:40:00,156.17,0.071892,7.19,0,Low,Legitimate
T103407,2023-11-29 16:26:00,483.53,0.071892,7.19,0,Low,Legitimate
T103408,2023-10-01 10:24:00,22.11,0.073653,7.37,0,Low,Legitimate
T103409,2023-03-10 16:01:00,3.3,0.073653,7.37,0,Low,Legitimate
T103410,2023-07-27 16:44:00,42.37,0.071892,7.19,0,Low,Legitimate
T103411,2023-03-15 05:27:00,11.15,0.68312,68.31,0,Medium,Legitimate
T103412,2023-07-04 15:40:00,1.81,0.073653,7.37,0,Low,Legitimate
T103413,2023-11-02 19:04:00,35.76,0.073653,7.37,0,Low,Legitimate
T103414,2023-06-06 21:46:00,122.5,0.073653,7.37,0,Low,Legitimate
T103415,2023-02-03 09:46:00,66.81,0.074456,7.45,0,Low,Legitimate
T103416,2023-06-09 23:32:00,30.01,0.074456,7.45,0,Low,Legitimate
T103417,2023-10-09 11:32:00,84.98,0.073653,7.37,0,Low,Legitimate
T103418,2023-03-20 20:20:00,21.12,0.071892,7.19,0,Low,Legitimate
T103419,2024-02-14 02:36:00,1.16,0.656436,65.64,0,Medium,Legitimate
T103420,2024-01-18 03:51:00,115.63,0.712409,71.24,1,High,Fraud
T103421,2023-10-03 19:12:00,78.2,0.073653,7.37,0,Low,Legitimate
T103422,2023-06-11 12:21:00,114.94,0.072896,7.29,0,Low,Legitimate
T103423,2024-02-04 04:19:00,3.18,0.656357,65.64,0,Medium,Legitimate
T103424,2024-01-13 05:41:00,145.18,0.781268,78.13,1,High,Fraud
T103425,2023-09-12 04:37:00,77.31,0.709131,70.91,1,High,Fraud
T103426,2023-02-09 22:39:00,66.3,0.073653,7.37,0,Low,Legitimate
T103427,2023-03-09 01:40:00,78.38,0.696659,69.67,1,High,Fraud
T103428,2023-05-14 18:31:00,159.86,0.071892,7.19,0,Low,Legitimate
T103429,2023-05-19 09:59:00,70.73,0.071892,7.19,0,Low,Legitimate
T103430,2023-06-24 19:34:00,69.58,0.707642,70.76,1,High,Fraud
T103431,2023-12-03 04:24:00,374.04,0.738182,73.82,1,High,Fraud
T103432,2023-02-26 20:03:00,113.09,0.071892,7.19,0,Low,Legitimate
T103433,2023-08-24 12:24:00,46.71,0.071892,7.19,0,Low,Legitimate
T103434,2023-05-27 18:52:00,98.32,0.071892,7.19,0,Low,Legitimate
T103435,2023-03-04 20:08:00,39.44,0.073653,7.37,0,Low,Legitimate
T103436,2023-12-14 19:59:00,20.79,0.071892,7.19,0,Low,Legitimate
T103437,2023-02-15 04:46:00,72.68,0.700732,70.07,1,High,Fraud
T103438,2023-01-01 02:16:00,210.69,0.757879,75.79,1,High,Fraud
T103439,2024-01-06 22:59:00,211.76,0.073653,7.37,0,Low,Legitimate
T103440,2023-12-29 19:21:00,33.47,0.071892,7.19,0,Low,Legitimate
T103441,2023-12-25 20:33:00,60.01,0.071892,7.19,0,Low,Legitimate
T103442,2023-04-05 16:07:00,19.02,0.732972,73.3,1,High,Fraud
T103443,2023-05-15 12:39:00,434.66,0.072677,7.27,0,Low,Legitimate
T103444,2023-12-31 20:00:00,317.56,0.071892,7.19,0,Low,Legitimate
T103445,2023-07-14 03:29:00,83.87,0.816513,81.65,1,High,Fraud
T103446,2024-02-09 21:47:00,130.54,0.073653,7.37,0,Low,Legitimate
T103447,2024-01-16 00:13:00,100.45,0.713612,71.36,1,High,Fraud
T103448,2023-03-05 08:46:00,71.95,0.077441,7.74,0,Low,Legitimate
T103449,2023-06-11 15:24:00,4.39,0.072896,7.29,0,Low,Legitimate
T103450,2024-01-10 01:24:00,48.52,0.712826,71.28,1,High,Fraud
T103451,2023-03-17 15:04:00,89.86,0.071892,7.19,0,Low,Legitimate
T103452,2023-08-09 15:26:00,90.54,0.736293,73.63,1,High,Fraud
T103453,2023-06-17 02:25:00,37.36,0.681458,68.15,0,Medium,Legitimate
T103454,2023-01-26 12:55:00,227.36,0.071892,7.19,0,Low,Legitimate
T103455,2023-04-07 06:09:00,14.65,0.084683,8.47,0,Low,Legitimate
T103456,2023-04-11 12:01:00,55.51,0.072896,7.29,0,Low,Legitimate
T103457,2023-02-27 10:15:00,93.92,0.071892,7.19,0,Low,Legitimate
T103458,2023-02-22 07:15:00,95.56,0.074782,7.48,0,Low,Legitimate
T103459,2023-10-30 18:00:00,83.68,0.071892,7.19,0,Low,Legitimate
T103460,2023-05-27 15:25:00,25.76,0.071892,7.19,0,Low,Legitimate
T103461,2023-01-25 18:37:00,13.59,0.071892,7.19,0,Low,Legitimate
T103462,2023-07-09 18:42:00,80.83,0.073653,7.37,0,Low,Legitimate
T103463,2024-01-10 21:49:00,73.16,0.073653,7.37,0,Low,Legitimate
T103464,2023-12-12 22:54:00,15.81,0.722072,72.21,1,High,Fraud
T103465,2023-03-18 06:45:00,97.7,0.087512,8.75,0,Low,Legitimate
T103466,2023-06-09 13:53:00,48.58,0.764961,76.5,1,High,Fraud
T103467,2023-09-08 10:26:00,88.15,0.073653,7.37,0,Low,Legitimate
T103468,2023-12-19 22:51:00,145.3,0.720687,72.07,1,High,Fraud
T103469,2023-03-02 05:10:00,14.88,0.707224,70.72,1,High,Fraud
T103470,2023-01-20 14:55:00,1.55,0.071892,7.19,0,Low,Legitimate
T103471,2024-01-24 17:25:00,120.8,0.071892,7.19,0,Low,Legitimate
T103472,2024-01-09 08:52:00,75.27,0.077441,7.74,0,Low,Legitimate
T103473,2024-02-17 12:50:00,96.22,0.071892,7.19,0,Low,Legitimate
T103474,2023-10-27 22:24:00,145.69,0.071892,7.19,0,Low,Legitimate
T103475,2023-08-14 08:55:00,129.89,0.074782,7.48,0,Low,Legitimate
T103476,2024-02-01 05:12:00,259.37,0.726314,72.63,1,High,Fraud
T103477,2023-05-07 02:50:00,61.42,0.698718,69.87,1,High,Fraud
T103478,2024-01-04 07:12:00,53.63,0.076608,7.66,0,Low,Legitimate
T103479,2023-09-10 13:51:00,41.12,0.073653,7.37,0,Low,Legitimate
T103480,2023-04-19 23:46:00,13.35,0.071892,7.19,0,Low,Legitimate
T103481,2023-05-02 15:27:00,68.0,0.073653,7.37,0,Low,Legitimate
T103482,2023-10-12 06:30:00,25.95,0.086287,8.63,0,Low,Legitimate
T103483,2023-01-11 23:17:00,203.38,0.711224,71.12,1,High,Fraud
T103484,2023-02-04 17:14:00,70.01,0.073653,7.37,0,Low,Legitimate
T103485,2023-03-28 21:42:00,71.88,0.071892,7.19,0,Low,Legitimate
T103486,2024-01-19 19:14:00,35.07,0.071892,7.19,0,Low,Legitimate
T103487,2023-08-03 21:04:00,4.27,0.073653,7.37,0,Low,Legitimate
T103488,2024-02-12 17:37:00,2.58,0.072896,7.29,0,Low,Legitimate
T103489,2023-07-12 00:00:00,44.04,0.703679,70.37,1,High,Fraud
T103490,2023-08-28 03:02:00,7.07,0.678536,67.85,0,Medium,Legitimate
T103491,2023-12-14 05:29:00,74.68,0.692829,69.28,1,High,Fraud
T103492,2023-11-21 12:10:00,170.27,0.071892,7.19,0,Low,Legitimate
T103493,2023-07-05 22:10:00,171.59,0.073653,7.37,0,Low,Legitimate
T103494,2023-11-21 10:18:00,86.08,0.072677,7.27,0,Low,Legitimate
T103495,2023-01-23 04:43:00,18.98,0.680419,68.04,0,Medium,Legitimate
T103496,2023-11-15 22:50:00,159.02,0.072677,7.27,0,Low,Legitimate
T103497,2023-07-12 14:25:00,173.79,0.072896,7.29,0,Low,Legitimate
T103498,2024-01-25 18:07:00,17.52,0.071892,7.19,0,Low,Legitimate
T103499,2023-02-02 08:21:00,106.98,0.822051,82.21,1,High,Fraud
T103500,2023-01-26 03:09:00,27.01,0.677966,67.8,0,Medium,Legitimate
T103501,2024-02-08 00:09:00,129.82,0.721524,72.15,1,High,Fraud
T103502,2023-05-03 06:56:00,471.34,0.085972,8.6,0,Low,Legitimate
T103503,2024-02-09 06:28:00,2.44,0.082217,8.22,0,Low,Legitimate
T103504,2023-07-12 06:20:00,182.13,0.087512,8.75,0,Low,Legitimate
T103505,2023-02-14 12:01:00,77.96,0.071892,7.19,0,Low,Legitimate
T103506,2024-02-20 14:33:00,290.1,0.071892,7.19,0,Low,Legitimate
T103507,2023-09-10 04:12:00,50.04,0.725842,72.58,1,High,Fraud
T103508,2023-08-02 07:55:00,150.39,0.076608,7.66,0,Low,Legitimate
T103509,2023-08-30 06:59:00,5.15,0.085225,8.52,0,Low,Legitimate
T103510,2023-06-06 14:52:00,32.67,0.073653,7.37,0,Low,Legitimate
T103511,2023-01-11 09:09:00,5.55,0.719986,72.0,1,High,Fraud
T103512,2023-10-18 05:11:00,296.22,0.694948,69.49,1,High,Fraud
T103513,2023-08-09 07:39:00,135.85,0.076608,7.66,0,Low,Legitimate
T103514,2023-08-11 16:06:00,153.14,0.072896,7.29,0,Low,Legitimate
T103515,2023-05-10 05:49:00,222.4,0.71897,71.9,1,High,Fraud
T103516,2024-01-27 20:02:00,7.12,0.071892,7.19,0,Low,Legitimate
T103517,2024-01-31 09:28:00,38.97,0.071892,7.19,0,Low,Legitimate
T103518,2023-07-03 06:45:00,5.89,0.087553,8.76,0,Low,Legitimate
T103519,2023-07-11 05:35:00,18.94,0.72278,72.28,1,High,Fraud
T103520,2024-01-15 13:50:00,20.84,0.071892,7.19,0,Low,Legitimate
T103521,2023-12-18 10:13:00,50.66,0.071892,7.19,0,Low,Legitimate
T103522,2023-05-31 17:52:00,25.02,0.071892,7.19,0,Low,Legitimate
T103523,2023-12-05 17:00:00,8.52,0.073653,7.37,0,Low,Legitimate
T103524,2023-04-14 10:25:00,14.66,0.071892,7.19,0,Low,Legitimate
T103525,2023-02-24 22:13:00,12.75,0.071892,7.19,0,Low,Legitimate
T103526,2023-07-13 01:14:00,289.18,0.710475,71.05,1,High,Fraud
T103527,2023-02-15 22:00:00,113.93,0.071892,7.19,0,Low,Legitimate
T103528,2023-07-18 17:18:00,274.77,0.072677,7.27,0,Low,Legitimate
T103529,2023-06-20 01:45:00,46.35,0.863804,86.38,1,High,Fraud
T103530,2023-08-13 18:58:00,26.1,0.072896,7.29,0,Low,Legitimate
T103531,2023-05-23 17:20:00,128.08,0.071892,7.19,0,Low,Legitimate
T103532,2023-07-17 18:41:00,31.59,0.071892,7.19,0,Low,Legitimate
T103533,2023-06-22 18:47:00,28.46,0.071892,7.19,0,Low,Legitimate
T103534,2024-02-01 20:39:00,21.17,0.073653,7.37,0,Low,Legitimate
T103535,2023-12-16 13:10:00,11.11,0.072677,7.27,0,Low,Legitimate
T103536,2023-03-12 05:34:00,23.71,0.692312,69.23,1,High,Fraud
T103537,2023-08-11 14:07:00,35.12,0.072896,7.29,0,Low,Legitimate
T103538,2023-10-17 22:14:00,89.67,0.071892,7.19,0,Low,Legitimate
T103539,2023-07-24 11:58:00,5.17,0.716913,71.69,1,High,Fraud
T103540,2023-01-04 08:53:00,18.91,0.73202,73.2,1,High,Fraud
T103541,2023-07-30 11:29:00,132.45,0.071892,7.19,0,Low,Legitimate
T103542,2023-01-17 02:54:00,12.71,0.686987,68.7,0,Medium,Legitimate
T103543,2023-04-22 20:40:00,33.56,0.071892,7.19,0,Low,Legitimate
T103544,2023-09-11 11:58:00,160.0,0.072896,7.29,0,Low,Legitimate
T103545,2024-01-28 05:30:00,13.47,0.694393,69.44,1,High,Fraud
T103546,2023-08-11 01:31:00,6.91,0.663189,66.32,0,Medium,Legitimate
T103547,2023-10-18 00:34:00,53.02,0.68683,68.68,0,Medium,Legitimate
T103548,2023-01-31 19:05:00,28.81,0.071892,7.19,0,Low,Legitimate
T103549,2023-12-18 23:29:00,66.3,0.757651,75.77,1,High,Fraud
T103550,2023-11-09 03:58:00,130.29,0.683105,68.31,0,Medium,Legitimate
T103551,2023-10-03 21:47:00,11.8,0.073653,7.37,0,Low,Legitimate
T103552,2023-01-03 07:52:00,69.53,0.076608,7.66,0,Low,Legitimate
T103553,2023-07-11 02:45:00,56.34,0.74225,74.23,1,High,Fraud
T103554,2023-04-11 07:22:00,12.45,0.075824,7.58,0,Low,Legitimate
T103555,2023-06-17 16:44:00,78.25,0.071892,7.19,0,Low,Legitimate
T103556,2023-04-09 08:43:00,25.58,0.733249,73.32,1,High,Fraud
T103557,2023-04-04 14:14:00,53.53,0.073653,7.37,0,Low,Legitimate
T103558,2023-01-30 05:29:00,6.87,0.674607,67.46,0,Medium,Legitimate
T103559,2023-11-20 19:27:00,49.23,0.072677,7.27,0,Low,Legitimate
T103560,2023-02-27 08:23:00,29.28,0.074782,7.48,0,Low,Legitimate
T103561,2023-02-21 03:47:00,138.25,0.698067,69.81,1,High,Fraud
T103562,2023-01-03 00:44:00,4.69,0.874229,87.42,1,High,Fraud
T103563,2023-06-08 18:10:00,43.39,0.073653,7.37,0,Low,Legitimate
T103564,2023-03-09 16:59:00,49.06,0.073653,7.37,0,Low,Legitimate
T103565,2023-11-18 14:12:00,103.28,0.071892,7.19,0,Low,Legitimate
T103566,2023-12-09 02:59:00,68.32,0.851215,85.12,1,High,Fraud
T103567,2023-11-04 15:31:00,88.02,0.073653,7.37,0,Low,Legitimate
T103568,2023-02-17 21:26:00,120.06,0.071892,7.19,0,Low,Legitimate
T103569,2023-09-29 22:02:00,158.56,0.071892,7.19,0,Low,Legitimate
T103570,2023-05-28 13:58:00,30.14,0.071892,7.19,0,Low,Legitimate
T103571,2023-09-30 04:54:00,61.78,0.689305,68.93,0,Medium,Legitimate
T103572,2023-09-12 23:36:00,146.66,0.072896,7.29,0,Low,Legitimate
T103573,2023-10-08 07:07:00,364.14,0.076608,7.66,0,Low,Legitimate
T103574,2023-01-09 09:09:00,176.23,0.073653,7.37,0,Low,Legitimate
T103575,2023-08-18 04:19:00,37.15,0.647246,64.72,0,Medium,Legitimate
T103576,2023-05-16 19:01:00,17.37,0.071892,7.19,0,Low,Legitimate
T103577,2023-01-12 09:29:00,53.77,0.072896,7.29,0,Low,Legitimate
T103578,2023-05-27 02:28:00,108.27,0.68762,68.76,0,Medium,Legitimate
T103579,2024-02-06 02:04:00,54.27,0.71087,71.09,1,High,Fraud
T103580,2023-03-15 23:25:00,52.8,0.071892,7.19,0,Low,Legitimate
T103581,2023-08-14 18:40:00,145.73,0.071892,7.19,0,Low,Legitimate
T103582,2023-05-31 05:53:00,35.88,0.68403,68.4,0,Medium,Legitimate
T103583,2024-02-12 09:51:00,157.17,0.072896,7.29,0,Low,Legitimate
T103584,2023-06-13 20:12:00,41.78,0.718571,71.86,1,High,Fraud
T103585,2023-04-14 03:40:00,31.83,0.682026,68.2,0,Medium,Legitimate
T103586,2023-07-21 12:57:00,48.41,0.072677,7.27,0,Low,Legitimate
T103587,2023-04-28 10:16:00,114.99,0.071892,7.19,0,Low,Legitimate
T103588,2023-07-19 12:53:00,10.77,0.071892,7.19,0,Low,Legitimate
T103589,2023-03-31 14:41:00,17.49,0.071892,7.19,0,Low,Legitimate
T103590,2023-08-01 12:25:00,242.0,0.073653,7.37,0,Low,Legitimate
T103591,2023-02-18 06:05:00,15.44,0.086752,8.68,0,Low,Legitimate
T103592,2023-08-25 03:37:00,67.1,0.663664,66.37,0,Medium,Legitimate
T103593,2023-01-12 22:58:00,69.27,0.072896,7.29,0,Low,Legitimate
T103594,2023-07-16 14:08:00,53.81,0.072677,7.27,0,Low,Legitimate
T103595,2024-02-06 01:54:00,82.79,0.714295,71.43,1,High,Fraud
T103596,2024-01-13 08:04:00,20.89,0.075824,7.58,0,Low,Legitimate
T103597,2023-10-31 18:55:00,64.36,0.071892,7.19,0,Low,Legitimate
T103598,2023-06-03 01:21:00,37.24,0.68743,68.74,0,Medium,Legitimate
T103599,2023-02-21 18:29:00,86.7,0.071892,7.19,0,Low,Legitimate
T103600,2023-11-26 02:29:00,12.18,0.676136,67.61,0,Medium,Legitimate
T103601,2023-03-03 11:51:00,67.68,0.073653,7.37,0,Low,Legitimate
T103602,2023-06-16 10:22:00,16.39,0.684199,68.42,0,Medium,Legitimate
T103603,2023-06-01 21:45:00,26.13,0.073653,7.37,0,Low,Legitimate
T103604,2023-10-13 22:31:00,19.74,0.072896,7.29,0,Low,Legitimate
T103605,2023-01-30 18:15:00,16.15,0.071892,7.19,0,Low,Legitimate
T103606,2023-03-08 19:53:00,139.76,0.72366,72.37,1,High,Fraud
T103607,2023-08-04 23:18:00,26.92,0.074456,7.45,0,Low,Legitimate
T103608,2023-04-26 10:55:00,209.52,0.071892,7.19,0,Low,Legitimate
T103609,2023-12-11 17:54:00,280.33,0.072896,7.29,0,Low,Legitimate
T103610,2023-11-19 18:08:00,67.75,0.071892,7.19,0,Low,Legitimate
T103611,2023-05-09 14:34:00,12.35,0.073653,7.37,0,Low,Legitimate
T103612,2023-10-23 05:32:00,37.54,0.679193,67.92,0,Medium,Legitimate
T103613,2023-03-02 14:37:00,127.85,0.073653,7.37,0,Low,Legitimate
T103614,2023-09-13 13:15:00,36.63,0.072896,7.29,0,Low,Legitimate
T103615,2023-10-31 06:15:00,7.28,0.085225,8.52,0,Low,Legitimate
T103616,2023-06-24 03:27:00,65.1,0.692004,69.2,1,High,Fraud
T103617,2024-01-31 09:15:00,149.21,0.694795,69.48,1,High,Fraud
T103618,2023-05-19 04:34:00,127.14,0.853978,85.4,1,High,Fraud
T103619,2024-02-17 18:25:00,15.4,0.071892,7.19,0,Low,Legitimate
T103620,2023-04-05 16:29:00,89.37,0.733838,73.38,1,High,Fraud
T103621,2023-01-10 18:10:00,19.93,0.073653,7.37,0,Low,Legitimate
T103622,2023-09-19 10:57:00,19.69,0.071892,7.19,0,Low,Legitimate
T103623,2023-11-12 16:36:00,165.76,0.073692,7.37,0,Low,Legitimate
T103624,2023-10-16 09:42:00,22.98,0.071892,7.19,0,Low,Legitimate
T103625,2023-12-30 08:40:00,24.44,0.812194,81.22,1,High,Fraud
T103626,2023-07-27 16:01:00,0.05,0.072677,7.27,0,Low,Legitimate
T103627,2023-02-11 02:33:00,163.63,0.69336,69.34,1,High,Fraud
T103628,2023-01-31 09:36:00,125.85,0.071892,7.19,0,Low,Legitimate
T103629,2023-04-03 06:52:00,78.96,0.087512,8.75,0,Low,Legitimate
T103630,2024-01-20 21:21:00,110.99,0.071892,7.19,0,Low,Legitimate
T103631,2023-02-07 10:50:00,13.19,0.073653,7.37,0,Low,Legitimate
T103632,2023-03-08 05:51:00,49.05,0.717685,71.77,1,High,Fraud
T103633,2023-12-22 02:35:00,34.61,0.667246,66.72,0,Medium,Legitimate
T103634,2023-09-03 18:22:00,7.88,0.073653,7.37,0,Low,Legitimate
T103635,2023-06-30 08:11:00,53.26,0.074782,7.48,0,Low,Legitimate
T103636,2023-10-30 23:22:00,202.8,0.072677,7.27,0,Low,Legitimate
T103637,2023-04-01 15:55:00,3.27,0.073653,7.37,0,Low,Legitimate
T103638,2023-08-18 10:25:00,27.56,0.072677,7.27,0,Low,Legitimate
T103639,2023-03-24 00:12:00,18.61,0.66406,66.41,0,Medium,Legitimate
T103640,2023-05-09 13:03:00,21.76,0.073653,7.37,0,Low,Legitimate
T103641,2024-01-24 03:03:00,191.26,0.803166,80.32,1,High,Fraud
T103642,2024-02-08 03:43:00,50.5,0.70706,70.71,1,High,Fraud
T103643,2023-11-26 21:46:00,50.23,0.071892,7.19,0,Low,Legitimate
T103644,2023-04-18 01:28:00,114.36,0.845118,84.51,1,High,Fraud
T103645,2023-08-03 19:44:00,13.43,0.073653,7.37,0,Low,Legitimate
T103646,2023-09-03 03:11:00,53.44,0.816928,81.69,1,High,Fraud
T103647,2024-02-09 20:51:00,44.97,0.073653,7.37,0,Low,Legitimate
T103648,2023-12-01 20:07:00,72.69,0.074456,7.45,0,Low,Legitimate
T103649,2024-01-08 13:07:00,617.88,0.073653,7.37,0,Low,Legitimate
T103650,2023-10-22 11:24:00,117.38,0.071892,7.19,0,Low,Legitimate
T103651,2023-09-25 14:31:00,40.58,0.792673,79.27,1,High,Fraud
T103652,2023-07-30 17:41:00,140.61,0.071892,7.19,0,Low,Legitimate
T103653,2023-07-13 06:51:00,14.97,0.086287,8.63,0,Low,Legitimate
T103654,2023-01-30 06:29:00,2.47,0.086752,8.68,0,Low,Legitimate
T103655,2023-01-19 16:02:00,18.3,0.071892,7.19,0,Low,Legitimate
T103656,2024-01-30 18:09:00,33.29,0.072677,7.27,0,Low,Legitimate
T103657,2023-03-29 17:04:00,57.16,0.071892,7.19,0,Low,Legitimate
T103658,2023-02-24 20:42:00,76.39,0.071892,7.19,0,Low,Legitimate
T103659,2023-06-20 22:04:00,193.18,0.071892,7.19,0,Low,Legitimate
T103660,2023-06-18 19:22:00,57.04,0.072677,7.27,0,Low,Legitimate
T103661,2023-11-04 05:49:00,55.66,0.703273,70.33,1,High,Fraud
T103662,2023-05-08 07:51:00,4.12,0.07822,7.82,0,Low,Legitimate
T103663,2023-06-15 11:32:00,2.84,0.071892,7.19,0,Low,Legitimate
T103664,2023-09-07 01:25:00,64.09,0.703252,70.33,1,High,Fraud
T103665,2024-01-23 17:55:00,46.13,0.071892,7.19,0,Low,Legitimate
T103666,2023-05-13 05:57:00,146.2,0.707684,70.77,1,High,Fraud
T103667,2023-07-06 01:29:00,14.01,0.699918,69.99,1,High,Fraud
T103668,2023-09-04 09:24:00,2.02,0.073653,7.37,0,Low,Legitimate
T103669,2023-08-25 00:00:00,47.69,0.683314,68.33,0,Medium,Legitimate
T103670,2023-02-05 06:13:00,21.69,0.085225,8.52,0,Low,Legitimate
T103671,2023-03-16 17:37:00,4.07,0.072677,7.27,0,Low,Legitimate
T103672,2023-04-12 01:05:00,103.16,0.686058,68.61,0,Medium,Legitimate
T103673,2023-04-27 01:07:00,9.47,0.798368,79.84,1,High,Fraud
T103674,2023-04-12 15:31:00,74.98,0.073692,7.37,0,Low,Legitimate
T103675,2023-05-23 16:52:00,26.4,0.071892,7.19,0,Low,Legitimate
T103676,2023-08-29 06:01:00,15.24,0.085225,8.52,0,Low,Legitimate
T103677,2024-02-04 14:00:00,38.21,0.073653,7.37,0,Low,Legitimate
T103678,2023-01-24 10:16:00,129.34,0.071892,7.19,0,Low,Legitimate
T103679,2023-02-02 06:12:00,39.82,0.086287,8.63,0,Low,Legitimate
T103680,2023-01-21 10:20:00,111.15,0.071892,7.19,0,Low,Legitimate
T103681,2023-08-31 18:09:00,10.73,0.071892,7.19,0,Low,Legitimate
T103682,2024-02-04 20:14:00,118.54,0.073653,7.37,0,Low,Legitimate
T103683,2023-05-23 05:34:00,21.63,0.700627,70.06,1,High,Fraud
T103684,2024-01-19 23:45:00,90.51,0.071892,7.19,0,Low,Legitimate
T103685,2023-07-26 05:48:00,66.74,0.695427,69.54,1,High,Fraud
T103686,2023-12-03 01:37:00,211.77,0.695112,69.51,1,High,Fraud
T103687,2023-12-31 23:44:00,39.19,0.071892,7.19,0,Low,Legitimate
T103688,2023-12-24 02:32:00,5.48,0.662469,66.25,0,Medium,Legitimate
T103689,2023-01-26 23:29:00,1.55,0.071892,7.19,0,Low,Legitimate
T103690,2023-11-07 18:36:00,140.29,0.074456,7.45,0,Low,Legitimate
T103691,2024-01-28 20:35:00,59.51,0.071892,7.19,0,Low,Legitimate
T103692,2023-06-11 16:01:00,119.42,0.072896,7.29,0,Low,Legitimate
T103693,2023-07-19 07:09:00,21.37,0.075537,7.55,0,Low,Legitimate
T103694,2024-01-25 07:58:00,33.86,0.075537,7.55,0,Low,Legitimate
T103695,2024-01-25 04:38:00,2.45,0.654159,65.42,0,Medium,Legitimate
T103696,2024-01-15 07:36:00,260.55,0.075537,7.55,0,Low,Legitimate
T103697,2023-10-21 07:10:00,88.18,0.074782,7.48,0,Low,Legitimate
T103698,2023-02-13 11:15:00,216.49,0.072896,7.29,0,Low,Legitimate
T103699,2023-04-13 06:03:00,24.68,0.73099,73.1,1,High,Fraud
T103700,2023-11-01 00:16:00,75.63,0.721467,72.15,1,High,Fraud
T103701,2023-07-19 04:55:00,90.78,0.683148,68.31,0,Medium,Legitimate
T103702,2023-12-19 02:22:00,30.57,0.794595,79.46,1,High,Fraud
T103703,2023-02-08 03:10:00,150.77,0.723705,72.37,1,High,Fraud
T103704,2023-10-17 12:59:00,235.24,0.071892,7.19,0,Low,Legitimate
T103705,2023-08-17 08:57:00,172.93,0.074782,7.48,0,Low,Legitimate
T103706,2023-01-21 00:10:00,107.48,0.681764,68.18,0,Medium,Legitimate
T103707,2023-12-14 05:22:00,26.0,0.698214,69.82,1,High,Fraud
T103708,2023-05-22 14:01:00,26.46,0.071892,7.19,0,Low,Legitimate
T103709,2024-01-04 09:51:00,264.53,0.073653,7.37,0,Low,Legitimate
T103710,2024-02-07 20:46:00,0.83,0.073653,7.37,0,Low,Legitimate
T103711,2023-07-24 22:27:00,100.72,0.725838,72.58,1,High,Fraud
T103712,2023-10-05 12:00:00,98.0,0.073653,7.37,0,Low,Legitimate
T103713,2023-05-07 15:59:00,77.97,0.074456,7.45,0,Low,Legitimate
T103714,2024-01-15 06:29:00,369.29,0.08738,8.74,0,Low,Legitimate
T103715,2023-02-24 09:41:00,29.9,0.071892,7.19,0,Low,Legitimate
T103716,2023-06-20 05:02:00,33.24,0.690039,69.0,1,High,Fraud
T103717,2023-10-07 21:48:00,6.58,0.073653,7.37,0,Low,Legitimate
T103718,2023-02-02 04:26:00,46.79,0.715282,71.53,1,High,Fraud
T103719,2023-03-20 02:26:00,24.2,0.668482,66.85,0,Medium,Legitimate
T103720,2023-09-24 17:22:00,33.65,0.071892,7.19,0,Low,Legitimate
T103721,2023-09-21 05:05:00,143.94,0.690806,69.08,1,High,Fraud
T103722,2024-01-08 03:26:00,219.27,0.72053,72.05,1,High,Fraud
T103723,2023-02-18 10:05:00,16.44,0.071892,7.19,0,Low,Legitimate
T103724,2023-03-01 10:37:00,37.28,0.72662,72.66,1,High,Fraud
T103725,2024-02-18 02:46:00,211.19,0.691728,69.17,1,High,Fraud
T103726,2023-09-21 00:45:00,5.1,0.677026,67.7,0,Medium,Legitimate
T103727,2023-09-26 14:53:00,7.75,0.071892,7.19,0,Low,Legitimate
T103728,2023-11-20 03:06:00,14.21,0.685862,68.59,0,Medium,Legitimate
T103729,2023-09-13 10:47:00,72.35,0.072896,7.29,0,Low,Legitimate
T103730,2023-04-25 07:45:00,13.05,0.074782,7.48,0,Low,Legitimate
T103731,2023-07-02 11:38:00,275.55,0.830834,83.08,1,High,Fraud
T103732,2023-11-20 11:39:00,47.35,0.071892,7.19,0,Low,Legitimate
T103733,2023-10-11 21:03:00,55.7,0.072896,7.29,0,Low,Legitimate
T103734,2023-09-04 01:14:00,22.66,0.686493,68.65,0,Medium,Legitimate
T103735,2024-02-07 12:59:00,50.94,0.073653,7.37,0,Low,Legitimate
T103736,2023-08-16 20:47:00,86.76,0.071892,7.19,0,Low,Legitimate
T103737,2024-01-28 20:44:00,111.28,0.071892,7.19,0,Low,Legitimate
T103738,2024-02-10 04:36:00,112.15,0.841909,84.19,1,High,Fraud
T103739,2023-07-18 01:02:00,69.0,0.701999,70.2,1,High,Fraud
T103740,2023-11-04 10:20:00,187.77,0.073653,7.37,0,Low,Legitimate
T103741,2024-01-26 14:53:00,136.04,0.072677,7.27,0,Low,Legitimate
T103742,2023-07-28 15:30:00,113.19,0.072677,7.27,0,Low,Legitimate
T103743,2023-04-16 02:55:00,4.58,0.681582,68.16,0,Medium,Legitimate
T103744,2023-06-15 15:22:00,0.55,0.071892,7.19,0,Low,Legitimate
T103745,2023-06-12 19:24:00,19.11,0.072896,7.29,0,Low,Legitimate
T103746,2023-11-05 18:09:00,87.14,0.073653,7.37,0,Low,Legitimate
T103747,2023-01-14 02:50:00,42.37,0.679656,67.97,0,Medium,Legitimate
T103748,2023-12-13 17:38:00,41.19,0.073692,7.37,0,Low,Legitimate
T103749,2023-01-07 08:36:00,172.74,0.076608,7.66,0,Low,Legitimate
T103750,2023-02-06 23:46:00,180.73,0.073653,7.37,0,Low,Legitimate
T103751,2023-01-23 23:19:00,191.91,0.071892,7.19,0,Low,Legitimate
T103752,2023-10-19 15:33:00,30.14,0.820247,82.02,1,High,Fraud
T103753,2024-02-20 18:18:00,93.97,0.071892,7.19,0,Low,Legitimate
T103754,2023-03-17 18:51:00,25.36,0.071892,7.19,0,Low,Legitimate
T103755,2024-01-14 17:22:00,16.92,0.071892,7.19,0,Low,Legitimate
T103756,2023-08-05 22:33:00,16.33,0.073653,7.37,0,Low,Legitimate
T103757,2023-04-02 06:17:00,33.5,0.085225,8.52,0,Low,Legitimate
T103758,2023-03-28 05:29:00,44.96,0.69492,69.49,1,High,Fraud
T103759,2023-07-18 11:26:00,142.2,0.071892,7.19,0,Low,Legitimate
T103760,2023-08-19 03:30:00,10.22,0.670286,67.03,0,Medium,Legitimate
T103761,2023-03-22 17:21:00,106.22,0.071892,7.19,0,Low,Legitimate
T103762,2023-10-19 17:18:00,60.65,0.071892,7.19,0,Low,Legitimate
T103763,2023-12-26 18:09:00,27.17,0.071892,7.19,0,Low,Legitimate
T103764,2023-11-01 06:59:00,54.31,0.085972,8.6,0,Low,Legitimate
T103765,2023-06-09 20:34:00,28.53,0.073653,7.37,0,Low,Legitimate
T103766,2023-03-28 06:57:00,72.52,0.086897,8.69,0,Low,Legitimate
T103767,2023-10-23 11:59:00,45.51,0.713437,71.34,1,High,Fraud
T103768,2023-11-27 14:54:00,14.37,0.071892,7.19,0,Low,Legitimate
T103769,2023-04-12 05:23:00,9.92,0.693545,69.35,1,High,Fraud
T103770,2023-05-31 03:26:00,63.3,0.695323,69.53,1,High,Fraud
T103771,2023-12-13 17:47:00,186.16,0.072896,7.29,0,Low,Legitimate
T103772,2023-09-27 00:06:00,33.72,0.696403,69.64,1,High,Fraud
T103773,2023-06-10 15:31:00,105.64,0.074456,7.45,0,Low,Legitimate
T103774,2023-07-26 09:47:00,85.99,0.071892,7.19,0,Low,Legitimate
T103775,2023-08-14 18:07:00,214.54,0.071892,7.19,0,Low,Legitimate
T103776,2024-02-11 20:00:00,137.62,0.072896,7.29,0,Low,Legitimate
T103777,2023-04-13 16:43:00,66.89,0.072896,7.29,0,Low,Legitimate
T103778,2023-12-12 09:51:00,85.61,0.072896,7.29,0,Low,Legitimate
T103779,2023-01-04 00:49:00,182.93,0.812413,81.24,1,High,Fraud
T103780,2023-06-19 13:52:00,40.8,0.071892,7.19,0,Low,Legitimate
T103781,2023-03-22 11:39:00,31.66,0.071892,7.19,0,Low,Legitimate
T103782,2023-01-25 00:43:00,0.87,0.557743,55.77,0,Medium,Legitimate
T103783,2023-11-25 15:21:00,140.15,0.072677,7.27,0,Low,Legitimate
T103784,2023-05-25 20:45:00,129.15,0.071892,7.19,0,Low,Legitimate
T103785,2023-03-10 20:57:00,8.83,0.074456,7.45,0,Low,Legitimate
T103786,2023-12-16 09:06:00,68.8,0.071892,7.19,0,Low,Legitimate
T103787,2023-11-18 18:15:00,49.89,0.711177,71.12,1,High,Fraud
T103788,2023-05-15 11:11:00,10.11,0.071892,7.19,0,Low,Legitimate
T103789,2023-11-11 18:10:00,315.27,0.072896,7.29,0,Low,Legitimate
T103790,2023-07-28 00:07:00,19.33,0.674724,67.47,0,Medium,Legitimate
T103791,2023-12-21 12:17:00,5.57,0.707371,70.74,1,High,Fraud
T103792,2023-01-31 15:41:00,72.28,0.071892,7.19,0,Low,Legitimate
T103793,2023-07-31 14:12:00,107.42,0.071892,7.19,0,Low,Legitimate
T103794,2023-07-19 10:30:00,2.64,0.071892,7.19,0,Low,Legitimate
T103795,2023-09-15 05:10:00,86.0,0.678021,67.8,0,Medium,Legitimate
T103796,2023-03-13 00:09:00,60.79,0.703728,70.37,1,High,Fraud
T103797,2023-07-19 23:26:00,8.72,0.071892,7.19,0,Low,Legitimate
T103798,2023-10-16 05:11:00,15.15,0.694582,69.46,1,High,Fraud
T103799,2023-10-09 16:10:00,67.14,0.074456,7.45,0,Low,Legitimate
T103800,2023-05-21 13:34:00,28.12,0.071892,7.19,0,Low,Legitimate
T103801,2023-01-04 22:19:00,222.86,0.809061,80.91,1,High,Fraud
T103802,2023-02-11 17:17:00,136.63,0.072896,7.29,0,Low,Legitimate
T103803,2023-03-20 18:00:00,328.68,0.071892,7.19,0,Low,Legitimate
T103804,2024-01-15 12:40:00,24.05,0.071892,7.19,0,Low,Legitimate
T103805,2024-02-01 08:12:00,279.79,0.076608,7.66,0,Low,Legitimate
T103806,2023-05-14 09:58:00,45.14,0.071892,7.19,0,Low,Legitimate
T103807,2023-07-18 12:33:00,34.16,0.071892,7.19,0,Low,Legitimate
T103808,2024-02-13 05:06:00,4.13,0.689978,69.0,0,Medium,Legitimate
T103809,2024-01-15 23:57:00,4.34,0.071892,7.19,0,Low,Legitimate
T103810,2023-05-31 01:47:00,94.22,0.69488,69.49,1,High,Fraud
T103811,2023-05-25 02:45:00,48.99,0.686529,68.65,0,Medium,Legitimate
T103812,2023-02-23 06:34:00,20.55,0.086287,8.63,0,Low,Legitimate
T103813,2023-07-21 05:56:00,76.15,0.682334,68.23,0,Medium,Legitimate
T103814,2023-08-14 06:37:00,23.32,0.085225,8.52,0,Low,Legitimate
T103815,2023-05-01 21:15:00,68.95,0.735324,73.53,1,High,Fraud
T103816,2023-11-04 14:53:00,35.6,0.074456,7.45,0,Low,Legitimate
T103817,2023-08-04 11:26:00,138.78,0.073653,7.37,0,Low,Legitimate
T103818,2023-03-06 00:55:00,137.49,0.721467,72.15,1,High,Fraud
T103819,2023-10-04 16:41:00,51.91,0.786712,78.67,1,High,Fraud
T103820,2023-11-30 04:40:00,34.56,0.693035,69.3,1,High,Fraud
T103821,2023-04-24 07:51:00,36.02,0.075537,7.55,0,Low,Legitimate
T103822,2023-10-24 23:13:00,131.07,0.071892,7.19,0,Low,Legitimate
T103823,2023-06-27 17:43:00,31.82,0.072677,7.27,0,Low,Legitimate
T103824,2023-12-15 00:31:00,18.76,0.682853,68.29,0,Medium,Legitimate
T103825,2023-02-13 05:13:00,7.08,0.688175,68.82,0,Medium,Legitimate
T103826,2023-07-05 05:05:00,50.29,0.833079,83.31,1,High,Fraud
T103827,2024-02-12 19:06:00,52.64,0.072896,7.29,0,Low,Legitimate
T103828,2023-01-27 07:30:00,147.06,0.074782,7.48,0,Low,Legitimate
T103829,2023-11-08 11:59:00,20.0,0.073653,7.37,0,Low,Legitimate
T103830,2023-12-15 21:13:00,38.37,0.071892,7.19,0,Low,Legitimate
T103831,2023-01-29 03:07:00,132.19,0.712537,71.25,1,High,Fraud
T103832,2023-10-01 05:37:00,138.81,0.707558,70.76,1,High,Fraud
T103833,2023-12-31 14:02:00,38.84,0.071892,7.19,0,Low,Legitimate
T103834,2024-01-03 00:03:00,49.17,0.722284,72.23,1,High,Fraud
T103835,2023-04-13 11:19:00,28.91,0.072896,7.29,0,Low,Legitimate
T103836,2023-05-19 18:04:00,215.72,0.072677,7.27,0,Low,Legitimate
T103837,2024-01-06 12:02:00,10.1,0.073653,7.37,0,Low,Legitimate
T103838,2023-09-18 13:57:00,217.14,0.071892,7.19,0,Low,Legitimate
T103839,2023-05-21 05:31:00,92.13,0.710214,71.02,1,High,Fraud
T103840,2024-01-06 13:09:00,60.67,0.073653,7.37,0,Low,Legitimate
T103841,2023-12-27 16:28:00,2.66,0.785968,78.6,1,High,Fraud
T103842,2024-01-03 22:14:00,51.64,0.073653,7.37,0,Low,Legitimate
T103843,2024-02-18 13:00:00,41.91,0.072677,7.27,0,Low,Legitimate
T103844,2023-02-21 15:05:00,14.06,0.071892,7.19,0,Low,Legitimate
T103845,2023-05-04 08:26:00,85.46,0.076608,7.66,0,Low,Legitimate
T103846,2023-08-12 16:09:00,283.65,0.072896,7.29,0,Low,Legitimate
T103847,2023-06-24 09:01:00,66.08,0.071892,7.19,0,Low,Legitimate
T103848,2023-10-07 02:21:00,100.35,0.7015,70.15,1,High,Fraud
T103849,2023-10-16 01:35:00,5.67,0.683099,68.31,0,Medium,Legitimate
T103850,2023-03-17 23:52:00,43.26,0.071892,7.19,0,Low,Legitimate
T103851,2023-08-07 03:02:00,9.9,0.704577,70.46,1,High,Fraud
T103852,2023-06-27 09:13:00,75.9,0.071892,7.19,0,Low,Legitimate
T103853,2023-07-25 18:11:00,223.07,0.821125,82.11,1,High,Fraud
T103854,2023-04-19 23:07:00,86.72,0.071892,7.19,0,Low,Legitimate
T103855,2023-06-01 14:43:00,6.39,0.073653,7.37,0,Low,Legitimate
T103856,2023-12-09 12:46:00,35.04,0.073653,7.37,0,Low,Legitimate
T103857,2023-12-24 08:54:00,64.0,0.074782,7.48,0,Low,Legitimate
T103858,2023-02-26 17:33:00,41.29,0.071892,7.19,0,Low,Legitimate
T103859,2023-11-21 04:41:00,143.49,0.695787,69.58,1,High,Fraud
T103860,2023-09-13 20:44:00,134.85,0.073692,7.37,0,Low,Legitimate
T103861,2023-09-30 07:31:00,75.71,0.075537,7.55,0,Low,Legitimate
T103862,2023-12-15 01:25:00,37.4,0.650439,65.04,0,Medium,Legitimate
T103863,2023-06-16 00:40:00,23.59,0.666675,66.67,0,Medium,Legitimate
T103864,2023-07-01 13:38:00,8.95,0.073653,7.37,0,Low,Legitimate
T103865,2023-03-26 08:11:00,35.07,0.821897,82.19,1,High,Fraud
T103866,2023-03-22 07:41:00,42.64,0.074782,7.48,0,Low,Legitimate
T103867,2023-10-26 23:17:00,90.12,0.071892,7.19,0,Low,Legitimate
T103868,2023-03-20 01:57:00,85.87,0.790145,79.01,1,High,Fraud
T103869,2024-01-17 01:22:00,5.81,0.674088,67.41,0,Medium,Legitimate
T103870,2023-09-19 12:02:00,40.24,0.071892,7.19,0,Low,Legitimate
T103871,2023-04-27 02:04:00,16.05,0.686038,68.6,0,Medium,Legitimate
T103872,2023-03-12 01:45:00,13.65,0.69328,69.33,1,High,Fraud
T103873,2023-10-07 10:00:00,140.5,0.074456,7.45,0,Low,Legitimate
T103874,2023-10-20 05:09:00,3.43,0.703043,70.3,1,High,Fraud
T103875,2024-01-15 15:16:00,43.47,0.071892,7.19,0,Low,Legitimate
T103876,2023-02-17 10:27:00,14.73,0.071892,7.19,0,Low,Legitimate
T103877,2023-09-26 16:41:00,169.18,0.071892,7.19,0,Low,Legitimate
T103878,2023-05-16 04:40:00,65.14,0.698225,69.82,1,High,Fraud
T103879,2023-04-19 01:44:00,21.05,0.68523,68.52,0,Medium,Legitimate
T103880,2023-03-05 12:06:00,55.84,0.073653,7.37,0,Low,Legitimate
T103881,2023-12-04 12:41:00,105.19,0.073653,7.37,0,Low,Legitimate
T103882,2023-11-15 20:05:00,253.83,0.072677,7.27,0,Low,Legitimate
T103883,2023-04-06 07:09:00,19.92,0.07738,7.74,0,Low,Legitimate
T103884,2024-01-19 08:59:00,173.85,0.075537,7.55,0,Low,Legitimate
T103885,2023-10-11 02:42:00,217.82,0.846057,84.61,1,High,Fraud
T103886,2023-11-21 09:15:00,198.56,0.071892,7.19,0,Low,Legitimate
T103887,2024-01-11 14:05:00,80.72,0.072896,7.29,0,Low,Legitimate
T103888,2023-07-19 06:12:00,79.5,0.085972,8.6,0,Low,Legitimate
T103889,2023-09-17 18:09:00,41.3,0.785313,78.53,1,High,Fraud
T103890,2023-07-02 07:43:00,111.67,0.076608,7.66,0,Low,Legitimate
T103891,2023-03-14 04:06:00,60.62,0.800172,80.02,1,High,Fraud
T103892,2023-06-21 12:40:00,90.52,0.715641,71.56,1,High,Fraud
T103893,2023-11-26 02:45:00,44.75,0.678488,67.85,0,Medium,Legitimate
T103894,2024-01-29 05:55:00,105.19,0.739996,74.0,1,High,Fraud
T103895,2023-12-10 02:58:00,139.2,0.711157,71.12,1,High,Fraud
T103896,2023-01-01 11:51:00,12.67,0.073653,7.37,0,Low,Legitimate
T103897,2023-05-31 23:51:00,143.15,0.071892,7.19,0,Low,Legitimate
T103898,2023-06-19 02:12:00,62.17,0.696519,69.65,1,High,Fraud
T103899,2023-04-11 21:06:00,148.97,0.072896,7.29,0,Low,Legitimate
T103900,2023-10-04 22:48:00,45.15,0.073653,7.37,0,Low,Legitimate
T103901,2023-05-24 00:21:00,38.12,0.682538,68.25,0,Medium,Legitimate
T103902,2023-03-25 00:27:00,197.27,0.678702,67.87,0,Medium,Legitimate
T103903,2024-02-17 11:36:00,23.14,0.071892,7.19,0,Low,Legitimate
T103904,2023-05-12 09:54:00,148.74,0.072896,7.29,0,Low,Legitimate
T103905,2023-08-21 12:13:00,52.94,0.071892,7.19,0,Low,Legitimate
T103906,2023-12-13 02:09:00,57.74,0.700512,70.05,1,High,Fraud
T103907,2023-07-18 08:23:00,29.51,0.075537,7.55,0,Low,Legitimate
T103908,2023-01-29 12:01:00,68.09,0.071892,7.19,0,Low,Legitimate
T103909,2023-06-26 18:56:00,31.47,0.071892,7.19,0,Low,Legitimate
T103910,2023-06-15 14:12:00,3.2,0.071892,7.19,0,Low,Legitimate
T103911,2023-04-02 21:01:00,25.4,0.073653,7.37,0,Low,Legitimate
T103912,2023-09-21 20:44:00,0.51,0.071892,7.19,0,Low,Legitimate
T103913,2023-07-04 13:47:00,306.64,0.073653,7.37,0,Low,Legitimate
T103914,2023-07-02 09:32:00,269.92,0.073653,7.37,0,Low,Legitimate
T103915,2023-03-11 18:38:00,40.22,0.072896,7.29,0,Low,Legitimate
T103916,2023-01-12 20:17:00,104.27,0.073692,7.37,0,Low,Legitimate
T103917,2023-02-06 17:54:00,33.95,0.073653,7.37,0,Low,Legitimate
T103918,2023-12-25 23:20:00,88.96,0.072677,7.27,0,Low,Legitimate
T103919,2023-01-04 06:38:00,130.96,0.085972,8.6,0,Low,Legitimate
T103920,2023-08-19 01:18:00,234.63,0.699783,69.98,1,High,Fraud
T103921,2023-06-13 01:14:00,40.89,0.698567,69.86,1,High,Fraud
T103922,2024-02-11 13:25:00,122.34,0.072896,7.29,0,Low,Legitimate
T103923,2023-01-26 22:29:00,24.73,0.071892,7.19,0,Low,Legitimate
T103924,2024-01-18 08:13:00,371.12,0.074782,7.48,0,Low,Legitimate
T103925,2023-04-24 13:09:00,2.09,0.071892,7.19,0,Low,Legitimate
T103926,2023-05-17 19:45:00,74.01,0.071892,7.19,0,Low,Legitimate
T103927,2023-01-31 19:41:00,86.19,0.800649,80.06,1,High,Fraud
T103928,2023-04-23 11:06:00,93.19,0.071892,7.19,0,Low,Legitimate
T103929,2023-01-29 00:18:00,10.26,0.699045,69.9,1,High,Fraud
T103930,2024-01-01 09:55:00,223.14,0.073653,7.37,0,Low,Legitimate
T103931,2023-01-06 07:44:00,15.99,0.076608,7.66,0,Low,Legitimate
T103932,2024-01-29 20:29:00,77.99,0.071892,7.19,0,Low,Legitimate
T103933,2023-11-05 20:34:00,20.15,0.073653,7.37,0,Low,Legitimate
T103934,2023-01-24 15:52:00,29.36,0.714602,71.46,1,High,Fraud
T103935,2023-08-16 02:58:00,63.25,0.696549,69.65,1,High,Fraud
T103936,2023-08-12 20:18:00,43.19,0.072896,7.29,0,Low,Legitimate
T103937,2023-08-13 18:07:00,13.97,0.073692,7.37,0,Low,Legitimate
T103938,2023-03-06 16:25:00,15.0,0.074456,7.45,0,Low,Legitimate
T103939,2023-02-17 21:55:00,43.32,0.684512,68.45,0,Medium,Legitimate
T103940,2023-07-16 03:15:00,113.27,0.705481,70.55,1,High,Fraud
T103941,2023-12-24 03:05:00,182.59,0.699755,69.98,1,High,Fraud
T103942,2023-10-10 23:26:00,7.03,0.713678,71.37,1,High,Fraud
T103943,2023-09-21 20:18:00,39.95,0.071892,7.19,0,Low,Legitimate
T103944,2023-07-11 19:14:00,8.45,0.072896,7.29,0,Low,Legitimate
T103945,2024-02-19 12:22:00,1.34,0.072677,7.27,0,Low,Legitimate
T103946,2023-10-29 19:47:00,86.71,0.071892,7.19,0,Low,Legitimate
T103947,2023-03-29 00:11:00,73.79,0.694516,69.45,1,High,Fraud
T103948,2023-06-02 01:47:00,14.24,0.665153,66.52,0,Medium,Legitimate
T103949,2023-10-16 11:12:00,21.31,0.823217,82.32,1,High,Fraud
T103950,2023-04-12 14:01:00,1.92,0.072896,7.29,0,Low,Legitimate
T103951,2023-11-24 10:39:00,144.12,0.071892,7.19,0,Low,Legitimate
T103952,2023-11-10 08:20:00,294.13,0.703659,70.37,1,High,Fraud
T103953,2024-01-16 15:12:00,11.64,0.071892,7.19,0,Low,Legitimate
T103954,2023-10-22 22:31:00,21.06,0.071892,7.19,0,Low,Legitimate
T103955,2023-06-18 22:40:00,162.24,0.071892,7.19,0,Low,Legitimate
T103956,2024-01-28 05:25:00,208.8,0.674133,67.41,0,Medium,Legitimate
T103957,2023-01-06 19:00:00,43.53,0.073653,7.37,0,Low,Legitimate
T103958,2023-09-28 18:24:00,4.16,0.071892,7.19,0,Low,Legitimate
T103959,2024-02-11 00:56:00,3.22,0.66604,66.6,0,Medium,Legitimate
T103960,2023-11-10 13:57:00,68.26,0.717427,71.74,1,High,Fraud
T103961,2023-11-24 13:06:00,39.92,0.071892,7.19,0,Low,Legitimate
T103962,2023-09-23 02:42:00,2.33,0.644397,64.44,0,Medium,Legitimate
T103963,2023-04-21 09:12:00,70.02,0.071892,7.19,0,Low,Legitimate
T103964,2023-06-02 22:58:00,0.91,0.074456,7.45,0,Low,Legitimate
T103965,2023-08-20 17:48:00,123.86,0.071892,7.19,0,Low,Legitimate
T103966,2023-11-20 07:17:00,29.27,0.075597,7.56,0,Low,Legitimate
T103967,2023-08-18 17:29:00,3.29,0.071892,7.19,0,Low,Legitimate
T103968,2023-01-31 11:52:00,71.01,0.071892,7.19,0,Low,Legitimate
T103969,2023-12-16 15:19:00,40.56,0.072677,7.27,0,Low,Legitimate
T103970,2023-05-12 08:17:00,291.36,0.075824,7.58,0,Low,Legitimate
T103971,2024-01-15 22:34:00,62.86,0.071892,7.19,0,Low,Legitimate
T103972,2023-11-06 17:32:00,25.75,0.073653,7.37,0,Low,Legitimate
T103973,2024-01-01 08:00:00,98.88,0.076608,7.66,0,Low,Legitimate
T103974,2023-02-02 12:15:00,25.34,0.073653,7.37,0,Low,Legitimate
T103975,2023-05-08 15:45:00,187.68,0.074456,7.45,0,Low,Legitimate
T103976,2023-08-01 11:07:00,37.56,0.073653,7.37,0,Low,Legitimate
T103977,2023-08-23 07:29:00,63.86,0.074782,7.48,0,Low,Legitimate
T103978,2023-10-05 02:19:00,4.15,0.672905,67.29,0,Medium,Legitimate
T103979,2023-04-26 23:01:00,44.43,0.071892,7.19,0,Low,Legitimate
T103980,2023-01-22 07:19:00,142.88,0.074782,7.48,0,Low,Legitimate
T103981,2023-06-16 21:43:00,131.05,0.707502,70.75,1,High,Fraud
T103982,2023-11-21 06:08:00,20.32,0.086752,8.68,0,Low,Legitimate
T103983,2023-05-29 05:57:00,20.5,0.681717,68.17,0,Medium,Legitimate
T103984,2023-09-24 17:54:00,136.0,0.700733,70.07,1,High,Fraud
T103985,2023-11-03 17:38:00,213.2,0.073653,7.37,0,Low,Legitimate
T103986,2023-09-15 01:03:00,8.02,0.675332,67.53,0,Medium,Legitimate
T103987,2024-01-20 00:45:00,47.84,0.706124,70.61,1,High,Fraud
T103988,2023-04-20 12:29:00,32.93,0.071892,7.19,0,Low,Legitimate
T103989,2023-06-23 12:39:00,163.64,0.691715,69.17,1,High,Fraud
T103990,2023-06-13 14:37:00,6.98,0.073692,7.37,0,Low,Legitimate
T103991,2023-01-31 21:32:00,18.97,0.071892,7.19,0,Low,Legitimate
T103992,2023-09-12 22:41:00,111.7,0.072896,7.29,0,Low,Legitimate
T103993,2023-03-09 01:57:00,4.21,0.703603,70.36,1,High,Fraud
T103994,2023-03-21 14:16:00,54.27,0.071892,7.19,0,Low,Legitimate
T103995,2023-04-18 16:38:00,46.69,0.71,71.0,1,High,Fraud
T103996,2023-08-11 12:27:00,32.57,0.072896,7.29,0,Low,Legitimate
T103997,2023-10-02 13:08:00,40.15,0.073653,7.37,0,Low,Legitimate
T103998,2023-03-06 08:31:00,60.39,0.076608,7.66,0,Low,Legitimate
T103999,2024-01-10 09:50:00,14.08,0.073653,7.37,0,Low,Legitimate
T104000,2023-07-16 20:29:00,67.89,0.071892,7.19,0,Low,Legitimate
T104001,2024-01-17 02:53:00,130.96,0.69538,69.54,1,High,Fraud
T104002,2024-01-08 23:05:00,114.22,0.073653,7.37,0,Low,Legitimate
T104003,2023-02-19 03:33:00,13.37,0.682315,68.23,0,Medium,Legitimate
T104004,2023-02-17 16:06:00,12.93,0.071892,7.19,0,Low,Legitimate
T104005,2023-10-01 06:15:00,24.98,0.775473,77.55,1,High,Fraud
T104006,2023-05-02 14:58:00,35.84,0.073653,7.37,0,Low,Legitimate
T104007,2023-07-08 19:54:00,42.0,0.073653,7.37,0,Low,Legitimate
T104008,2023-10-16 17:38:00,91.08,0.071892,7.19,0,Low,Legitimate
T104009,2023-07-16 11:26:00,4.67,0.071892,7.19,0,Low,Legitimate
T104010,2023-07-26 10:23:00,2.82,0.071892,7.19,0,Low,Legitimate
T104011,2023-04-02 14:57:00,39.79,0.073653,7.37,0,Low,Legitimate
T104012,2023-09-18 17:08:00,95.57,0.072677,7.27,0,Low,Legitimate
T104013,2023-08-29 01:51:00,17.2,0.688988,68.9,0,Medium,Legitimate
T104014,2023-05-14 13:58:00,82.07,0.071892,7.19,0,Low,Legitimate
T104015,2023-12-30 02:50:00,24.07,0.66319,66.32,0,Medium,Legitimate
T104016,2023-03-12 18:25:00,173.78,0.072896,7.29,0,Low,Legitimate
T104017,2023-09-07 17:56:00,180.83,0.073653,7.37,0,Low,Legitimate
T104018,2023-10-21 16:17:00,28.22,0.071892,7.19,0,Low,Legitimate
T104019,2023-01-23 02:23:00,20.91,0.685014,68.5,0,Medium,Legitimate
T104020,2023-06-13 18:42:00,42.39,0.072896,7.29,0,Low,Legitimate
T104021,2023-05-01 18:18:00,22.01,0.073653,7.37,0,Low,Legitimate
T104022,2023-04-13 10:33:00,89.27,0.072896,7.29,0,Low,Legitimate
T104023,2023-01-28 15:51:00,139.93,0.071892,7.19,0,Low,Legitimate
T104024,2024-02-20 22:44:00,89.45,0.071892,7.19,0,Low,Legitimate
T104025,2023-12-19 12:33:00,139.14,0.713704,71.37,1,High,Fraud
T104026,2024-02-20 21:13:00,40.47,0.071892,7.19,0,Low,Legitimate
T104027,2023-01-17 08:44:00,13.6,0.699463,69.95,1,High,Fraud
T104028,2023-11-18 23:44:00,107.14,0.071892,7.19,0,Low,Legitimate
T104029,2023-08-19 18:11:00,35.76,0.071892,7.19,0,Low,Legitimate
T104030,2023-04-14 22:51:00,89.0,0.071892,7.19,0,Low,Legitimate
T104031,2023-12-14 22:32:00,25.25,0.071892,7.19,0,Low,Legitimate
T104032,2023-10-20 23:16:00,6.78,0.071892,7.19,0,Low,Legitimate
T104033,2023-11-22 21:46:00,392.31,0.071892,7.19,0,Low,Legitimate
T104034,2023-02-24 19:19:00,13.59,0.071892,7.19,0,Low,Legitimate
T104035,2023-07-01 11:13:00,356.68,0.073653,7.37,0,Low,Legitimate
T104036,2023-07-22 03:17:00,302.76,0.708194,70.82,1,High,Fraud
T104037,2023-09-10 02:46:00,126.32,0.705296,70.53,1,High,Fraud
T104038,2023-11-06 02:05:00,86.17,0.710264,71.03,1,High,Fraud
T104039,2023-01-13 07:56:00,68.98,0.713807,71.38,1,High,Fraud
T104040,2023-07-23 03:08:00,160.85,0.69912,69.91,1,High,Fraud
T104041,2023-12-05 12:03:00,27.34,0.073653,7.37,0,Low,Legitimate
T104042,2023-11-24 14:57:00,50.44,0.071892,7.19,0,Low,Legitimate
T104043,2023-04-28 10:18:00,77.28,0.071892,7.19,0,Low,Legitimate
T104044,2023-05-28 06:14:00,42.37,0.085225,8.52,0,Low,Legitimate
T104045,2023-10-22 21:09:00,44.62,0.071892,7.19,0,Low,Legitimate
T104046,2023-07-27 23:44:00,32.07,0.071892,7.19,0,Low,Legitimate
T104047,2023-05-01 07:03:00,66.45,0.07738,7.74,0,Low,Legitimate
T104048,2023-12-19 04:24:00,152.08,0.701586,70.16,1,High,Fraud
T104049,2023-11-18 17:02:00,18.0,0.071892,7.19,0,Low,Legitimate
T104050,2023-03-11 16:38:00,217.97,0.072896,7.29,0,Low,Legitimate
T104051,2023-03-31 09:25:00,93.46,0.072677,7.27,0,Low,Legitimate
T104052,2024-01-26 14:18:00,138.65,0.071892,7.19,0,Low,Legitimate
T104053,2023-01-09 16:21:00,64.99,0.073653,7.37,0,Low,Legitimate
T104054,2023-10-25 01:55:00,120.95,0.784697,78.47,1,High,Fraud
T104055,2023-07-06 12:54:00,1.31,0.073653,7.37,0,Low,Legitimate
T104056,2023-03-28 00:39:00,136.47,0.690922,69.09,1,High,Fraud
T104057,2023-11-03 08:08:00,3.28,0.076608,7.66,0,Low,Legitimate
T104058,2023-08-26 02:48:00,176.52,0.675912,67.59,0,Medium,Legitimate
T104059,2023-06-23 01:18:00,385.89,0.794852,79.49,1,High,Fraud
T104060,2023-10-31 01:32:00,27.86,0.799332,79.93,1,High,Fraud
T104061,2023-08-07 21:28:00,18.89,0.073653,7.37,0,Low,Legitimate
T104062,2023-09-04 01:45:00,115.98,0.705038,70.5,1,High,Fraud
T104063,2023-12-08 03:52:00,23.34,0.698856,69.89,1,High,Fraud
T104064,2024-02-21 07:20:00,160.53,0.074782,7.48,0,Low,Legitimate
T104065,2023-07-06 05:56:00,8.68,0.874325,87.43,1,High,Fraud
T104066,2024-01-08 05:35:00,10.77,0.689981,69.0,0,Medium,Legitimate
T104067,2023-07-10 08:07:00,309.64,0.076608,7.66,0,Low,Legitimate
T104068,2023-04-24 03:10:00,89.63,0.695398,69.54,1,High,Fraud
T104069,2023-02-24 00:18:00,150.13,0.682606,68.26,0,Medium,Legitimate
T104070,2023-10-10 23:58:00,31.36,0.733824,73.38,1,High,Fraud
T104071,2024-02-19 02:26:00,90.28,0.696519,69.65,1,High,Fraud
T104072,2023-05-16 15:56:00,72.16,0.071892,7.19,0,Low,Legitimate
T104073,2023-11-04 04:24:00,73.94,0.700754,70.08,1,High,Fraud
T104074,2023-07-01 22:07:00,91.79,0.073653,7.37,0,Low,Legitimate
T104075,2023-09-08 13:48:00,68.52,0.073653,7.37,0,Low,Legitimate
T104076,2023-03-04 14:23:00,44.84,0.724827,72.48,1,High,Fraud
T104077,2024-02-04 20:42:00,25.83,0.718676,71.87,1,High,Fraud
T104078,2023-05-25 04:55:00,117.08,0.707814,70.78,1,High,Fraud
T104079,2023-06-12 01:24:00,20.52,0.681364,68.14,0,Medium,Legitimate
T104080,2023-11-07 09:40:00,94.3,0.073653,7.37,0,Low,Legitimate
T104081,2023-05-13 12:58:00,21.26,0.072896,7.29,0,Low,Legitimate
T104082,2023-04-29 06:24:00,78.54,0.085972,8.6,0,Low,Legitimate
T104083,2023-12-14 03:38:00,109.97,0.688616,68.86,0,Medium,Legitimate
T104084,2023-05-14 00:18:00,19.75,0.700022,70.0,1,High,Fraud
T104085,2023-07-17 00:58:00,4.95,0.681038,68.1,0,Medium,Legitimate
T104086,2023-10-08 05:26:00,11.23,0.701359,70.14,1,High,Fraud
T104087,2023-05-24 12:52:00,74.51,0.820347,82.03,1,High,Fraud
T104088,2023-05-31 14:35:00,151.47,0.071892,7.19,0,Low,Legitimate
T104089,2023-06-15 03:00:00,3.68,0.666037,66.6,0,Medium,Legitimate
T104090,2023-10-31 21:07:00,105.99,0.071892,7.19,0,Low,Legitimate
T104091,2023-07-19 11:21:00,33.4,0.697897,69.79,1,High,Fraud
T104092,2023-09-10 03:58:00,52.09,0.708412,70.84,1,High,Fraud
T104093,2023-05-05 22:49:00,211.45,0.073653,7.37,0,Low,Legitimate
T104094,2023-04-13 08:54:00,32.27,0.075824,7.58,0,Low,Legitimate
T104095,2023-08-07 13:09:00,50.09,0.073653,7.37,0,Low,Legitimate
T104096,2023-11-04 12:14:00,1.1,0.073653,7.37,0,Low,Legitimate
T104097,2023-08-25 00:44:00,6.81,0.635168,63.52,0,Medium,Legitimate
T104098,2023-04-14 22:21:00,23.94,0.071892,7.19,0,Low,Legitimate
T104099,2023-12-13 16:24:00,2.26,0.072896,7.29,0,Low,Legitimate
T104100,2023-01-06 19:17:00,79.84,0.073653,7.37,0,Low,Legitimate
T104101,2024-02-06 03:22:00,44.47,0.711493,71.15,1,High,Fraud
T104102,2023-05-14 04:57:00,63.55,0.705482,70.55,1,High,Fraud
T104103,2023-01-25 04:24:00,15.36,0.680111,68.01,0,Medium,Legitimate
T104104,2023-12-31 09:23:00,28.07,0.071892,7.19,0,Low,Legitimate
T104105,2023-06-06 11:01:00,87.21,0.073653,7.37,0,Low,Legitimate
T104106,2023-09-05 16:08:00,268.89,0.073653,7.37,0,Low,Legitimate
T104107,2023-10-16 02:09:00,4.14,0.655584,65.56,0,Medium,Legitimate
T104108,2024-02-13 04:36:00,176.86,0.708476,70.85,1,High,Fraud
T104109,2023-10-12 06:01:00,68.81,0.087043,8.7,0,Low,Legitimate
T104110,2023-03-03 02:02:00,66.39,0.656599,65.66,0,Medium,Legitimate
T104111,2023-07-29 20:50:00,55.5,0.072677,7.27,0,Low,Legitimate
T104112,2023-09-28 23:48:00,5.75,0.700822,70.08,1,High,Fraud
T104113,2023-01-26 05:57:00,7.53,0.871251,87.13,1,High,Fraud
T104114,2024-02-15 19:13:00,73.49,0.071892,7.19,0,Low,Legitimate
T104115,2023-03-27 01:58:00,33.36,0.666019,66.6,0,Medium,Legitimate
T104116,2023-02-03 11:50:00,199.37,0.074456,7.45,0,Low,Legitimate
T104117,2023-09-01 23:54:00,41.75,0.073653,7.37,0,Low,Legitimate
T104118,2023-06-09 00:24:00,12.37,0.689283,68.93,0,Medium,Legitimate
T104119,2023-06-20 07:56:00,100.34,0.074782,7.48,0,Low,Legitimate
T104120,2023-08-29 14:47:00,27.78,0.071892,7.19,0,Low,Legitimate
T104121,2023-10-23 19:00:00,59.63,0.072677,7.27,0,Low,Legitimate
T104122,2023-05-13 21:35:00,95.74,0.073692,7.37,0,Low,Legitimate
T104123,2023-04-27 18:49:00,184.42,0.071892,7.19,0,Low,Legitimate
T104124,2023-11-06 10:05:00,125.69,0.073653,7.37,0,Low,Legitimate
T104125,2023-01-15 05:45:00,90.25,0.701842,70.18,1,High,Fraud
T104126,2023-07-27 20:08:00,91.06,0.071892,7.19,0,Low,Legitimate
T104127,2024-02-13 12:10:00,233.39,0.722522,72.25,1,High,Fraud
T104128,2023-08-25 18:35:00,28.06,0.071892,7.19,0,Low,Legitimate
T104129,2023-04-30 19:37:00,0.09,0.596546,59.65,0,Medium,Legitimate
T104130,2024-01-23 09:57:00,25.39,0.071892,7.19,0,Low,Legitimate
T104131,2023-10-13 19:50:00,19.66,0.072896,7.29,0,Low,Legitimate
T104132,2023-12-07 11:53:00,86.74,0.073653,7.37,0,Low,Legitimate
T104133,2023-07-19 11:32:00,80.35,0.071892,7.19,0,Low,Legitimate
T104134,2023-05-19 08:13:00,72.01,0.074782,7.48,0,Low,Legitimate
T104135,2023-12-23 21:46:00,1.31,0.071892,7.19,0,Low,Legitimate
T104136,2023-06-10 18:12:00,104.39,0.82698,82.7,1,High,Fraud
T104137,2023-11-16 16:35:00,31.27,0.071892,7.19,0,Low,Legitimate
T104138,2023-05-27 03:43:00,87.5,0.686008,68.6,0,Medium,Legitimate
T104139,2023-12-25 00:12:00,65.06,0.690255,69.03,1,High,Fraud
T104140,2023-10-15 22:16:00,33.57,0.071892,7.19,0,Low,Legitimate
T104141,2023-09-26 07:52:00,11.56,0.074782,7.48,0,Low,Legitimate
T104142,2023-12-09 13:48:00,7.93,0.073653,7.37,0,Low,Legitimate
T104143,2023-08-31 21:37:00,142.47,0.071892,7.19,0,Low,Legitimate
T104144,2024-01-21 12:11:00,200.47,0.071892,7.19,0,Low,Legitimate
T104145,2023-02-10 05:55:00,83.94,0.798425,79.84,1,High,Fraud
T104146,2023-04-06 09:16:00,8.73,0.073653,7.37,0,Low,Legitimate
T104147,2023-03-22 11:17:00,41.14,0.071892,7.19,0,Low,Legitimate
T104148,2023-09-23 00:21:00,104.43,0.709466,70.95,1,High,Fraud
T104149,2023-08-10 07:04:00,121.07,0.076608,7.66,0,Low,Legitimate
T104150,2023-09-30 23:21:00,10.06,0.071892,7.19,0,Low,Legitimate
T104151,2024-02-16 20:13:00,0.0,0.071892,7.19,0,Low,Legitimate
T104152,2023-08-22 20:12:00,99.62,0.072677,7.27,0,Low,Legitimate
T104153,2023-12-25 09:47:00,35.28,0.072677,7.27,0,Low,Legitimate
T104154,2024-02-08 14:08:00,23.49,0.073653,7.37,0,Low,Legitimate
T104155,2023-02-13 12:46:00,1.04,0.072896,7.29,0,Low,Legitimate
T104156,2023-10-11 08:47:00,62.17,0.075824,7.58,0,Low,Legitimate
T104157,2023-08-19 09:12:00,152.39,0.710407,71.04,1,High,Fraud
T104158,2023-02-23 15:17:00,252.91,0.071892,7.19,0,Low,Legitimate
T104159,2023-01-01 05:46:00,66.73,0.806281,80.63,1,High,Fraud
T104160,2023-08-07 07:04:00,57.8,0.076608,7.66,0,Low,Legitimate
T104161,2023-10-29 07:01:00,7.11,0.783359,78.34,1,High,Fraud
T104162,2023-06-30 11:58:00,63.68,0.071892,7.19,0,Low,Legitimate
T104163,2024-01-14 02:27:00,38.24,0.694998,69.5,1,High,Fraud
T104164,2023-01-21 04:46:00,74.74,0.684204,68.42,0,Medium,Legitimate
T104165,2023-07-15 17:46:00,39.38,0.071892,7.19,0,Low,Legitimate
T104166,2023-12-25 08:49:00,21.99,0.074782,7.48,0,Low,Legitimate
T104167,2023-10-11 14:43:00,7.98,0.073692,7.37,0,Low,Legitimate
T104168,2023-09-09 21:45:00,30.26,0.073653,7.37,0,Low,Legitimate
T104169,2023-09-14 17:24:00,8.13,0.071892,7.19,0,Low,Legitimate
T104170,2023-08-01 15:34:00,15.57,0.073653,7.37,0,Low,Legitimate
T104171,2023-11-02 01:37:00,349.52,0.715601,71.56,1,High,Fraud
T104172,2023-01-17 05:26:00,46.97,0.815027,81.5,1,High,Fraud
T104173,2023-10-06 07:07:00,60.72,0.076608,7.66,0,Low,Legitimate
T104174,2023-07-12 18:21:00,165.48,0.818514,81.85,1,High,Fraud
T104175,2023-06-11 07:47:00,433.53,0.075824,7.58,0,Low,Legitimate
T104176,2023-10-04 18:30:00,69.92,0.713755,71.38,1,High,Fraud
T104177,2023-09-22 03:11:00,133.91,0.681453,68.15,0,Medium,Legitimate
T104178,2023-08-18 13:34:00,31.67,0.071892,7.19,0,Low,Legitimate
T104179,2023-10-18 12:08:00,29.19,0.81877,81.88,1,High,Fraud
T104180,2023-03-24 00:12:00,41.23,0.672252,67.23,0,Medium,Legitimate
T104181,2023-07-19 14:09:00,89.3,0.071892,7.19,0,Low,Legitimate
T104182,2023-08-16 01:30:00,91.7,0.705372,70.54,1,High,Fraud
T104183,2024-02-02 19:51:00,30.29,0.073653,7.37,0,Low,Legitimate
T104184,2023-05-28 08:29:00,11.44,0.706822,70.68,1,High,Fraud
T104185,2023-01-21 13:18:00,80.06,0.794204,79.42,1,High,Fraud
T104186,2024-01-30 10:53:00,10.99,0.707836,70.78,1,High,Fraud
T104187,2023-12-25 05:12:00,69.11,0.69112,69.11,1,High,Fraud
T104188,2023-11-02 10:15:00,94.58,0.073653,7.37,0,Low,Legitimate
T104189,2023-04-14 16:28:00,96.48,0.071892,7.19,0,Low,Legitimate
T104190,2023-10-31 03:11:00,112.02,0.693723,69.37,1,High,Fraud
T104191,2023-11-07 08:54:00,165.0,0.076608,7.66,0,Low,Legitimate
T104192,2023-07-19 13:22:00,55.45,0.071892,7.19,0,Low,Legitimate
T104193,2023-09-02 11:56:00,104.82,0.074456,7.45,0,Low,Legitimate
T104194,2023-11-02 01:21:00,77.23,0.702346,70.23,1,High,Fraud
T104195,2023-01-12 13:16:00,16.53,0.073692,7.37,0,Low,Legitimate
T104196,2023-05-31 01:01:00,2.08,0.592743,59.27,0,Medium,Legitimate
T104197,2023-11-04 13:27:00,26.79,0.073653,7.37,0,Low,Legitimate
T104198,2023-03-25 07:56:00,46.82,0.075537,7.55,0,Low,Legitimate
T104199,2023-12-26 10:33:00,76.8,0.071892,7.19,0,Low,Legitimate
T104200,2023-07-01 09:45:00,151.75,0.073653,7.37,0,Low,Legitimate
T104201,2023-02-22 15:15:00,17.48,0.071892,7.19,0,Low,Legitimate
T104202,2023-05-18 09:53:00,10.73,0.071892,7.19,0,Low,Legitimate
T104203,2023-10-01 08:57:00,264.79,0.076608,7.66,0,Low,Legitimate
T104204,2023-03-14 22:28:00,9.15,0.072677,7.27,0,Low,Legitimate
T104205,2023-07-05 09:39:00,52.08,0.073653,7.37,0,Low,Legitimate
T104206,2023-03-11 02:44:00,70.47,0.696579,69.66,1,High,Fraud
T104207,2023-08-09 11:17:00,62.36,0.073653,7.37,0,Low,Legitimate
T104208,2023-07-14 21:56:00,7.2,0.071892,7.19,0,Low,Legitimate
T104209,2023-06-13 23:06:00,4.7,0.072896,7.29,0,Low,Legitimate
T104210,2023-12-02 21:55:00,8.92,0.073653,7.37,0,Low,Legitimate
T104211,2023-12-11 12:11:00,70.47,0.719134,71.91,1,High,Fraud
T104212,2023-05-11 21:05:00,62.88,0.810134,81.01,1,High,Fraud
T104213,2023-07-30 07:09:00,21.3,0.075537,7.55,0,Low,Legitimate
T104214,2023-09-02 12:33:00,81.24,0.074456,7.45,0,Low,Legitimate
T104215,2023-07-08 19:49:00,137.21,0.073653,7.37,0,Low,Legitimate
T104216,2023-09-21 23:59:00,3.4,0.071892,7.19,0,Low,Legitimate
T104217,2023-02-24 14:48:00,55.15,0.072677,7.27,0,Low,Legitimate
T104218,2023-08-02 22:31:00,93.52,0.073653,7.37,0,Low,Legitimate
T104219,2024-01-07 11:02:00,23.26,0.073653,7.37,0,Low,Legitimate
T104220,2023-12-26 22:16:00,29.43,0.071892,7.19,0,Low,Legitimate
T104221,2023-10-14 14:43:00,76.08,0.071892,7.19,0,Low,Legitimate
T104222,2023-06-08 16:23:00,182.57,0.073653,7.37,0,Low,Legitimate
T104223,2023-06-02 07:49:00,132.83,0.077441,7.74,0,Low,Legitimate
T104224,2023-11-18 17:03:00,70.0,0.071892,7.19,0,Low,Legitimate
T104225,2023-05-17 01:26:00,104.81,0.692825,69.28,1,High,Fraud
T104226,2023-08-31 05:33:00,36.31,0.682071,68.21,0,Medium,Legitimate
T104227,2023-07-07 18:20:00,81.95,0.073653,7.37,0,Low,Legitimate
T104228,2023-11-17 00:17:00,50.22,0.678036,67.8,0,Medium,Legitimate
T104229,2023-06-30 14:06:00,16.85,0.071892,7.19,0,Low,Legitimate
T104230,2023-10-29 04:57:00,96.78,0.693477,69.35,1,High,Fraud
T104231,2023-11-03 13:35:00,65.04,0.792281,79.23,1,High,Fraud
T104232,2024-02-18 06:51:00,35.53,0.085225,8.52,0,Low,Legitimate
T104233,2023-07-14 14:18:00,193.83,0.071892,7.19,0,Low,Legitimate
T104234,2024-01-28 14:13:00,1.69,0.071892,7.19,0,Low,Legitimate
T104235,2023-05-30 16:24:00,30.36,0.071892,7.19,0,Low,Legitimate
T104236,2023-06-21 23:48:00,4.69,0.071892,7.19,0,Low,Legitimate
T104237,2023-12-17 00:31:00,116.38,0.708123,70.81,1,High,Fraud
T104238,2023-02-14 14:59:00,96.88,0.071892,7.19,0,Low,Legitimate
T104239,2023-09-09 14:43:00,32.2,0.074456,7.45,0,Low,Legitimate
T104240,2023-10-20 14:58:00,90.08,0.70079,70.08,1,High,Fraud
T104241,2023-10-05 23:06:00,40.33,0.073653,7.37,0,Low,Legitimate
T104242,2024-01-08 07:43:00,112.93,0.076608,7.66,0,Low,Legitimate
T104243,2023-01-22 02:51:00,48.44,0.690256,69.03,1,High,Fraud
T104244,2023-10-20 19:03:00,42.52,0.071892,7.19,0,Low,Legitimate
T104245,2023-02-02 02:21:00,218.34,0.698646,69.86,1,High,Fraud
T104246,2023-10-17 09:22:00,23.11,0.783344,78.33,1,High,Fraud
T104247,2024-01-27 03:22:00,10.27,0.680914,68.09,0,Medium,Legitimate
T104248,2023-04-20 07:23:00,70.27,0.074782,7.48,0,Low,Legitimate
T104249,2023-09-09 12:08:00,278.74,0.073653,7.37,0,Low,Legitimate
T104250,2023-09-19 19:42:00,37.96,0.071892,7.19,0,Low,Legitimate
T104251,2023-07-26 01:10:00,5.12,0.66632,66.63,0,Medium,Legitimate
T104252,2023-06-22 18:06:00,33.16,0.071892,7.19,0,Low,Legitimate
T104253,2023-10-05 01:24:00,56.41,0.793186,79.32,1,High,Fraud
T104254,2023-07-04 00:55:00,14.13,0.694012,69.4,1,High,Fraud
T104255,2023-08-30 19:57:00,85.86,0.072677,7.27,0,Low,Legitimate
T104256,2023-05-24 02:26:00,487.72,0.717194,71.72,1,High,Fraud
T104257,2023-08-22 05:20:00,48.08,0.70183,70.18,1,High,Fraud
T104258,2023-07-19 03:31:00,35.05,0.690322,69.03,1,High,Fraud
T104259,2023-09-16 00:07:00,40.96,0.796593,79.66,1,High,Fraud
T104260,2024-02-07 10:21:00,9.79,0.073653,7.37,0,Low,Legitimate
T104261,2023-10-19 17:24:00,171.83,0.071892,7.19,0,Low,Legitimate
T104262,2023-07-29 19:18:00,42.87,0.071892,7.19,0,Low,Legitimate
T104263,2023-11-16 09:43:00,39.19,0.071892,7.19,0,Low,Legitimate
T104264,2023-07-01 14:36:00,86.23,0.073653,7.37,0,Low,Legitimate
T104265,2023-01-13 08:33:00,46.68,0.076649,7.66,0,Low,Legitimate
T104266,2023-01-19 08:02:00,83.58,0.855819,85.58,1,High,Fraud
T104267,2023-03-31 23:12:00,5.07,0.675626,67.56,0,Medium,Legitimate
T104268,2024-01-09 05:43:00,134.44,0.713667,71.37,1,High,Fraud
T104269,2023-01-30 01:19:00,225.75,0.708706,70.87,1,High,Fraud
T104270,2023-11-28 03:05:00,83.7,0.69592,69.59,1,High,Fraud
T104271,2024-01-12 01:32:00,247.32,0.688676,68.87,0,Medium,Legitimate
T104272,2023-10-26 10:06:00,13.14,0.710444,71.04,1,High,Fraud
T104273,2023-04-05 17:53:00,51.92,0.073653,7.37,0,Low,Legitimate
T104274,2024-01-21 21:55:00,73.67,0.071892,7.19,0,Low,Legitimate
T104275,2023-07-30 09:37:00,69.73,0.071892,7.19,0,Low,Legitimate
T104276,2023-03-06 02:56:00,41.06,0.695516,69.55,1,High,Fraud
T104277,2023-02-20 17:10:00,33.01,0.071892,7.19,0,Low,Legitimate
T104278,2023-09-30 13:50:00,10.85,0.816349,81.63,1,High,Fraud
T104279,2023-07-25 13:33:00,39.77,0.712276,71.23,1,High,Fraud
T104280,2023-02-02 14:36:00,14.2,0.073653,7.37,0,Low,Legitimate
T104281,2023-04-04 03:08:00,106.05,0.849026,84.9,1,High,Fraud
T104282,2023-02-03 12:11:00,18.74,0.073653,7.37,0,Low,Legitimate
T104283,2023-03-03 04:37:00,4.83,0.699192,69.92,1,High,Fraud
T104284,2023-08-13 18:02:00,64.3,0.072896,7.29,0,Low,Legitimate
T104285,2023-09-19 17:02:00,72.35,0.072677,7.27,0,Low,Legitimate
T104286,2023-08-11 18:26:00,164.4,0.073692,7.37,0,Low,Legitimate
T104287,2023-06-11 22:23:00,68.83,0.073692,7.37,0,Low,Legitimate
T104288,2023-12-27 10:49:00,33.91,0.072677,7.27,0,Low,Legitimate
T104289,2023-04-05 23:28:00,129.97,0.739394,73.94,1,High,Fraud
T104290,2024-02-04 03:54:00,62.17,0.703209,70.32,1,High,Fraud
T104291,2023-05-30 11:25:00,6.61,0.071892,7.19,0,Low,Legitimate
T104292,2023-04-07 15:49:00,66.75,0.073653,7.37,0,Low,Legitimate
T104293,2023-08-31 21:54:00,190.89,0.071892,7.19,0,Low,Legitimate
T104294,2023-03-23 23:41:00,40.38,0.071892,7.19,0,Low,Legitimate
T104295,2023-11-25 20:51:00,28.12,0.071892,7.19,0,Low,Legitimate
T104296,2023-08-23 10:57:00,12.39,0.072677,7.27,0,Low,Legitimate
T104297,2023-11-24 04:39:00,13.14,0.668854,66.89,0,Medium,Legitimate
T104298,2023-11-30 06:20:00,45.36,0.086287,8.63,0,Low,Legitimate
T104299,2024-01-19 20:28:00,72.44,0.071892,7.19,0,Low,Legitimate
T104300,2023-05-22 05:35:00,6.72,0.690494,69.05,1,High,Fraud
T104301,2023-04-06 04:12:00,224.5,0.864119,86.41,1,High,Fraud
T104302,2023-08-27 05:59:00,112.56,0.703626,70.36,1,High,Fraud
T104303,2023-04-14 23:22:00,70.67,0.071892,7.19,0,Low,Legitimate
T104304,2023-08-13 00:46:00,141.03,0.822269,82.23,1,High,Fraud
T104305,2024-01-04 13:01:00,6.69,0.073653,7.37,0,Low,Legitimate
T104306,2023-09-29 13:46:00,51.83,0.072677,7.27,0,Low,Legitimate
T104307,2023-07-15 14:18:00,79.56,0.071892,7.19,0,Low,Legitimate
T104308,2023-05-03 05:57:00,141.13,0.712378,71.24,1,High,Fraud
T104309,2023-07-02 12:03:00,122.4,0.074456,7.45,0,Low,Legitimate
T104310,2023-12-18 08:36:00,25.96,0.074782,7.48,0,Low,Legitimate
T104311,2023-12-15 21:58:00,226.26,0.071892,7.19,0,Low,Legitimate
T104312,2023-03-22 13:55:00,10.62,0.69041,69.04,1,High,Fraud
T104313,2024-02-18 18:58:00,166.44,0.071892,7.19,0,Low,Legitimate
T104314,2023-01-10 11:17:00,283.07,0.073653,7.37,0,Low,Legitimate
T104315,2023-11-10 22:57:00,15.6,0.074456,7.45,0,Low,Legitimate
T104316,2024-01-19 10:32:00,102.43,0.071892,7.19,0,Low,Legitimate
T104317,2024-01-15 03:17:00,3.29,0.639358,63.94,0,Medium,Legitimate
T104318,2023-01-26 12:40:00,41.59,0.071892,7.19,0,Low,Legitimate
T104319,2023-03-17 00:53:00,58.1,0.676207,67.62,0,Medium,Legitimate
T104320,2024-02-12 02:06:00,69.52,0.718715,71.87,1,High,Fraud
T104321,2023-01-19 15:57:00,219.83,0.071892,7.19,0,Low,Legitimate
T104322,2024-02-01 05:52:00,89.24,0.705683,70.57,1,High,Fraud
T104323,2023-12-12 01:30:00,52.51,0.808118,80.81,1,High,Fraud
T104324,2023-06-15 05:49:00,132.72,0.713383,71.34,1,High,Fraud
T104325,2023-06-01 19:30:00,240.52,0.819438,81.94,1,High,Fraud
T104326,2023-05-01 19:55:00,1.79,0.074456,7.45,0,Low,Legitimate
T104327,2023-05-17 22:47:00,323.74,0.728453,72.85,1,High,Fraud
T104328,2023-03-08 11:41:00,7.21,0.71909,71.91,1,High,Fraud
T104329,2023-05-03 04:34:00,134.73,0.712515,71.25,1,High,Fraud
T104330,2023-09-08 04:03:00,26.32,0.694578,69.46,1,High,Fraud
T104331,2023-12-23 14:29:00,11.34,0.071892,7.19,0,Low,Legitimate
T104332,2023-10-19 11:13:00,46.36,0.072677,7.27,0,Low,Legitimate
T104333,2023-12-21 06:44:00,82.62,0.087043,8.7,0,Low,Legitimate
T104334,2023-07-21 23:31:00,38.37,0.071892,7.19,0,Low,Legitimate
T104335,2023-11-25 07:56:00,4.49,0.074782,7.48,0,Low,Legitimate
T104336,2023-09-27 12:37:00,73.2,0.071892,7.19,0,Low,Legitimate
T104337,2023-03-19 23:34:00,186.15,0.77798,77.8,1,High,Fraud
T104338,2023-07-08 10:38:00,38.66,0.073653,7.37,0,Low,Legitimate
T104339,2024-01-05 23:07:00,19.5,0.074456,7.45,0,Low,Legitimate
T104340,2023-12-13 11:37:00,46.75,0.072896,7.29,0,Low,Legitimate
T104341,2023-12-13 17:44:00,3.97,0.072896,7.29,0,Low,Legitimate
T104342,2023-03-22 00:32:00,137.4,0.691849,69.18,1,High,Fraud
T104343,2023-01-09 19:24:00,140.05,0.073653,7.37,0,Low,Legitimate
T104344,2023-10-17 10:39:00,70.94,0.071892,7.19,0,Low,Legitimate
T104345,2023-02-07 09:00:00,34.85,0.073653,7.37,0,Low,Legitimate
T104346,2024-01-31 18:48:00,128.67,0.072677,7.27,0,Low,Legitimate
T104347,2023-05-08 11:09:00,64.72,0.073653,7.37,0,Low,Legitimate
T104348,2023-08-30 16:12:00,139.86,0.79557,79.56,1,High,Fraud
T104349,2023-04-06 19:24:00,79.86,0.073653,7.37,0,Low,Legitimate
T104350,2023-08-24 11:31:00,122.75,0.071892,7.19,0,Low,Legitimate
T104351,2023-04-10 10:54:00,73.02,0.718216,71.82,1,High,Fraud
T104352,2023-09-25 16:54:00,42.77,0.071892,7.19,0,Low,Legitimate
T104353,2024-01-11 23:16:00,253.5,0.073692,7.37,0,Low,Legitimate
T104354,2023-08-24 06:45:00,62.32,0.087978,8.8,0,Low,Legitimate
T104355,2023-03-18 15:56:00,74.33,0.071892,7.19,0,Low,Legitimate
T104356,2023-02-22 20:05:00,19.93,0.071892,7.19,0,Low,Legitimate
T104357,2023-06-18 13:48:00,78.61,0.071892,7.19,0,Low,Legitimate
T104358,2023-04-17 09:47:00,67.82,0.071892,7.19,0,Low,Legitimate
T104359,2024-02-02 17:45:00,16.35,0.073653,7.37,0,Low,Legitimate
T104360,2024-01-12 01:27:00,4.91,0.626806,62.68,0,Medium,Legitimate
T104361,2024-02-02 18:09:00,74.18,0.073653,7.37,0,Low,Legitimate
T104362,2023-09-06 15:56:00,115.41,0.73157,73.16,1,High,Fraud
T104363,2023-06-10 05:14:00,59.29,0.706645,70.66,1,High,Fraud
T104364,2023-05-12 11:19:00,20.57,0.072896,7.29,0,Low,Legitimate
T104365,2023-07-11 01:55:00,87.85,0.700619,70.06,1,High,Fraud
T104366,2023-02-20 01:52:00,6.68,0.687607,68.76,0,Medium,Legitimate
T104367,2023-12-22 14:35:00,46.65,0.072677,7.27,0,Low,Legitimate
T104368,2024-01-05 01:52:00,14.27,0.828363,82.84,1,High,Fraud
T104369,2023-05-27 02:48:00,16.31,0.647257,64.73,0,Medium,Legitimate
T104370,2023-03-18 08:04:00,18.08,0.075537,7.55,0,Low,Legitimate
T104371,2023-05-23 14:55:00,39.11,0.071892,7.19,0,Low,Legitimate
T104372,2023-11-28 19:09:00,4.2,0.802735,80.27,1,High,Fraud
T104373,2023-10-08 21:54:00,40.57,0.073653,7.37,0,Low,Legitimate
T104374,2023-09-21 10:37:00,57.35,0.071892,7.19,0,Low,Legitimate
T104375,2023-05-04 13:31:00,52.82,0.073653,7.37,0,Low,Legitimate
T104376,2023-05-01 04:22:00,38.6,0.68832,68.83,0,Medium,Legitimate
T104377,2023-10-18 00:35:00,146.18,0.712239,71.22,1,High,Fraud
T104378,2023-02-26 13:46:00,12.56,0.072677,7.27,0,Low,Legitimate
T104379,2023-03-10 22:36:00,56.37,0.709915,70.99,1,High,Fraud
T104380,2024-02-13 12:56:00,5.12,0.072896,7.29,0,Low,Legitimate
T104381,2023-10-29 15:58:00,5.91,0.071892,7.19,0,Low,Legitimate
T104382,2023-01-24 02:36:00,68.24,0.68999,69.0,0,Medium,Legitimate
T104383,2023-12-31 04:31:00,66.78,0.696329,69.63,1,High,Fraud
T104384,2023-11-13 02:48:00,168.32,0.697895,69.79,1,High,Fraud
T104385,2023-10-20 13:30:00,65.29,0.071892,7.19,0,Low,Legitimate
T104386,2023-03-06 09:19:00,257.09,0.073653,7.37,0,Low,Legitimate
T104387,2023-12-03 02:28:00,3.99,0.677796,67.78,0,Medium,Legitimate
T104388,2024-02-05 00:44:00,8.25,0.862846,86.28,1,High,Fraud
T104389,2023-08-12 13:30:00,3.61,0.072896,7.29,0,Low,Legitimate
T104390,2023-06-10 07:00:00,16.39,0.077441,7.74,0,Low,Legitimate
T104391,2023-07-21 22:30:00,62.34,0.071892,7.19,0,Low,Legitimate
T104392,2023-04-16 14:44:00,82.98,0.071892,7.19,0,Low,Legitimate
T104393,2023-10-17 18:32:00,3.73,0.071892,7.19,0,Low,Legitimate
T104394,2023-02-13 18:16:00,233.46,0.073692,7.37,0,Low,Legitimate
T104395,2023-05-02 07:14:00,147.7,0.076608,7.66,0,Low,Legitimate
T104396,2023-01-21 08:39:00,28.15,0.075537,7.55,0,Low,Legitimate
T104397,2024-01-03 08:40:00,6.43,0.076608,7.66,0,Low,Legitimate
T104398,2023-02-12 09:15:00,14.9,0.072896,7.29,0,Low,Legitimate
T104399,2023-06-14 10:37:00,10.86,0.071892,7.19,0,Low,Legitimate
T104400,2023-08-30 15:21:00,10.53,0.071892,7.19,0,Low,Legitimate
T104401,2023-07-12 11:59:00,58.48,0.821682,82.17,1,High,Fraud
T104402,2023-12-30 08:11:00,22.57,0.074782,7.48,0,Low,Legitimate
T104403,2023-02-05 19:07:00,35.47,0.073653,7.37,0,Low,Legitimate
T104404,2023-05-18 06:02:00,364.55,0.087182,8.72,0,Low,Legitimate
T104405,2023-02-28 11:21:00,92.24,0.712487,71.25,1,High,Fraud
T104406,2023-03-02 05:26:00,238.04,0.748942,74.89,1,High,Fraud
T104407,2023-03-07 05:20:00,12.3,0.686576,68.66,0,Medium,Legitimate
T104408,2023-02-28 02:07:00,38.52,0.80397,80.4,1,High,Fraud
T104409,2023-11-09 01:23:00,64.73,0.806599,80.66,1,High,Fraud
T104410,2023-10-25 17:23:00,6.39,0.071892,7.19,0,Low,Legitimate
T104411,2023-10-14 21:46:00,0.34,0.071892,7.19,0,Low,Legitimate
T104412,2023-01-17 05:47:00,88.8,0.873281,87.33,1,High,Fraud
T104413,2023-03-05 00:48:00,82.14,0.711492,71.15,1,High,Fraud
T104414,2024-01-02 15:02:00,42.32,0.825824,82.58,1,High,Fraud
T104415,2023-05-22 00:23:00,53.81,0.69298,69.3,1,High,Fraud
T104416,2023-08-26 18:10:00,42.95,0.705396,70.54,1,High,Fraud
T104417,2023-10-20 04:06:00,1.94,0.807917,80.79,1,High,Fraud
T104418,2024-01-17 01:43:00,32.68,0.688935,68.89,0,Medium,Legitimate
T104419,2023-07-06 01:04:00,15.59,0.68945,68.94,0,Medium,Legitimate
T104420,2023-12-08 19:54:00,8.29,0.073653,7.37,0,Low,Legitimate
T104421,2023-07-13 04:06:00,251.21,0.810973,81.1,1,High,Fraud
T104422,2023-01-18 11:28:00,73.18,0.072677,7.27,0,Low,Legitimate
T104423,2023-02-14 00:27:00,104.35,0.72705,72.7,1,High,Fraud
T104424,2023-12-09 02:57:00,30.31,0.689515,68.95,0,Medium,Legitimate
T104425,2023-02-03 15:48:00,39.96,0.073653,7.37,0,Low,Legitimate
T104426,2023-08-13 05:58:00,21.63,0.693082,69.31,1,High,Fraud
T104427,2023-08-01 06:26:00,8.16,0.086143,8.61,0,Low,Legitimate
T104428,2023-05-19 21:48:00,15.78,0.071892,7.19,0,Low,Legitimate
T104429,2023-03-01 21:45:00,127.77,0.073653,7.37,0,Low,Legitimate
T104430,2023-01-05 21:39:00,90.54,0.074456,7.45,0,Low,Legitimate
T104431,2024-02-09 12:09:00,63.34,0.073653,7.37,0,Low,Legitimate
T104432,2023-05-13 22:33:00,51.56,0.072896,7.29,0,Low,Legitimate
T104433,2023-07-18 10:13:00,204.53,0.071892,7.19,0,Low,Legitimate
T104434,2023-10-12 06:05:00,6.04,0.086287,8.63,0,Low,Legitimate
T104435,2023-04-15 08:11:00,26.35,0.075597,7.56,0,Low,Legitimate
T104436,2023-07-14 06:35:00,34.45,0.085595,8.56,0,Low,Legitimate
T104437,2023-12-27 02:46:00,122.02,0.696519,69.65,1,High,Fraud
T104438,2023-08-20 02:15:00,391.58,0.800773,80.08,1,High,Fraud
T104439,2023-04-02 23:59:00,22.03,0.073653,7.37,0,Low,Legitimate
T104440,2023-03-10 22:33:00,165.91,0.073653,7.37,0,Low,Legitimate
T104441,2023-04-01 06:59:00,142.05,0.085972,8.6,0,Low,Legitimate
T104442,2023-04-17 09:05:00,20.36,0.072677,7.27,0,Low,Legitimate
T104443,2023-07-08 15:09:00,40.78,0.073653,7.37,0,Low,Legitimate
T104444,2023-09-21 04:52:00,42.17,0.693211,69.32,1,High,Fraud
T104445,2023-12-11 16:46:00,306.14,0.072896,7.29,0,Low,Legitimate
T104446,2023-06-18 01:14:00,15.96,0.749427,74.94,1,High,Fraud
T104447,2023-12-05 22:55:00,128.42,0.77527,77.53,1,High,Fraud
T104448,2023-01-27 01:59:00,32.54,0.757867,75.79,1,High,Fraud
T104449,2023-05-01 23:26:00,105.0,0.074456,7.45,0,Low,Legitimate
T104450,2023-10-24 10:50:00,43.58,0.072677,7.27,0,Low,Legitimate
T104451,2023-08-01 08:02:00,69.09,0.076608,7.66,0,Low,Legitimate
T104452,2023-05-07 20:49:00,143.0,0.073653,7.37,0,Low,Legitimate
T104453,2023-12-06 12:27:00,130.44,0.073653,7.37,0,Low,Legitimate
T104454,2023-07-15 22:07:00,161.05,0.071892,7.19,0,Low,Legitimate
T104455,2024-02-12 13:59:00,4.92,0.072896,7.29,0,Low,Legitimate
T104456,2023-11-03 04:19:00,94.23,0.675019,67.5,0,Medium,Legitimate
T104457,2023-10-15 08:10:00,12.06,0.075597,7.56,0,Low,Legitimate
T104458,2023-03-02 05:22:00,43.0,0.707648,70.76,1,High,Fraud
T104459,2023-11-23 07:00:00,63.63,0.715304,71.53,1,High,Fraud
T104460,2023-04-30 01:10:00,41.23,0.69582,69.58,1,High,Fraud
T104461,2023-06-26 22:36:00,58.65,0.071892,7.19,0,Low,Legitimate
T104462,2023-08-12 12:11:00,453.0,0.072896,7.29,0,Low,Legitimate
T104463,2023-01-10 13:15:00,11.62,0.073653,7.37,0,Low,Legitimate
T104464,2023-11-08 19:17:00,90.03,0.073653,7.37,0,Low,Legitimate
T104465,2024-01-26 22:17:00,40.33,0.072677,7.27,0,Low,Legitimate
T104466,2024-02-06 14:01:00,11.42,0.073653,7.37,0,Low,Legitimate
T104467,2023-04-03 12:58:00,13.83,0.073653,7.37,0,Low,Legitimate
T104468,2023-08-14 22:40:00,238.5,0.071892,7.19,0,Low,Legitimate
T104469,2023-03-14 01:37:00,169.36,0.701024,70.1,1,High,Fraud
T104470,2023-05-14 11:43:00,190.05,0.071892,7.19,0,Low,Legitimate
T104471,2023-10-12 20:55:00,381.72,0.072896,7.29,0,Low,Legitimate
T104472,2023-03-25 13:29:00,18.69,0.071892,7.19,0,Low,Legitimate
T104473,2024-02-08 09:54:00,35.13,0.074456,7.45,0,Low,Legitimate
T104474,2023-04-20 06:19:00,88.5,0.723822,72.38,1,High,Fraud
T104475,2024-02-21 09:29:00,52.9,0.071892,7.19,0,Low,Legitimate
T104476,2023-03-22 22:59:00,43.36,0.071892,7.19,0,Low,Legitimate
T104477,2023-10-05 05:21:00,35.43,0.695798,69.58,1,High,Fraud
T104478,2024-01-01 10:02:00,72.07,0.073653,7.37,0,Low,Legitimate
T104479,2024-02-04 03:01:00,68.57,0.861868,86.19,1,High,Fraud
T104480,2023-05-08 19:26:00,14.09,0.073653,7.37,0,Low,Legitimate
T104481,2023-11-06 05:43:00,51.05,0.708638,70.86,1,High,Fraud
T104482,2023-09-21 05:07:00,64.5,0.792031,79.2,1,High,Fraud
T104483,2023-05-16 10:02:00,67.57,0.071892,7.19,0,Low,Legitimate
T104484,2023-08-20 07:38:00,18.87,0.075597,7.56,0,Low,Legitimate
T104485,2023-03-11 08:16:00,108.47,0.075824,7.58,0,Low,Legitimate
T104486,2023-02-26 04:15:00,2.04,0.57697,57.7,0,Medium,Legitimate
T104487,2023-02-02 23:49:00,35.06,0.073653,7.37,0,Low,Legitimate
T104488,2023-12-18 11:30:00,121.21,0.071892,7.19,0,Low,Legitimate
T104489,2023-01-25 19:49:00,66.39,0.071892,7.19,0,Low,Legitimate
T104490,2024-01-17 18:14:00,24.21,0.071892,7.19,0,Low,Legitimate
T104491,2023-02-11 01:05:00,94.98,0.696418,69.64,1,High,Fraud
T104492,2023-12-31 08:54:00,67.03,0.075537,7.55,0,Low,Legitimate
T104493,2023-01-11 15:02:00,127.27,0.072896,7.29,0,Low,Legitimate
T104494,2023-03-28 15:19:00,106.25,0.071892,7.19,0,Low,Legitimate
T104495,2023-11-04 01:19:00,75.35,0.685436,68.54,0,Medium,Legitimate
T104496,2023-12-28 02:31:00,53.58,0.703235,70.32,1,High,Fraud
T104497,2023-08-16 18:06:00,11.43,0.071892,7.19,0,Low,Legitimate
T104498,2023-06-01 10:49:00,24.23,0.073653,7.37,0,Low,Legitimate
T104499,2023-01-19 23:58:00,43.45,0.788333,78.83,1,High,Fraud
T104500,2023-03-05 21:12:00,73.16,0.073653,7.37,0,Low,Legitimate
T104501,2023-01-05 18:32:00,57.68,0.073653,7.37,0,Low,Legitimate
T104502,2024-01-25 17:53:00,27.19,0.071892,7.19,0,Low,Legitimate
T104503,2024-01-31 16:55:00,0.52,0.071892,7.19,0,Low,Legitimate
T104504,2023-04-27 20:57:00,54.85,0.071892,7.19,0,Low,Legitimate
T104505,2023-10-22 17:49:00,26.91,0.071892,7.19,0,Low,Legitimate
T104506,2023-02-14 02:30:00,106.12,0.701809,70.18,1,High,Fraud
T104507,2023-07-04 16:47:00,1.94,0.073653,7.37,0,Low,Legitimate
T104508,2023-03-22 04:57:00,70.32,0.700727,70.07,1,High,Fraud
T104509,2023-08-25 10:36:00,227.06,0.700192,70.02,1,High,Fraud
T104510,2024-02-08 12:02:00,15.33,0.073653,7.37,0,Low,Legitimate
T104511,2023-06-11 05:29:00,51.04,0.695644,69.56,1,High,Fraud
T104512,2023-10-08 06:25:00,7.67,0.086752,8.68,0,Low,Legitimate
T104513,2023-12-16 12:46:00,78.61,0.718259,71.83,1,High,Fraud
T104514,2023-10-24 18:13:00,63.98,0.814362,81.44,1,High,Fraud
T104515,2023-03-13 10:05:00,41.85,0.073692,7.37,0,Low,Legitimate
T104516,2024-02-19 02:48:00,58.95,0.695981,69.6,1,High,Fraud
T104517,2023-02-19 16:37:00,181.51,0.820595,82.06,1,High,Fraud
T104518,2023-03-17 21:11:00,17.48,0.790617,79.06,1,High,Fraud
T104519,2023-05-12 04:52:00,1.83,0.503179,50.32,0,Medium,Legitimate
T104520,2023-12-02 04:17:00,158.25,0.700759,70.08,1,High,Fraud
T104521,2023-10-15 03:58:00,68.85,0.699484,69.95,1,High,Fraud
T104522,2023-04-26 13:15:00,177.06,0.071892,7.19,0,Low,Legitimate
T104523,2023-08-16 11:06:00,72.69,0.072677,7.27,0,Low,Legitimate
T104524,2023-12-14 10:22:00,132.93,0.071892,7.19,0,Low,Legitimate
T104525,2024-02-02 13:00:00,44.92,0.073653,7.37,0,Low,Legitimate
T104526,2023-08-17 14:54:00,110.86,0.071892,7.19,0,Low,Legitimate
T104527,2023-09-09 13:45:00,195.39,0.073653,7.37,0,Low,Legitimate
T104528,2023-04-26 09:52:00,67.91,0.072677,7.27,0,Low,Legitimate
T104529,2023-04-07 15:57:00,15.95,0.073653,7.37,0,Low,Legitimate
T104530,2023-09-08 12:16:00,25.05,0.073653,7.37,0,Low,Legitimate
T104531,2023-11-21 17:08:00,17.72,0.071892,7.19,0,Low,Legitimate
T104532,2023-11-17 05:31:00,22.68,0.667229,66.72,0,Medium,Legitimate
T104533,2023-07-08 03:26:00,29.27,0.715476,71.55,1,High,Fraud
T104534,2024-02-11 08:18:00,64.8,0.075824,7.58,0,Low,Legitimate
T104535,2023-07-17 10:16:00,70.94,0.072677,7.27,0,Low,Legitimate
T104536,2023-01-29 06:35:00,44.48,0.704055,70.41,1,High,Fraud
T104537,2023-11-11 00:32:00,76.45,0.705908,70.59,1,High,Fraud
T104538,2024-01-30 06:44:00,6.81,0.085225,8.52,0,Low,Legitimate
T104539,2023-12-18 02:52:00,7.35,0.702304,70.23,1,High,Fraud
T104540,2023-02-21 00:12:00,15.08,0.699161,69.92,1,High,Fraud
T104541,2023-11-17 23:22:00,58.4,0.071892,7.19,0,Low,Legitimate
T104542,2023-03-24 11:37:00,19.26,0.071892,7.19,0,Low,Legitimate
T104543,2024-02-12 17:17:00,26.65,0.072896,7.29,0,Low,Legitimate
T104544,2024-02-19 02:04:00,40.91,0.806436,80.64,1,High,Fraud
T104545,2023-11-26 10:55:00,133.65,0.071892,7.19,0,Low,Legitimate
T104546,2023-09-13 09:17:00,1.12,0.073692,7.37,0,Low,Legitimate
T104547,2023-09-21 04:24:00,83.84,0.70558,70.56,1,High,Fraud
T104548,2023-08-16 10:55:00,88.42,0.071892,7.19,0,Low,Legitimate
T104549,2023-06-13 07:15:00,128.22,0.075824,7.58,0,Low,Legitimate
T104550,2023-07-22 23:01:00,215.95,0.072677,7.27,0,Low,Legitimate
T104551,2023-10-06 20:43:00,1.63,0.073653,7.37,0,Low,Legitimate
T104552,2023-06-25 04:37:00,13.36,0.686296,68.63,0,Medium,Legitimate
T104553,2023-07-26 02:32:00,173.84,0.69396,69.4,1,High,Fraud
T104554,2023-03-29 15:42:00,49.08,0.071892,7.19,0,Low,Legitimate
T104555,2023-04-01 22:01:00,66.52,0.073653,7.37,0,Low,Legitimate
T104556,2024-02-06 18:58:00,87.02,0.073653,7.37,0,Low,Legitimate
T104557,2023-02-15 05:30:00,90.92,0.688505,68.85,0,Medium,Legitimate
T104558,2023-06-02 21:52:00,214.75,0.073653,7.37,0,Low,Legitimate
T104559,2023-07-23 03:23:00,463.39,0.697598,69.76,1,High,Fraud
T104560,2023-08-03 16:47:00,101.88,0.073653,7.37,0,Low,Legitimate
T104561,2023-08-05 18:00:00,27.09,0.073653,7.37,0,Low,Legitimate
T104562,2023-08-03 06:36:00,169.46,0.087978,8.8,0,Low,Legitimate
T104563,2023-12-07 21:12:00,4.04,0.073653,7.37,0,Low,Legitimate
T104564,2023-11-22 05:55:00,21.02,0.777365,77.74,1,High,Fraud
T104565,2024-02-19 05:32:00,182.14,0.854749,85.47,1,High,Fraud
T104566,2023-03-19 09:56:00,23.68,0.071892,7.19,0,Low,Legitimate
T104567,2023-05-17 02:15:00,19.94,0.738426,73.84,1,High,Fraud
T104568,2023-01-29 09:17:00,11.89,0.709851,70.99,1,High,Fraud
T104569,2023-02-03 05:13:00,156.78,0.67459,67.46,0,Medium,Legitimate
T104570,2024-01-18 08:00:00,55.46,0.075537,7.55,0,Low,Legitimate
T104571,2023-04-20 03:06:00,89.89,0.81253,81.25,1,High,Fraud
T104572,2024-02-20 23:37:00,21.86,0.072677,7.27,0,Low,Legitimate
T104573,2023-05-10 08:19:00,113.52,0.076608,7.66,0,Low,Legitimate
T104574,2023-10-30 08:31:00,114.17,0.075537,7.55,0,Low,Legitimate
T104575,2023-12-20 19:51:00,29.99,0.071892,7.19,0,Low,Legitimate
T104576,2024-02-16 03:30:00,42.3,0.665852,66.59,0,Medium,Legitimate
T104577,2023-03-31 00:14:00,18.83,0.68399,68.4,0,Medium,Legitimate
T104578,2023-02-02 16:00:00,300.27,0.073653,7.37,0,Low,Legitimate
T104579,2024-02-20 18:41:00,82.99,0.071892,7.19,0,Low,Legitimate
T104580,2023-03-17 11:02:00,218.11,0.071892,7.19,0,Low,Legitimate
T104581,2023-04-05 07:06:00,28.92,0.076608,7.66,0,Low,Legitimate
T104582,2023-02-01 03:30:00,121.82,0.85996,86.0,1,High,Fraud
T104583,2023-09-20 21:01:00,116.15,0.071892,7.19,0,Low,Legitimate
T104584,2023-10-16 06:28:00,94.12,0.085972,8.6,0,Low,Legitimate
T104585,2023-01-15 23:00:00,269.67,0.071892,7.19,0,Low,Legitimate
T104586,2024-02-17 16:59:00,40.01,0.071892,7.19,0,Low,Legitimate
T104587,2023-04-07 06:19:00,11.21,0.084683,8.47,0,Low,Legitimate
T104588,2023-08-13 00:41:00,89.11,0.704494,70.45,1,High,Fraud
T104589,2023-12-07 23:44:00,104.54,0.073653,7.37,0,Low,Legitimate
T104590,2024-02-07 01:46:00,68.46,0.711612,71.16,1,High,Fraud
T104591,2023-05-16 14:54:00,18.54,0.072677,7.27,0,Low,Legitimate
T104592,2023-05-12 22:24:00,56.17,0.072896,7.29,0,Low,Legitimate
T104593,2023-02-26 02:00:00,29.94,0.689057,68.91,0,Medium,Legitimate
T104594,2023-04-24 14:32:00,44.61,0.071892,7.19,0,Low,Legitimate
T104595,2023-05-15 18:25:00,82.9,0.071892,7.19,0,Low,Legitimate
T104596,2023-09-27 22:05:00,109.39,0.772712,77.27,1,High,Fraud
T104597,2023-04-10 12:30:00,21.14,0.073653,7.37,0,Low,Legitimate
T104598,2023-09-10 02:09:00,41.58,0.686806,68.68,0,Medium,Legitimate
T104599,2023-09-27 12:23:00,25.09,0.072677,7.27,0,Low,Legitimate
T104600,2023-07-29 06:59:00,17.71,0.085225,8.52,0,Low,Legitimate
T104601,2023-08-14 07:13:00,122.37,0.075537,7.55,0,Low,Legitimate
T104602,2023-06-17 19:13:00,191.97,0.71086,71.09,1,High,Fraud
T104603,2023-06-30 06:31:00,36.99,0.084683,8.47,0,Low,Legitimate
T104604,2023-04-05 01:55:00,111.31,0.701483,70.15,1,High,Fraud
T104605,2023-10-24 04:30:00,181.84,0.707068,70.71,1,High,Fraud
T104606,2023-10-23 00:06:00,149.73,0.687424,68.74,0,Medium,Legitimate
T104607,2024-01-29 12:21:00,16.15,0.071892,7.19,0,Low,Legitimate
T104608,2023-11-19 12:48:00,250.42,0.727353,72.74,1,High,Fraud
T104609,2023-10-30 19:09:00,37.82,0.071892,7.19,0,Low,Legitimate
T104610,2024-01-22 04:52:00,33.15,0.696089,69.61,1,High,Fraud
T104611,2023-12-13 06:29:00,5.16,0.085225,8.52,0,Low,Legitimate
T104612,2023-04-21 23:38:00,53.27,0.752547,75.25,1,High,Fraud
T104613,2023-04-28 10:02:00,9.23,0.072677,7.27,0,Low,Legitimate
T104614,2023-04-23 22:28:00,22.86,0.071892,7.19,0,Low,Legitimate
T104615,2023-07-30 17:06:00,30.49,0.870539,87.05,1,High,Fraud
T104616,2023-05-03 09:47:00,132.37,0.073653,7.37,0,Low,Legitimate
T104617,2024-01-23 12:59:00,166.67,0.072677,7.27,0,Low,Legitimate
T104618,2023-05-13 09:34:00,28.82,0.072896,7.29,0,Low,Legitimate
T104619,2024-01-20 20:49:00,156.55,0.071892,7.19,0,Low,Legitimate
T104620,2023-07-27 22:04:00,155.72,0.071892,7.19,0,Low,Legitimate
T104621,2023-09-30 12:57:00,115.73,0.071892,7.19,0,Low,Legitimate
T104622,2024-02-11 22:45:00,12.69,0.072896,7.29,0,Low,Legitimate
T104623,2023-02-19 19:51:00,93.78,0.071892,7.19,0,Low,Legitimate
T104624,2023-10-09 21:19:00,232.07,0.073653,7.37,0,Low,Legitimate
T104625,2024-01-07 11:42:00,91.79,0.074456,7.45,0,Low,Legitimate
T104626,2023-09-21 03:30:00,32.23,0.686032,68.6,0,Medium,Legitimate
T104627,2023-01-11 13:15:00,55.54,0.072896,7.29,0,Low,Legitimate
T104628,2023-08-13 12:35:00,83.01,0.712131,71.21,1,High,Fraud
T104629,2023-03-26 07:03:00,57.16,0.713534,71.35,1,High,Fraud
T104630,2023-02-13 20:00:00,10.22,0.072896,7.29,0,Low,Legitimate
T104631,2023-09-26 12:46:00,29.92,0.071892,7.19,0,Low,Legitimate
T104632,2023-03-02 03:54:00,129.72,0.70754,70.75,1,High,Fraud
T104633,2023-10-11 14:47:00,158.1,0.072896,7.29,0,Low,Legitimate
T104634,2023-05-06 10:04:00,11.82,0.073653,7.37,0,Low,Legitimate
T104635,2023-07-29 08:01:00,243.57,0.074782,7.48,0,Low,Legitimate
T104636,2023-05-19 00:18:00,31.9,0.662883,66.29,0,Medium,Legitimate
T104637,2023-07-03 02:33:00,86.85,0.701543,70.15,1,High,Fraud
T104638,2023-04-28 18:45:00,111.49,0.071892,7.19,0,Low,Legitimate
T104639,2023-03-04 01:11:00,133.68,0.684236,68.42,0,Medium,Legitimate
T104640,2023-03-25 10:18:00,233.13,0.807836,80.78,1,High,Fraud
T104641,2023-03-30 11:09:00,30.02,0.071892,7.19,0,Low,Legitimate
T104642,2024-01-10 06:57:00,156.44,0.789122,78.91,1,High,Fraud
T104643,2023-11-15 13:51:00,11.3,0.072677,7.27,0,Low,Legitimate
T104644,2023-05-30 15:33:00,97.67,0.072677,7.27,0,Low,Legitimate
T104645,2023-05-24 12:12:00,108.38,0.072677,7.27,0,Low,Legitimate
T104646,2023-02-09 00:32:00,90.59,0.724993,72.5,1,High,Fraud
T104647,2023-07-24 03:12:00,23.26,0.692348,69.23,1,High,Fraud
T104648,2023-06-25 14:30:00,165.11,0.071892,7.19,0,Low,Legitimate
T104649,2023-12-17 19:34:00,14.8,0.071892,7.19,0,Low,Legitimate
T104650,2024-01-03 00:33:00,4.41,0.674731,67.47,0,Medium,Legitimate
T104651,2023-09-23 14:45:00,101.12,0.072677,7.27,0,Low,Legitimate
T104652,2023-08-23 20:36:00,51.62,0.714909,71.49,1,High,Fraud
T104653,2023-10-09 02:31:00,151.29,0.713852,71.39,1,High,Fraud
T104654,2023-03-22 20:33:00,38.68,0.071892,7.19,0,Low,Legitimate
T104655,2023-05-10 09:13:00,14.74,0.073653,7.37,0,Low,Legitimate
T104656,2023-02-04 14:41:00,144.85,0.720907,72.09,1,High,Fraud
T104657,2023-02-11 09:27:00,63.69,0.072896,7.29,0,Low,Legitimate
T104658,2023-03-21 23:14:00,16.78,0.071892,7.19,0,Low,Legitimate
T104659,2023-08-09 20:22:00,101.95,0.073653,7.37,0,Low,Legitimate
T104660,2023-08-21 17:27:00,57.25,0.071892,7.19,0,Low,Legitimate
T104661,2024-01-23 02:25:00,74.17,0.686276,68.63,0,Medium,Legitimate
T104662,2023-10-23 11:06:00,49.43,0.071892,7.19,0,Low,Legitimate
T104663,2023-09-23 03:32:00,141.15,0.682924,68.29,0,Medium,Legitimate
T104664,2023-09-06 18:52:00,141.55,0.074456,7.45,0,Low,Legitimate
T104665,2023-03-06 20:15:00,98.86,0.074456,7.45,0,Low,Legitimate
T104666,2023-09-20 02:53:00,8.91,0.812223,81.22,1,High,Fraud
T104667,2023-12-20 13:17:00,146.04,0.071892,7.19,0,Low,Legitimate
T104668,2023-08-11 16:00:00,88.94,0.072896,7.29,0,Low,Legitimate
T104669,2023-08-28 05:54:00,95.53,0.698286,69.83,1,High,Fraud
T104670,2023-06-02 19:55:00,36.08,0.073653,7.37,0,Low,Legitimate
T104671,2023-12-25 01:10:00,169.14,0.700076,70.01,1,High,Fraud
T104672,2023-04-13 21:56:00,103.39,0.073692,7.37,0,Low,Legitimate
T104673,2023-09-17 13:15:00,9.56,0.071892,7.19,0,Low,Legitimate
T104674,2024-01-05 02:22:00,41.91,0.674395,67.44,0,Medium,Legitimate
T104675,2023-10-09 23:25:00,173.99,0.073653,7.37,0,Low,Legitimate
T104676,2023-04-20 05:34:00,3.87,0.693429,69.34,1,High,Fraud
T104677,2023-01-19 04:25:00,260.39,0.781278,78.13,1,High,Fraud
T104678,2023-09-28 21:24:00,90.95,0.071892,7.19,0,Low,Legitimate
T104679,2023-09-11 17:18:00,79.84,0.072896,7.29,0,Low,Legitimate
T104680,2024-02-06 20:31:00,25.24,0.074456,7.45,0,Low,Legitimate
T104681,2023-05-18 06:57:00,22.89,0.086287,8.63,0,Low,Legitimate
T104682,2023-10-24 13:22:00,227.87,0.726062,72.61,1,High,Fraud
T104683,2023-11-28 16:56:00,28.34,0.071892,7.19,0,Low,Legitimate
T104684,2024-02-08 01:27:00,119.51,0.711613,71.16,1,High,Fraud
T104685,2023-04-23 11:14:00,39.95,0.071892,7.19,0,Low,Legitimate
T104686,2023-08-02 07:04:00,12.0,0.076608,7.66,0,Low,Legitimate
T104687,2023-06-23 00:29:00,0.86,0.528032,52.8,0,Medium,Legitimate
T104688,2024-01-09 21:23:00,62.87,0.074456,7.45,0,Low,Legitimate
T104689,2023-10-21 19:41:00,297.64,0.071892,7.19,0,Low,Legitimate
T104690,2023-03-27 10:14:00,36.85,0.071892,7.19,0,Low,Legitimate
T104691,2023-11-26 03:52:00,35.35,0.834136,83.41,1,High,Fraud
T104692,2023-02-25 23:25:00,33.74,0.71945,71.94,1,High,Fraud
T104693,2023-03-12 16:12:00,58.81,0.072896,7.29,0,Low,Legitimate
T104694,2023-08-17 01:25:00,46.48,0.700976,70.1,1,High,Fraud
T104695,2024-02-14 21:52:00,169.56,0.071892,7.19,0,Low,Legitimate
T104696,2023-05-03 13:33:00,56.34,0.824143,82.41,1,High,Fraud
T104697,2023-11-08 03:19:00,56.7,0.830067,83.01,1,High,Fraud
T104698,2023-08-19 02:45:00,11.91,0.682754,68.28,0,Medium,Legitimate
T104699,2023-03-09 10:33:00,324.75,0.073653,7.37,0,Low,Legitimate
T104700,2023-07-30 18:11:00,23.01,0.071892,7.19,0,Low,Legitimate
T104701,2023-12-20 19:27:00,6.1,0.071892,7.19,0,Low,Legitimate
T104702,2023-11-09 12:38:00,87.05,0.073653,7.37,0,Low,Legitimate
T104703,2023-04-07 22:41:00,72.38,0.073653,7.37,0,Low,Legitimate
T104704,2023-10-21 16:23:00,42.91,0.071892,7.19,0,Low,Legitimate
T104705,2023-10-07 18:25:00,43.88,0.073653,7.37,0,Low,Legitimate
T104706,2023-02-06 09:04:00,122.99,0.073653,7.37,0,Low,Legitimate
T104707,2023-04-02 02:32:00,17.42,0.684414,68.44,0,Medium,Legitimate
T104708,2023-01-22 23:32:00,137.3,0.705633,70.56,1,High,Fraud
T104709,2023-03-05 18:05:00,83.7,0.073653,7.37,0,Low,Legitimate
T104710,2023-09-29 23:13:00,43.44,0.678454,67.85,0,Medium,Legitimate
T104711,2023-07-05 21:05:00,49.0,0.073653,7.37,0,Low,Legitimate
T104712,2023-09-05 03:47:00,23.73,0.706539,70.65,1,High,Fraud
T104713,2023-09-06 03:13:00,111.58,0.698304,69.83,1,High,Fraud
T104714,2023-06-22 08:00:00,57.54,0.074782,7.48,0,Low,Legitimate
T104715,2023-05-07 19:33:00,30.95,0.707462,70.75,1,High,Fraud
T104716,2023-04-06 03:22:00,72.52,0.714528,71.45,1,High,Fraud
T104717,2023-09-07 01:16:00,436.57,0.705599,70.56,1,High,Fraud
T104718,2023-07-08 06:12:00,45.71,0.087685,8.77,0,Low,Legitimate
T104719,2023-09-01 17:41:00,202.75,0.073653,7.37,0,Low,Legitimate
T104720,2024-02-07 22:26:00,33.85,0.073653,7.37,0,Low,Legitimate
T104721,2023-07-22 15:47:00,4.5,0.071892,7.19,0,Low,Legitimate
T104722,2023-10-06 17:20:00,18.28,0.073653,7.37,0,Low,Legitimate
T104723,2024-01-24 04:30:00,43.4,0.681262,68.13,0,Medium,Legitimate
T104724,2023-05-04 06:51:00,19.84,0.81938,81.94,1,High,Fraud
T104725,2023-08-15 23:11:00,0.02,0.071892,7.19,0,Low,Legitimate
T104726,2023-07-26 00:25:00,197.21,0.702582,70.26,1,High,Fraud
T104727,2024-01-24 13:23:00,148.57,0.071892,7.19,0,Low,Legitimate
T104728,2023-11-19 03:49:00,108.47,0.696635,69.66,1,High,Fraud
T104729,2024-01-31 14:54:00,14.7,0.072677,7.27,0,Low,Legitimate
T104730,2023-09-10 00:37:00,10.26,0.692821,69.28,1,High,Fraud
T104731,2023-05-22 13:27:00,5.6,0.724625,72.46,1,High,Fraud
T104732,2023-11-24 15:03:00,103.0,0.072677,7.27,0,Low,Legitimate
T104733,2023-08-27 13:27:00,211.39,0.071892,7.19,0,Low,Legitimate
T104734,2023-01-01 11:41:00,45.04,0.073653,7.37,0,Low,Legitimate
T104735,2023-05-03 00:19:00,10.15,0.695861,69.59,1,High,Fraud
T104736,2024-02-14 19:10:00,57.46,0.071892,7.19,0,Low,Legitimate
T104737,2023-06-02 03:45:00,34.32,0.660795,66.08,0,Medium,Legitimate
T104738,2023-04-04 06:52:00,37.58,0.085225,8.52,0,Low,Legitimate
T104739,2023-09-02 18:59:00,77.69,0.074456,7.45,0,Low,Legitimate
T104740,2023-12-01 21:32:00,101.47,0.756711,75.67,1,High,Fraud
T104741,2023-12-29 01:48:00,9.38,0.648356,64.84,0,Medium,Legitimate
T104742,2023-09-04 08:35:00,2.9,0.659468,65.95,0,Medium,Legitimate
T104743,2023-04-16 21:54:00,413.81,0.071892,7.19,0,Low,Legitimate
T104744,2023-06-19 12:26:00,21.19,0.071892,7.19,0,Low,Legitimate
T104745,2023-08-23 11:48:00,4.43,0.071892,7.19,0,Low,Legitimate
T104746,2023-03-19 09:32:00,16.85,0.071892,7.19,0,Low,Legitimate
T104747,2024-02-09 01:08:00,3.18,0.623498,62.35,0,Medium,Legitimate
T104748,2023-07-16 16:21:00,39.78,0.071892,7.19,0,Low,Legitimate
T104749,2023-07-24 10:21:00,129.72,0.071892,7.19,0,Low,Legitimate
T104750,2023-01-23 02:47:00,33.39,0.676292,67.63,0,Medium,Legitimate
T104751,2023-05-02 10:23:00,46.99,0.822918,82.29,1,High,Fraud
T104752,2023-02-05 10:55:00,90.06,0.073653,7.37,0,Low,Legitimate
T104753,2023-05-14 05:54:00,56.89,0.811212,81.12,1,High,Fraud
T104754,2023-12-26 01:29:00,158.12,0.69704,69.7,1,High,Fraud
T104755,2023-02-02 11:19:00,160.81,0.073653,7.37,0,Low,Legitimate
T104756,2023-12-01 16:07:00,0.8,0.073653,7.37,0,Low,Legitimate
T104757,2024-02-18 08:18:00,120.42,0.074782,7.48,0,Low,Legitimate
T104758,2023-07-15 16:11:00,49.4,0.715721,71.57,1,High,Fraud
T104759,2023-02-03 14:36:00,359.64,0.074456,7.45,0,Low,Legitimate
T104760,2023-05-13 13:58:00,52.81,0.072896,7.29,0,Low,Legitimate
T104761,2023-08-19 03:46:00,346.79,0.77154,77.15,1,High,Fraud
T104762,2023-08-13 23:45:00,112.38,0.072896,7.29,0,Low,Legitimate
T104763,2023-03-31 20:40:00,22.87,0.071892,7.19,0,Low,Legitimate
T104764,2023-03-22 08:44:00,61.84,0.074782,7.48,0,Low,Legitimate
T104765,2023-04-25 04:15:00,387.63,0.727897,72.79,1,High,Fraud
T104766,2023-10-03 17:29:00,155.89,0.073653,7.37,0,Low,Legitimate
T104767,2023-06-10 17:44:00,8.2,0.073653,7.37,0,Low,Legitimate
T104768,2023-07-11 01:05:00,98.04,0.70194,70.19,1,High,Fraud
T104769,2023-05-24 03:21:00,33.92,0.691349,69.13,1,High,Fraud
T104770,2023-04-21 06:03:00,0.56,0.084683,8.47,0,Low,Legitimate
T104771,2023-05-25 14:22:00,41.33,0.072677,7.27,0,Low,Legitimate
T104772,2023-09-06 05:15:00,21.4,0.692677,69.27,1,High,Fraud
T104773,2023-06-06 12:59:00,136.68,0.074456,7.45,0,Low,Legitimate
T104774,2023-09-14 19:24:00,32.92,0.072677,7.27,0,Low,Legitimate
T104775,2023-01-12 08:33:00,140.6,0.076649,7.66,0,Low,Legitimate
T104776,2023-08-18 06:49:00,0.05,0.084683,8.47,0,Low,Legitimate
T104777,2023-06-09 23:18:00,29.43,0.073653,7.37,0,Low,Legitimate
T104778,2023-12-28 00:55:00,22.08,0.690846,69.08,1,High,Fraud
T104779,2023-02-18 05:56:00,21.28,0.83849,83.85,1,High,Fraud
T104780,2023-09-10 04:54:00,5.65,0.790523,79.05,1,High,Fraud
T104781,2023-08-03 12:57:00,16.57,0.074456,7.45,0,Low,Legitimate
T104782,2023-02-26 03:06:00,64.87,0.689367,68.94,0,Medium,Legitimate
T104783,2023-02-15 14:47:00,27.55,0.071892,7.19,0,Low,Legitimate
T104784,2023-08-17 10:03:00,43.22,0.071892,7.19,0,Low,Legitimate
T104785,2024-01-12 05:34:00,37.84,0.663196,66.32,0,Medium,Legitimate
T104786,2023-12-11 04:23:00,166.94,0.705482,70.55,1,High,Fraud
T104787,2023-02-20 00:57:00,188.56,0.709914,70.99,1,High,Fraud
T104788,2023-11-01 23:02:00,54.33,0.073653,7.37,0,Low,Legitimate
T104789,2023-09-02 03:36:00,32.06,0.707672,70.77,1,High,Fraud
T104790,2023-06-23 17:52:00,9.04,0.071892,7.19,0,Low,Legitimate
T104791,2023-08-07 07:07:00,245.3,0.719669,71.97,1,High,Fraud
T104792,2023-06-13 16:30:00,4.97,0.722988,72.3,1,High,Fraud
T104793,2023-09-25 04:01:00,28.27,0.66358,66.36,0,Medium,Legitimate
T104794,2023-03-24 14:24:00,28.31,0.071892,7.19,0,Low,Legitimate
T104795,2023-03-15 19:17:00,30.9,0.071892,7.19,0,Low,Legitimate
T104796,2023-01-06 14:09:00,14.36,0.073653,7.37,0,Low,Legitimate
T104797,2023-03-12 20:20:00,122.29,0.072896,7.29,0,Low,Legitimate
T104798,2023-04-19 07:29:00,10.45,0.074782,7.48,0,Low,Legitimate
T104799,2023-04-10 13:43:00,80.61,0.073653,7.37,0,Low,Legitimate
T104800,2024-01-30 06:23:00,10.58,0.086143,8.61,0,Low,Legitimate
T104801,2023-06-26 05:57:00,5.85,0.667539,66.75,0,Medium,Legitimate
T104802,2023-05-04 11:05:00,192.13,0.073653,7.37,0,Low,Legitimate
T104803,2023-07-02 00:06:00,16.87,0.69548,69.55,1,High,Fraud
T104804,2023-10-27 13:23:00,137.74,0.071892,7.19,0,Low,Legitimate
T104805,2023-11-30 12:24:00,62.93,0.071892,7.19,0,Low,Legitimate
T104806,2023-05-02 06:27:00,6.48,0.72745,72.75,1,High,Fraud
T104807,2024-01-23 21:30:00,248.89,0.072677,7.27,0,Low,Legitimate
T104808,2023-12-01 13:03:00,22.69,0.073653,7.37,0,Low,Legitimate
T104809,2024-02-08 10:40:00,157.09,0.073653,7.37,0,Low,Legitimate
T104810,2023-06-21 15:17:00,14.79,0.071892,7.19,0,Low,Legitimate
T104811,2023-06-29 20:39:00,153.9,0.071892,7.19,0,Low,Legitimate
T104812,2023-06-30 04:48:00,1.07,0.532317,53.23,0,Medium,Legitimate
T104813,2023-05-22 06:01:00,57.36,0.086897,8.69,0,Low,Legitimate
T104814,2023-01-16 00:46:00,117.38,0.695704,69.57,1,High,Fraud
T104815,2023-02-02 19:35:00,218.42,0.073653,7.37,0,Low,Legitimate
T104816,2023-06-01 08:13:00,191.93,0.076608,7.66,0,Low,Legitimate
T104817,2023-08-08 09:54:00,137.02,0.073653,7.37,0,Low,Legitimate
T104818,2023-06-10 10:03:00,175.28,0.073653,7.37,0,Low,Legitimate
T104819,2023-08-09 16:03:00,17.77,0.074456,7.45,0,Low,Legitimate
T104820,2023-03-05 10:12:00,26.75,0.074456,7.45,0,Low,Legitimate
T104821,2023-10-11 06:41:00,27.28,0.086143,8.61,0,Low,Legitimate
T104822,2023-09-14 08:06:00,37.86,0.074782,7.48,0,Low,Legitimate
T104823,2023-07-12 21:24:00,39.98,0.072896,7.29,0,Low,Legitimate
T104824,2024-01-06 04:46:00,62.92,0.705952,70.6,1,High,Fraud
T104825,2023-07-09 11:42:00,13.94,0.073653,7.37,0,Low,Legitimate
T104826,2023-09-24 08:30:00,94.02,0.706418,70.64,1,High,Fraud
T104827,2023-01-16 16:28:00,14.67,0.071892,7.19,0,Low,Legitimate
T104828,2023-02-12 12:20:00,29.72,0.072896,7.29,0,Low,Legitimate
T104829,2023-07-06 17:50:00,55.99,0.073653,7.37,0,Low,Legitimate
T104830,2023-09-03 06:20:00,127.34,0.087512,8.75,0,Low,Legitimate
T104831,2023-02-03 08:35:00,107.6,0.07738,7.74,0,Low,Legitimate
T104832,2023-10-11 06:44:00,82.97,0.088942,8.89,0,Low,Legitimate
T104833,2023-03-05 21:27:00,13.55,0.073653,7.37,0,Low,Legitimate
T104834,2023-01-29 13:37:00,63.36,0.071892,7.19,0,Low,Legitimate
T104835,2023-11-28 02:43:00,7.32,0.664374,66.44,0,Medium,Legitimate
T104836,2023-01-22 13:34:00,37.9,0.071892,7.19,0,Low,Legitimate
T104837,2023-07-25 01:06:00,42.69,0.689658,68.97,0,Medium,Legitimate
T104838,2023-12-17 01:01:00,3.25,0.645518,64.55,0,Medium,Legitimate
T104839,2023-08-13 14:27:00,25.62,0.073692,7.37,0,Low,Legitimate
T104840,2023-08-01 08:59:00,249.25,0.725208,72.52,1,High,Fraud
T104841,2023-08-09 17:14:00,245.69,0.073653,7.37,0,Low,Legitimate
T104842,2023-11-02 04:24:00,34.75,0.702226,70.22,1,High,Fraud
T104843,2023-06-23 07:06:00,3.52,0.074782,7.48,0,Low,Legitimate
T104844,2023-07-19 15:43:00,15.79,0.071892,7.19,0,Low,Legitimate
T104845,2023-10-30 18:38:00,39.84,0.071892,7.19,0,Low,Legitimate
T104846,2024-02-08 09:11:00,236.18,0.073653,7.37,0,Low,Legitimate
T104847,2024-02-05 04:52:00,12.18,0.854335,85.43,1,High,Fraud
T104848,2023-08-03 16:22:00,115.35,0.074456,7.45,0,Low,Legitimate
T104849,2023-05-09 21:21:00,9.2,0.073653,7.37,0,Low,Legitimate
T104850,2023-03-24 06:50:00,318.16,0.78248,78.25,1,High,Fraud
T104851,2023-06-05 21:16:00,38.45,0.815742,81.57,1,High,Fraud
T104852,2023-03-02 06:26:00,119.42,0.087978,8.8,0,Low,Legitimate
T104853,2023-02-01 20:35:00,33.56,0.821654,82.17,1,High,Fraud
T104854,2024-01-13 05:17:00,79.04,0.697447,69.74,1,High,Fraud
T104855,2023-02-05 14:37:00,17.06,0.073653,7.37,0,Low,Legitimate
T104856,2023-11-21 21:24:00,12.63,0.791247,79.12,1,High,Fraud
T104857,2023-05-29 18:45:00,222.53,0.071892,7.19,0,Low,Legitimate
T104858,2023-01-29 03:12:00,199.74,0.694586,69.46,1,High,Fraud
T104859,2024-01-13 17:32:00,174.76,0.072896,7.29,0,Low,Legitimate
T104860,2023-01-21 15:40:00,78.56,0.071892,7.19,0,Low,Legitimate
T104861,2023-01-27 06:57:00,132.13,0.703831,70.38,1,High,Fraud
T104862,2023-12-31 21:34:00,5.72,0.071892,7.19,0,Low,Legitimate
T104863,2023-11-11 12:04:00,32.61,0.072896,7.29,0,Low,Legitimate
T104864,2023-05-18 07:49:00,30.12,0.074782,7.48,0,Low,Legitimate
T104865,2024-02-13 14:26:00,80.77,0.712945,71.29,1,High,Fraud
T104866,2023-08-12 23:02:00,35.2,0.073692,7.37,0,Low,Legitimate
T104867,2023-02-20 05:10:00,12.86,0.696118,69.61,1,High,Fraud
T104868,2023-06-09 23:45:00,72.6,0.073653,7.37,0,Low,Legitimate
T104869,2023-06-27 23:47:00,134.73,0.071892,7.19,0,Low,Legitimate
T104870,2023-11-29 07:02:00,38.52,0.074782,7.48,0,Low,Legitimate
T104871,2023-11-10 22:36:00,11.35,0.073653,7.37,0,Low,Legitimate
T104872,2023-02-07 02:16:00,17.52,0.778991,77.9,1,High,Fraud
T104873,2023-12-21 18:32:00,21.69,0.071892,7.19,0,Low,Legitimate
T104874,2023-03-31 09:23:00,28.52,0.071892,7.19,0,Low,Legitimate
T104875,2023-12-22 06:39:00,82.36,0.763597,76.36,1,High,Fraud
T104876,2023-05-12 03:50:00,73.49,0.657772,65.78,0,Medium,Legitimate
T104877,2023-09-19 07:00:00,95.28,0.075537,7.55,0,Low,Legitimate
T104878,2023-08-17 02:06:00,36.02,0.69802,69.8,1,High,Fraud
T104879,2023-08-11 21:59:00,138.98,0.073692,7.37,0,Low,Legitimate
T104880,2023-12-11 08:49:00,18.26,0.076649,7.66,0,Low,Legitimate
T104881,2023-05-29 17:49:00,50.65,0.072677,7.27,0,Low,Legitimate
T104882,2024-02-18 21:44:00,129.13,0.071892,7.19,0,Low,Legitimate
T104883,2023-08-10 07:27:00,15.89,0.713487,71.35,1,High,Fraud
T104884,2023-05-20 14:24:00,9.31,0.072677,7.27,0,Low,Legitimate
T104885,2023-05-31 07:43:00,172.12,0.853301,85.33,1,High,Fraud
T104886,2023-12-10 04:28:00,33.6,0.703538,70.35,1,High,Fraud
T104887,2023-10-07 15:48:00,92.13,0.073653,7.37,0,Low,Legitimate
T104888,2023-01-25 11:51:00,2.05,0.071892,7.19,0,Low,Legitimate
T104889,2023-03-23 09:06:00,93.71,0.071892,7.19,0,Low,Legitimate
T104890,2023-03-06 00:42:00,30.4,0.70753,70.75,1,High,Fraud
T104891,2023-07-02 14:51:00,4.59,0.073653,7.37,0,Low,Legitimate
T104892,2023-01-30 05:35:00,75.29,0.696426,69.64,1,High,Fraud
T104893,2023-09-26 23:13:00,22.04,0.072677,7.27,0,Low,Legitimate
T104894,2023-03-02 01:09:00,39.13,0.700644,70.06,1,High,Fraud
T104895,2023-06-05 18:24:00,6.72,0.717857,71.79,1,High,Fraud
T104896,2023-06-05 11:15:00,12.73,0.073653,7.37,0,Low,Legitimate
T104897,2023-10-30 05:29:00,28.3,0.683678,68.37,0,Medium,Legitimate
T104898,2023-10-23 10:24:00,7.52,0.071892,7.19,0,Low,Legitimate
T104899,2024-02-10 13:06:00,193.37,0.719164,71.92,1,High,Fraud
T104900,2024-01-01 17:26:00,0.49,0.745939,74.59,1,High,Fraud
T104901,2023-01-10 00:38:00,52.91,0.819532,81.95,1,High,Fraud
T104902,2023-02-22 15:17:00,10.52,0.071892,7.19,0,Low,Legitimate
T104903,2023-04-24 05:09:00,29.42,0.677553,67.76,0,Medium,Legitimate
T104904,2023-04-15 17:32:00,208.36,0.071892,7.19,0,Low,Legitimate
T104905,2024-01-18 09:44:00,14.11,0.071892,7.19,0,Low,Legitimate
T104906,2023-03-27 18:37:00,270.12,0.071892,7.19,0,Low,Legitimate
T104907,2023-05-01 02:51:00,18.43,0.714467,71.45,1,High,Fraud
T104908,2024-02-06 15:41:00,108.25,0.074456,7.45,0,Low,Legitimate
T104909,2023-08-15 14:23:00,63.29,0.071892,7.19,0,Low,Legitimate
T104910,2023-08-15 14:20:00,172.66,0.071892,7.19,0,Low,Legitimate
T104911,2023-08-09 22:33:00,64.59,0.074456,7.45,0,Low,Legitimate
T104912,2023-05-17 00:31:00,61.18,0.692631,69.26,1,High,Fraud
T104913,2023-12-27 08:20:00,17.4,0.074782,7.48,0,Low,Legitimate
T104914,2023-12-12 22:54:00,14.54,0.072896,7.29,0,Low,Legitimate
T104915,2023-04-13 11:31:00,198.62,0.712335,71.23,1,High,Fraud
T104916,2023-12-17 00:06:00,31.78,0.692637,69.26,1,High,Fraud
T104917,2023-03-01 13:17:00,37.23,0.073653,7.37,0,Low,Legitimate
T104918,2023-12-18 14:16:00,114.11,0.071892,7.19,0,Low,Legitimate
T104919,2023-07-22 15:38:00,33.1,0.072677,7.27,0,Low,Legitimate
T104920,2023-04-13 20:01:00,243.03,0.073692,7.37,0,Low,Legitimate
T104921,2024-02-20 01:37:00,107.13,0.692584,69.26,1,High,Fraud
T104922,2023-07-17 17:31:00,72.79,0.071892,7.19,0,Low,Legitimate
T104923,2023-04-18 23:14:00,170.22,0.071892,7.19,0,Low,Legitimate
T104924,2023-07-27 04:04:00,4.07,0.65215,65.22,0,Medium,Legitimate
T104925,2023-12-26 04:08:00,23.77,0.708188,70.82,1,High,Fraud
T104926,2023-12-11 09:52:00,50.04,0.719508,71.95,1,High,Fraud
T104927,2023-04-02 06:00:00,20.6,0.739501,73.95,1,High,Fraud
T104928,2023-06-08 01:04:00,108.98,0.69563,69.56,1,High,Fraud
T104929,2023-02-10 18:14:00,201.27,0.073653,7.37,0,Low,Legitimate
T104930,2023-08-03 22:27:00,44.1,0.073653,7.37,0,Low,Legitimate
T104931,2023-05-27 01:01:00,33.5,0.693528,69.35,1,High,Fraud
T104932,2023-12-20 18:39:00,260.67,0.071892,7.19,0,Low,Legitimate
T104933,2024-02-08 22:23:00,47.08,0.073653,7.37,0,Low,Legitimate
T104934,2023-10-25 17:16:00,53.72,0.071892,7.19,0,Low,Legitimate
T104935,2023-06-10 05:16:00,34.67,0.676744,67.67,0,Medium,Legitimate
T104936,2023-11-06 08:17:00,192.24,0.076608,7.66,0,Low,Legitimate
T104937,2023-09-11 09:21:00,67.32,0.072896,7.29,0,Low,Legitimate
T104938,2023-05-30 19:05:00,114.9,0.071892,7.19,0,Low,Legitimate
T104939,2023-01-07 17:04:00,133.62,0.074456,7.45,0,Low,Legitimate
T104940,2023-04-05 04:44:00,33.47,0.729977,73.0,1,High,Fraud
T104941,2023-07-30 13:12:00,45.49,0.071892,7.19,0,Low,Legitimate
T104942,2024-01-20 06:29:00,150.96,0.085972,8.6,0,Low,Legitimate
T104943,2023-10-19 03:47:00,36.11,0.698635,69.86,1,High,Fraud
T104944,2023-05-21 05:09:00,126.37,0.69275,69.27,1,High,Fraud
T104945,2023-07-18 05:58:00,226.41,0.722763,72.28,1,High,Fraud
T104946,2023-06-02 03:41:00,78.09,0.666058,66.61,0,Medium,Legitimate
T104947,2023-06-14 18:28:00,108.27,0.071892,7.19,0,Low,Legitimate
T104948,2023-11-18 08:12:00,130.82,0.074782,7.48,0,Low,Legitimate
T104949,2024-01-31 17:53:00,149.17,0.071892,7.19,0,Low,Legitimate
T104950,2023-07-08 19:57:00,40.21,0.073653,7.37,0,Low,Legitimate
T104951,2023-10-25 13:40:00,4.21,0.072677,7.27,0,Low,Legitimate
T104952,2023-03-12 15:07:00,41.12,0.072896,7.29,0,Low,Legitimate
T104953,2023-04-30 08:12:00,89.61,0.074782,7.48,0,Low,Legitimate
T104954,2023-05-22 10:17:00,47.88,0.716387,71.64,1,High,Fraud
T104955,2023-11-26 15:41:00,110.57,0.071892,7.19,0,Low,Legitimate
T104956,2023-10-05 06:11:00,35.33,0.087215,8.72,0,Low,Legitimate
T104957,2023-01-04 18:11:00,80.57,0.073653,7.37,0,Low,Legitimate
T104958,2023-05-19 18:12:00,16.5,0.071892,7.19,0,Low,Legitimate
T104959,2023-09-22 20:54:00,110.7,0.071892,7.19,0,Low,Legitimate
T104960,2023-09-12 09:35:00,63.12,0.072896,7.29,0,Low,Legitimate
T104961,2023-09-25 15:28:00,18.26,0.072677,7.27,0,Low,Legitimate
T104962,2023-08-13 01:38:00,27.61,0.843751,84.38,1,High,Fraud
T104963,2023-08-08 13:48:00,110.46,0.074456,7.45,0,Low,Legitimate
T104964,2023-10-06 15:03:00,52.72,0.71823,71.82,1,High,Fraud
T104965,2024-02-11 20:45:00,19.47,0.072896,7.29,0,Low,Legitimate
T104966,2023-02-08 20:31:00,273.56,0.073653,7.37,0,Low,Legitimate
T104967,2023-02-06 09:47:00,100.46,0.073653,7.37,0,Low,Legitimate
T104968,2023-03-09 18:34:00,251.98,0.073653,7.37,0,Low,Legitimate
T104969,2023-09-06 22:30:00,44.56,0.073653,7.37,0,Low,Legitimate
T104970,2023-10-21 03:38:00,51.56,0.677982,67.8,0,Medium,Legitimate
T104971,2023-03-07 16:14:00,182.59,0.073653,7.37,0,Low,Legitimate
T104972,2023-12-15 02:49:00,59.56,0.643054,64.31,0,Medium,Legitimate
T104973,2023-05-29 01:16:00,98.28,0.687391,68.74,0,Medium,Legitimate
T104974,2023-02-22 10:34:00,23.25,0.071892,7.19,0,Low,Legitimate
T104975,2023-04-22 19:20:00,47.35,0.072677,7.27,0,Low,Legitimate
T104976,2023-01-15 17:31:00,10.54,0.071892,7.19,0,Low,Legitimate
T104977,2024-02-10 23:57:00,18.45,0.073653,7.37,0,Low,Legitimate
T104978,2023-04-26 16:25:00,0.08,0.071892,7.19,0,Low,Legitimate
T104979,2023-03-10 06:14:00,3.2,0.083695,8.37,0,Low,Legitimate
T104980,2024-01-24 21:54:00,302.77,0.071892,7.19,0,Low,Legitimate
T104981,2023-02-25 03:52:00,22.2,0.681165,68.12,0,Medium,Legitimate
T104982,2023-11-03 13:14:00,87.09,0.074456,7.45,0,Low,Legitimate
T104983,2023-06-27 03:59:00,146.16,0.690046,69.0,1,High,Fraud
T104984,2023-03-01 23:28:00,64.0,0.073653,7.37,0,Low,Legitimate
T104985,2023-01-02 14:09:00,13.3,0.733452,73.35,1,High,Fraud
T104986,2024-01-05 16:43:00,104.19,0.073653,7.37,0,Low,Legitimate
T104987,2023-05-10 13:31:00,73.35,0.073653,7.37,0,Low,Legitimate
T104988,2023-01-21 03:31:00,105.12,0.691086,69.11,1,High,Fraud
T104989,2023-06-26 09:28:00,117.49,0.071892,7.19,0,Low,Legitimate
T104990,2023-02-10 06:19:00,296.43,0.08534,8.53,0,Low,Legitimate
T104991,2023-09-18 21:49:00,68.18,0.713387,71.34,1,High,Fraud
T104992,2023-12-22 08:56:00,33.44,0.074782,7.48,0,Low,Legitimate
T104993,2023-04-09 05:06:00,83.64,0.804034,80.4,1,High,Fraud
T104994,2023-04-08 18:30:00,5.67,0.073653,7.37,0,Low,Legitimate
T104995,2023-08-01 21:20:00,182.15,0.073653,7.37,0,Low,Legitimate
T104996,2024-01-14 16:42:00,10.17,0.071892,7.19,0,Low,Legitimate
T104997,2023-01-09 22:14:00,31.78,0.727909,72.79,1,High,Fraud
T104998,2023-08-18 17:15:00,135.31,0.071892,7.19,0,Low,Legitimate
T104999,2023-09-07 21:20:00,72.77,0.073653,7.37,0,Low,Legitimate
